item_id,image_filename,title_zh,title_en,sample_stratum_label,source_site_hint,source_page_url,image_file_url,github_image_url,license_status,attribution,notes,source_collection_url,exact_url_status,exact_url_confidence,exact_url_notes
45a7366dd41a,images_raw/45a7366dd41a.jpg,转化,Transformation,惊奇,artmajeur.com,,,https://github.com/hmer-boop/multistage-affect/blob/main/data/release_subset/images/artmajeur/45a7366dd41a.jpg,unknown,Jeremie Camus,Exact title/filename match in local source folders; exact work-page URL and license still require verification.,https://www.artmajeur.com/jeremie-camus?view=grid&collections%5B%5D=2238868,blocked_or_dynamic_manual_check_needed,,Artmajeur pages returned Cloudflare/browser challenge during command-line access; exact work URL requires manual browser verification.
280f3c27a098,images_raw/280f3c27a098.jpg,鱼生 #3,Fish Life #3,恐惧,artmajeur.com,,,https://github.com/hmer-boop/multistage-affect/blob/main/data/release_subset/images/artmajeur/280f3c27a098.jpg,unknown,Igor Shulman,Exact title/filename match in local source folders; exact work-page URL and license still require verification.,https://www.artmajeur.com/igor-shulman?view=grid&collections%5B%5D=1286191,blocked_or_dynamic_manual_check_needed,,Artmajeur pages returned Cloudflare/browser challenge during command-line access; exact work URL requires manual browser verification.
0d5166aa8c12,images_raw/0d5166aa8c12.jpg,奇妙之旅,Wonderful Journey,恐惧,artmajeur.com,,,https://github.com/hmer-boop/multistage-affect/blob/main/data/release_subset/images/artmajeur/0d5166aa8c12.jpg,unknown,Picrate,Exact title/filename match in local source folders; exact work-page URL and license still require verification.,https://www.artmajeur.com/picrate?view=grid&collections%5B%5D=1775407,blocked_or_dynamic_manual_check_needed,,Artmajeur pages returned Cloudflare/browser challenge during command-line access; exact work URL requires manual browser verification.
70c32c033765,images_raw/70c32c033765.jpg,火星的征服,Conquest of Mars,厌恶,artmajeur.com,,,https://github.com/hmer-boop/multistage-affect/blob/main/data/release_subset/images/artmajeur/70c32c033765.jpg,unknown,Dags Vidulejs,Exact title/filename match in local source folders; exact work-page URL and license still require verification.,https://www.artmajeur.com/dags-vidulejs?view=grid&collections%5B%5D=2194390,blocked_or_dynamic_manual_check_needed,,Artmajeur pages returned Cloudflare/browser challenge during command-line access; exact work URL requires manual browser verification.
1032c94dc26c,images_raw/1032c94dc26c.jpg,怒猫,Furious Cat,愤怒,artist.artron.net,,,,unknown,苏大朝,Exact title/filename match in local source folders; exact work-page URL and license still require verification.,https://artist.artron.net/artists23462/sale-0-0-0-1-1/,multiple_exact_work_url_candidates,needs_manual_review,Multiple work links matched title on source collection page; verify exact image visually.
d8eec78542df,images_raw/d8eec78542df.jpg,无人驾驶,Driverless,惊奇,tiexin.artron.net,,,,unknown,铁心,Exact title/filename match in local source folders; exact work-page URL and license still require verification. local_title_source_inference: source attribution checked against add pic folder names and title translation caches; not a redistribution license.,https://tiexin.artron.net/,no_work_url_match_on_collection_pages,,No matching work title found in crawled collection pages. Local add-pic folder confirms title-to-artist/source attribution; exact work-page URL remains unverified.
900aa74ff476,images_raw/900aa74ff476.jpg,《荷塘追梦系列之二》,Pursuing Dreams in the Lotus Pond Series No. 2,惊奇,tiexin.artron.net,,,,unknown,铁心,Exact title/filename match in local source folders; exact work-page URL and license still require verification. local_title_source_inference: source attribution checked against add pic folder names and title translation caches; not a redistribution license.,https://tiexin.artron.net/,no_work_url_match_on_collection_pages,,No matching work title found in crawled collection pages. Local add-pic folder confirms title-to-artist/source attribution; exact work-page URL remains unverified.
ec9727dc1caf,images_raw/ec9727dc1caf.jpg,乡村清晨,Country Morning,悲伤,artmajeur.com,,,https://github.com/hmer-boop/multistage-affect/blob/main/data/release_subset/images/artmajeur/ec9727dc1caf.jpg,unknown,Nga Tran,Exact title/filename match in local source folders; exact work-page URL and license still require verification.,https://www.artmajeur.com/nga-tran?view=grid&collections%5B%5D=2287606,blocked_or_dynamic_manual_check_needed,,Artmajeur pages returned Cloudflare/browser challenge during command-line access; exact work URL requires manual browser verification.
ffd8d1668aa7,images_raw/ffd8d1668aa7.jpg,黎明的金色,Golden Dawn,快乐,artmajeur.com,,,https://github.com/hmer-boop/multistage-affect/blob/main/data/release_subset/images/artmajeur/ffd8d1668aa7.jpg,unknown,Jean-Humbert Savoldelli,Exact title/filename match in local source folders; exact work-page URL and license still require verification.,https://www.artmajeur.com/jean-humbert-savoldelli?view=grid&collections%5B%5D=1607818,blocked_or_dynamic_manual_check_needed,,Artmajeur pages returned Cloudflare/browser challenge during command-line access; exact work URL requires manual browser verification.
49d08e279c77,images_raw/49d08e279c77.jpg,时间的联合,L'Unione dei tempi,惊奇,artmajeur.com,,,https://github.com/hmer-boop/multistage-affect/blob/main/data/release_subset/images/artmajeur/49d08e279c77.jpg,unknown,Elisa De Montis,Exact title/filename match in local source folders; exact work-page URL and license still require verification.,https://www.artmajeur.com/elisa-de-montis?view=grid&collections%5B%5D=2450866,blocked_or_dynamic_manual_check_needed,,Artmajeur pages returned Cloudflare/browser challenge during command-line access; exact work URL requires manual browser verification.
01d0c51f3d96,images_raw/01d0c51f3d96.jpg,山谷中的沉睡者,Sleeper in the Valley,厌恶,artmajeur.com,,,https://github.com/hmer-boop/multistage-affect/blob/main/data/release_subset/images/artmajeur/01d0c51f3d96.jpg,unknown,Jean-Humbert Savoldelli,Exact title/filename match in local source folders; exact work-page URL and license still require verification.,https://www.artmajeur.com/jean-humbert-savoldelli?view=grid&collections%5B%5D=1607818,blocked_or_dynamic_manual_check_needed,,Artmajeur pages returned Cloudflare/browser challenge during command-line access; exact work URL requires manual browser verification.
4922f64f7b32,images_raw/4922f64f7b32.jpg,相信自己的直觉,Trust Your Instincts,敬畏,artmajeur.com,,,https://github.com/hmer-boop/multistage-affect/blob/main/data/release_subset/images/artmajeur/4922f64f7b32.jpg,unknown,Picrate,Exact title/filename match in local source folders; exact work-page URL and license still require verification.,https://www.artmajeur.com/picrate?view=grid&collections%5B%5D=1775407,blocked_or_dynamic_manual_check_needed,,Artmajeur pages returned Cloudflare/browser challenge during command-line access; exact work URL requires manual browser verification.
9e8f13c0ad90,images_raw/9e8f13c0ad90.jpg,废都,The Abandoned Capital,悲伤,guanpuxue.artron.net,,,,unknown,管朴学,Exact title/filename match in local source folders; exact work-page URL and license still require verification. local_title_source_inference: source attribution checked against add pic folder names and title translation caches; not a redistribution license.,https://guanpuxue.artron.net/,no_work_url_match_on_collection_pages,,No matching work title found in crawled collection pages. Local add-pic folder confirms title-to-artist/source attribution; exact work-page URL remains unverified.
7a495437dea8,images_raw/7a495437dea8.jpg,《苹果与马》,Apples and Horses,愤怒,artist.artron.net,https://artist.artron.net/artists23471/2-385359.html#w,,,unknown,尘三,Exact title/filename match in local source folders; exact work-page URL and license still require verification.,https://artist.artron.net/artists23471/sale-0-0-0-7-1/,exact_work_url_candidate,title_match_on_source_collection_page,Matched collection-page work title: 《苹果与马》《量子坚白论》
438b3376f646,images_raw/438b3376f646.jpg,双生影,Doppelgänger,愤怒,artmajeur.com,,,https://github.com/hmer-boop/multistage-affect/blob/main/data/release_subset/images/artmajeur/438b3376f646.jpg,unknown,Annabelle Amory,Exact title/filename match in local source folders; exact work-page URL and license still require verification.,https://www.artmajeur.com/annabelle-amory?view=grid&collections%5B%5D=2064842,blocked_or_dynamic_manual_check_needed,,Artmajeur pages returned Cloudflare/browser challenge during command-line access; exact work URL requires manual browser verification.
40fe75077c7b,images_raw/40fe75077c7b.jpg,淡荡秋光,Gentle Autumn Light,惊奇,guanpuxue.artron.net,,,,unknown,管朴学,Exact title/filename match in local source folders; exact work-page URL and license still require verification. local_title_source_inference: source attribution checked against add pic folder names and title translation caches; not a redistribution license.,https://guanpuxue.artron.net/,no_work_url_match_on_collection_pages,,No matching work title found in crawled collection pages. Local add-pic folder confirms title-to-artist/source attribution; exact work-page URL remains unverified.
817c85485534,images_raw/817c85485534.jpg,中国远征军-老兵李文德,Chinese Expeditionary Force - Veteran Li Wende,快乐,artist.artron.net,https://artist.artron.net/artists5391/1-141760.html#w,,,unknown,苏阳阳,Exact title/filename match in local source folders; exact work-page URL and license still require verification.,https://artist.artron.net/artists5391/sale-0-0-0-1-1/,exact_work_url_candidate,title_match_on_source_collection_page,Matched collection-page work title: 中国远征军-老兵李文德
113768c9c7f6,images_raw/113768c9c7f6.jpg,阿尔班永恒,Eternal Alban,快乐,artmajeur.com,,,https://github.com/hmer-boop/multistage-affect/blob/main/data/release_subset/images/artmajeur/113768c9c7f6.jpg,unknown,Jean-Humbert Savoldelli,Exact title/filename match in local source folders; exact work-page URL and license still require verification.,https://www.artmajeur.com/jean-humbert-savoldelli?view=grid&collections%5B%5D=1607818,blocked_or_dynamic_manual_check_needed,,Artmajeur pages returned Cloudflare/browser challenge during command-line access; exact work URL requires manual browser verification.
7d189d6c0f1a,images_raw/7d189d6c0f1a.jpg,乐队,The Band,惊奇,artmajeur.com,,,https://github.com/hmer-boop/multistage-affect/blob/main/data/release_subset/images/artmajeur/7d189d6c0f1a.jpg,unknown,Jean-Humbert Savoldelli,Exact title/filename match in local source folders; exact work-page URL and license still require verification.,https://www.artmajeur.com/jean-humbert-savoldelli?view=grid&collections%5B%5D=1607818,blocked_or_dynamic_manual_check_needed,,Artmajeur pages returned Cloudflare/browser challenge during command-line access; exact work URL requires manual browser verification.
bd744b0b6982,images_raw/bd744b0b6982.jpg,地下墓穴,Catacombs,恐惧,artmajeur.com,,,https://github.com/hmer-boop/multistage-affect/blob/main/data/release_subset/images/artmajeur/bd744b0b6982.jpg,unknown,Jean-Humbert Savoldelli,Exact title/filename match in local source folders; exact work-page URL and license still require verification.,https://www.artmajeur.com/jean-humbert-savoldelli?view=grid&collections%5B%5D=1607818,blocked_or_dynamic_manual_check_needed,,Artmajeur pages returned Cloudflare/browser challenge during command-line access; exact work URL requires manual browser verification.
3c4d26a24330,images_raw/3c4d26a24330.jpg,全球化克隆,GLOBALISATION CLONES,宁静,artmajeur.com,,,https://github.com/hmer-boop/multistage-affect/blob/main/data/release_subset/images/artmajeur/3c4d26a24330.jpg,unknown,Dags Vidulejs,Exact title/filename match in local source folders; exact work-page URL and license still require verification.,https://www.artmajeur.com/dags-vidulejs?view=grid&collections%5B%5D=2194390,blocked_or_dynamic_manual_check_needed,,Artmajeur pages returned Cloudflare/browser challenge during command-line access; exact work URL requires manual browser verification.
ab36ee798527,images_raw/ab36ee798527.jpg,泥土的拥抱,Embrace of the Earth,敬畏,artmajeur.com,,,https://github.com/hmer-boop/multistage-affect/blob/main/data/release_subset/images/artmajeur/ab36ee798527.jpg,unknown,Alex Senchenko,Exact title/filename match in local source folders; exact work-page URL and license still require verification.,https://www.artmajeur.com/senchenko?view=grid&collections%5B%5D=1872680,blocked_or_dynamic_manual_check_needed,,Artmajeur pages returned Cloudflare/browser challenge during command-line access; exact work URL requires manual browser verification.
b231b28e9379,images_raw/b231b28e9379.jpg,类比谜题,Analog Puzzle,快乐,artmajeur.com,,,https://github.com/hmer-boop/multistage-affect/blob/main/data/release_subset/images/artmajeur/b231b28e9379.jpg,unknown,Artmajeur painting browsing page,"title_filename_match_source_unresolved: title matched a local working-folder file, but the local folder does not identify the original source site/artist; verify before releasing image files. supplementary_negative_source_fallback: broad website-level source link, not a redistribution license.",https://www.artmajeur.com/zh/yi-shu-pin/hui-hua,source_site_homepage_fallback,broad_source_site_fallback,Fallback broad source-site link assigned for supplementary negative items; use title_zh/title_en to search within the source site. This is not an exact work-page URL.
69de4e9b33ec,images_raw/69de4e9b33ec.jpg,蚁生,Ant Life,惊奇,theartling.com,,,,unknown,TheArtling painting browsing page,"No local title/filename source match found yet. supplementary_negative_source_fallback: broad website-level source link, not a redistribution license.",https://theartling.com/en/art/painting,source_site_homepage_fallback,broad_source_site_fallback,Fallback broad source-site link assigned for supplementary negative items; use title_zh/title_en to search within the source site. This is not an exact work-page URL.
ad055fc89458,images_raw/ad055fc89458.jpg,公共花园,Public Garden,宁静,artmajeur.com,,,https://github.com/hmer-boop/multistage-affect/blob/main/data/release_subset/images/artmajeur/ad055fc89458.jpg,unknown,Jean-Humbert Savoldelli,Exact title/filename match in local source folders; exact work-page URL and license still require verification.,https://www.artmajeur.com/jean-humbert-savoldelli?view=grid&collections%5B%5D=1607818,blocked_or_dynamic_manual_check_needed,,Artmajeur pages returned Cloudflare/browser challenge during command-line access; exact work URL requires manual browser verification.
954c5208a895,images_raw/954c5208a895.jpg,最后的光芒,Last Light,悲伤,artmajeur.com,,,https://github.com/hmer-boop/multistage-affect/blob/main/data/release_subset/images/artmajeur/954c5208a895.jpg,unknown,Jean-Humbert Savoldelli,Exact title/filename match in local source folders; exact work-page URL and license still require verification.,https://www.artmajeur.com/jean-humbert-savoldelli?view=grid&collections%5B%5D=1607818,blocked_or_dynamic_manual_check_needed,,Artmajeur pages returned Cloudflare/browser challenge during command-line access; exact work URL requires manual browser verification.
b241cd2b4f65,images_raw/b241cd2b4f65.jpg,心画意兴,Heartfelt Inspiration,宁静,mazhangcheng.artron.net,,,,unknown,马章乘,Exact title/filename match in local source folders; exact work-page URL and license still require verification. local_title_source_inference: source attribution checked against add pic folder names and title translation caches; not a redistribution license.,https://mazhangcheng.artron.net/,no_work_url_match_on_collection_pages,,No matching work title found in crawled collection pages. Local add-pic folder confirms title-to-artist/source attribution; exact work-page URL remains unverified.
d54cb4df8208,images_raw/d54cb4df8208.jpg,王府井南口,South Entrance of Wangfujing,悲伤,daize.artron.net,,,,unknown,戴泽,Exact title/filename match in local source folders; exact work-page URL and license still require verification. local_title_source_inference: source attribution checked against add pic folder names and title translation caches; not a redistribution license.,https://daize.artron.net/,no_work_url_match_on_collection_pages,,No matching work title found in crawled collection pages. Local add-pic folder confirms title-to-artist/source attribution; exact work-page URL remains unverified.
4005c06befe7,images_raw/4005c06befe7.jpg,渐逝的梦,Fading Dream,恐惧,artmajeur.com,,,https://github.com/hmer-boop/multistage-affect/blob/main/data/release_subset/images/artmajeur/4005c06befe7.jpg,unknown,Artmajeur painting browsing page,"title_filename_match_source_unresolved: title matched a local working-folder file, but the local folder does not identify the original source site/artist; verify before releasing image files. supplementary_negative_source_fallback: broad website-level source link, not a redistribution license.",https://www.artmajeur.com/zh/yi-shu-pin/hui-hua,source_site_homepage_fallback,broad_source_site_fallback,Fallback broad source-site link assigned for supplementary negative items; use title_zh/title_en to search within the source site. This is not an exact work-page URL.
0303fa35c506,images_raw/0303fa35c506.jpg,桃花源,Peach Blossom Spring,恐惧,artmajeur.com,,,,unknown,Artmajeur painting browsing page,"No local title/filename source match found yet. supplementary_negative_source_fallback: broad website-level source link, not a redistribution license.",https://www.artmajeur.com/zh/yi-shu-pin/hui-hua,source_site_homepage_fallback,broad_source_site_fallback,Fallback broad source-site link assigned for supplementary negative items; use title_zh/title_en to search within the source site. This is not an exact work-page URL.
7c15216a356d,images_raw/7c15216a356d.jpg,森林中的鹿,Deer in the Forest,悲伤,artmajeur.com,,,https://github.com/hmer-boop/multistage-affect/blob/main/data/release_subset/images/artmajeur/7c15216a356d.jpg,unknown,Artmajeur painting browsing page,"title_filename_match_source_unresolved: title matched a local working-folder file, but the local folder does not identify the original source site/artist; verify before releasing image files. supplementary_negative_source_fallback: broad website-level source link, not a redistribution license.",https://www.artmajeur.com/zh/yi-shu-pin/hui-hua,source_site_homepage_fallback,broad_source_site_fallback,Fallback broad source-site link assigned for supplementary negative items; use title_zh/title_en to search within the source site. This is not an exact work-page URL.
1bb7b3f48b7b,images_raw/1bb7b3f48b7b.jpg,多花,Abundant Flowers,悲伤,artmajeur.com,,,https://github.com/hmer-boop/multistage-affect/blob/main/data/release_subset/images/artmajeur/1bb7b3f48b7b.jpg,unknown,Nga Tran,Exact title/filename match in local source folders; exact work-page URL and license still require verification.,https://www.artmajeur.com/nga-tran?view=grid&collections%5B%5D=2287606,blocked_or_dynamic_manual_check_needed,,Artmajeur pages returned Cloudflare/browser challenge during command-line access; exact work URL requires manual browser verification.
b50f282ba6de,images_raw/b50f282ba6de.jpg,撒尼斗牛文化节,Sani Bullfighting Festival,愤怒,artmajeur.com,,,,unknown,Artmajeur painting browsing page,"No local title/filename source match found yet. supplementary_negative_source_fallback: broad website-level source link, not a redistribution license.",https://www.artmajeur.com/zh/yi-shu-pin/hui-hua,source_site_homepage_fallback,broad_source_site_fallback,Fallback broad source-site link assigned for supplementary negative items; use title_zh/title_en to search within the source site. This is not an exact work-page URL.
cdebdedbba2b,images_raw/cdebdedbba2b.jpg,我痛苦，因此我活着,"I Suffer, Therefore I Live",悲伤,artmajeur.com,,,https://github.com/hmer-boop/multistage-affect/blob/main/data/release_subset/images/artmajeur/cdebdedbba2b.jpg,unknown,Milos Hronec,Exact title/filename match in local source folders; exact work-page URL and license still require verification.,https://www.artmajeur.com/milos-hronec?view=grid&collections%5B%5D=2390674,blocked_or_dynamic_manual_check_needed,,Artmajeur pages returned Cloudflare/browser challenge during command-line access; exact work URL requires manual browser verification.
ffd061445b8d,images_raw/ffd061445b8d.jpg,《绿马踏冠毒》,Green Horse Trampling the Crown of Poison,恐惧,theartling.com,,,,unknown,TheArtling painting browsing page,"title_filename_match_source_unresolved: title matched a local working-folder file, but the local folder does not identify the original source site/artist; verify before releasing image files. supplementary_negative_source_fallback: broad website-level source link, not a redistribution license.",https://theartling.com/en/art/painting,source_site_homepage_fallback,broad_source_site_fallback,Fallback broad source-site link assigned for supplementary negative items; use title_zh/title_en to search within the source site. This is not an exact work-page URL.
faa3326226b8,images_raw/faa3326226b8.jpg,紧急呼救 II,Emergency Call II,恐惧,theartling.com,,,,unknown,TheArtling painting browsing page,"title_filename_match_source_unresolved: title matched a local working-folder file, but the local folder does not identify the original source site/artist; verify before releasing image files. supplementary_negative_source_fallback: broad website-level source link, not a redistribution license.",https://theartling.com/en/art/painting,source_site_homepage_fallback,broad_source_site_fallback,Fallback broad source-site link assigned for supplementary negative items; use title_zh/title_en to search within the source site. This is not an exact work-page URL.
38ba9f1aa8e4,images_raw/38ba9f1aa8e4.jpg,任何一天,Any Day,恐惧,theartling.com,,,,unknown,TheArtling painting browsing page,"title_filename_match_source_unresolved: title matched a local working-folder file, but the local folder does not identify the original source site/artist; verify before releasing image files. supplementary_negative_source_fallback: broad website-level source link, not a redistribution license.",https://theartling.com/en/art/painting,source_site_homepage_fallback,broad_source_site_fallback,Fallback broad source-site link assigned for supplementary negative items; use title_zh/title_en to search within the source site. This is not an exact work-page URL.
40e216c47afa,images_raw/40e216c47afa.jpg,失落的幻影,失落的幻影,悲伤,artmajeur.com,,,https://github.com/hmer-boop/multistage-affect/blob/main/data/release_subset/images/artmajeur/40e216c47afa.jpg,unknown,Artmajeur painting browsing page,"title_filename_match_source_unresolved: title matched a local working-folder file, but the local folder does not identify the original source site/artist; verify before releasing image files. supplementary_negative_source_fallback: broad website-level source link, not a redistribution license.",https://www.artmajeur.com/zh/yi-shu-pin/hui-hua,source_site_homepage_fallback,broad_source_site_fallback,Fallback broad source-site link assigned for supplementary negative items; use title_zh/title_en to search within the source site. This is not an exact work-page URL.
377ffc885c72,images_raw/377ffc885c72.jpg,和平使命：乌克兰与以色列,Peace Mission: Ukraine and Israel,厌恶,artmajeur.com,,,https://github.com/hmer-boop/multistage-affect/blob/main/data/release_subset/images/artmajeur/377ffc885c72.jpg,unknown,Dags Vidulejs,"title_filename_match_source_unresolved: title matched a local working-folder file, but the local folder does not identify the original source site/artist; verify before releasing image files. local_title_source_inference: source attribution checked against add pic folder names and title translation caches; not a redistribution license.",https://www.artmajeur.com/dags-vidulejs?view=grid&collections%5B%5D=2194390,source_collection_inferred_from_local_title,local_title_or_translation_match,Source collection inferred from local add-pic folder using title_zh/title_en and translation-cache matching; exact work-page URL remains unverified.
b08a77016f53,images_raw/b08a77016f53.jpg,毛茸茸的大狗,Fluffy Big Dog,快乐,artist.artron.net,https://artist.artron.net/artists23462/2-383874.html#w,,,unknown,苏大朝,Exact title/filename match in local source folders; exact work-page URL and license still require verification.,https://artist.artron.net/artists23462/sale-0-0-0-1-1/,exact_work_url_candidate,title_match_on_source_collection_page,Matched collection-page work title: 毛茸茸的大狗
ec9fddf3dd86,images_raw/ec9fddf3dd86.jpg,愤怒的花朵崩溃,Flowers of Rage Collapse,惊奇,artmajeur.com,,,https://github.com/hmer-boop/multistage-affect/blob/main/data/release_subset/images/artmajeur/ec9fddf3dd86.jpg,unknown,Artmajeur painting browsing page,"title_filename_match_source_unresolved: title matched a local working-folder file, but the local folder does not identify the original source site/artist; verify before releasing image files. supplementary_negative_source_fallback: broad website-level source link, not a redistribution license.",https://www.artmajeur.com/zh/yi-shu-pin/hui-hua,source_site_homepage_fallback,broad_source_site_fallback,Fallback broad source-site link assigned for supplementary negative items; use title_zh/title_en to search within the source site. This is not an exact work-page URL.
ee4610588f3f,images_raw/ee4610588f3f.jpg,夏天,Summer,宁静,artist.artron.net; artmajeur.com,,,https://github.com/hmer-boop/multistage-affect/blob/main/data/release_subset/images/artmajeur/ee4610588f3f.jpg,unknown,Igor Shulman; Irina Laube; 党中华,needs_manual_review: title matches multiple local source-folder files; verify exact image before releasing image files.,https://artist.artron.net/artists314; https://www.artmajeur.com/igor-shulman?view=grid&collections%5B%5D=1286191; https://www.artmajeur.com/irina-laube?view=grid&collections%5B%5D=1872800,multiple_exact_work_url_candidates,needs_manual_review,Multiple work links matched title on source collection page; verify exact image visually.
5f11912239eb,images_raw/5f11912239eb.jpg,沉默的觉醒,Silent Awakening,敬畏,artmajeur.com,,,https://github.com/hmer-boop/multistage-affect/blob/main/data/release_subset/images/artmajeur/5f11912239eb.jpg,unknown,Alex Senchenko,Exact title/filename match in local source folders; exact work-page URL and license still require verification.,https://www.artmajeur.com/senchenko?view=grid&collections%5B%5D=1872680,blocked_or_dynamic_manual_check_needed,,Artmajeur pages returned Cloudflare/browser challenge during command-line access; exact work URL requires manual browser verification.
51b28e1848fc,images_raw/51b28e1848fc.jpg,憩,Repose,恐惧,artist.artron.net,https://artist.artron.net/artists23462/2-383190.html#w,,,unknown,苏大朝,Exact title/filename match in local source folders; exact work-page URL and license still require verification.,https://artist.artron.net/artists23462/sale-0-0-0-1-1/,exact_work_url_candidate,title_match_on_source_collection_page,Matched collection-page work title: 憩
9d7e20c0637e,images_raw/9d7e20c0637e.jpg,机械神灵,Mechanical Deity,恐惧,artmajeur.com,,,,unknown,Artmajeur painting browsing page,"No local title/filename source match found yet. supplementary_negative_source_fallback: broad website-level source link, not a redistribution license.",https://www.artmajeur.com/zh/yi-shu-pin/hui-hua,source_site_homepage_fallback,broad_source_site_fallback,Fallback broad source-site link assigned for supplementary negative items; use title_zh/title_en to search within the source site. This is not an exact work-page URL.
63700d00e7bc,images_raw/63700d00e7bc.jpg,抱宠物的家庭,Family with Pets,厌恶,theartling.com,,,,unknown,TheArtling painting browsing page,"title_filename_match_source_unresolved: title matched a local working-folder file, but the local folder does not identify the original source site/artist; verify before releasing image files. supplementary_negative_source_fallback: broad website-level source link, not a redistribution license.",https://theartling.com/en/art/painting,source_site_homepage_fallback,broad_source_site_fallback,Fallback broad source-site link assigned for supplementary negative items; use title_zh/title_en to search within the source site. This is not an exact work-page URL.
eceb28d72fd4,images_raw/eceb28d72fd4.jpg,黄金武士,Golden Warrior,厌恶,artmajeur.com,,,https://github.com/hmer-boop/multistage-affect/blob/main/data/release_subset/images/artmajeur/eceb28d72fd4.jpg,unknown,Jean-Humbert Savoldelli,Exact title/filename match in local source folders; exact work-page URL and license still require verification.,https://www.artmajeur.com/jean-humbert-savoldelli?view=grid&collections%5B%5D=1607818,blocked_or_dynamic_manual_check_needed,,Artmajeur pages returned Cloudflare/browser challenge during command-line access; exact work URL requires manual browser verification.
4d1a84a7a0d3,images_raw/4d1a84a7a0d3.jpg,岁月,Years,宁静,hanyuchen.artron.net,,,,unknown,韩玉臣,Exact title/filename match in local source folders; exact work-page URL and license still require verification. local_title_source_inference: source attribution checked against add pic folder names and title translation caches; not a redistribution license.,https://hanyuchen.artron.net/,no_work_url_match_on_collection_pages,,No matching work title found in crawled collection pages. Local add-pic folder confirms title-to-artist/source attribution; exact work-page URL remains unverified.
acd801e7b120,images_raw/acd801e7b120.jpg,梦百合NO.5,Dream Lily No. 5,恐惧,tiexin.artron.net,,,,unknown,铁心,Exact title/filename match in local source folders; exact work-page URL and license still require verification. local_title_source_inference: source attribution checked against add pic folder names and title translation caches; not a redistribution license.,https://tiexin.artron.net/,no_work_url_match_on_collection_pages,,No matching work title found in crawled collection pages. Local add-pic folder confirms title-to-artist/source attribution; exact work-page URL remains unverified.
9b845b101b5f,images_raw/9b845b101b5f.jpg,莎迦熊妹村,Saga Bear Sister Village,快乐,daize.artron.net,,,,unknown,戴泽,Exact title/filename match in local source folders; exact work-page URL and license still require verification. local_title_source_inference: source attribution checked against add pic folder names and title translation caches; not a redistribution license.,https://daize.artron.net/,no_work_url_match_on_collection_pages,,No matching work title found in crawled collection pages. Local add-pic folder confirms title-to-artist/source attribution; exact work-page URL remains unverified.
73991c17113e,images_raw/73991c17113e.jpg,绽放之潮,Tide of Bloom,快乐,artmajeur.com,,,https://github.com/hmer-boop/multistage-affect/blob/main/data/release_subset/images/artmajeur/73991c17113e.jpg,unknown,Claire Denarie-Soffietti,Exact title/filename match in local source folders; exact work-page URL and license still require verification.,https://www.artmajeur.com/claire-denarie-soffietti?view=grid&collections%5B%5D=2130209,blocked_or_dynamic_manual_check_needed,,Artmajeur pages returned Cloudflare/browser challenge during command-line access; exact work URL requires manual browser verification.
78c5df210341,images_raw/78c5df210341.jpg,月光码头,Moonlit Pier,厌恶,artmajeur.com,,,https://github.com/hmer-boop/multistage-affect/blob/main/data/release_subset/images/artmajeur/78c5df210341.jpg,unknown,Nga Tran,Exact title/filename match in local source folders; exact work-page URL and license still require verification.,https://www.artmajeur.com/nga-tran?view=grid&collections%5B%5D=2287606,blocked_or_dynamic_manual_check_needed,,Artmajeur pages returned Cloudflare/browser challenge during command-line access; exact work URL requires manual browser verification.
2acd084564cc,images_raw/2acd084564cc.jpg,柏林世界青年联欢节,Berlin World Youth Festival,快乐,daize.artron.net,,,,unknown,戴泽,Exact title/filename match in local source folders; exact work-page URL and license still require verification. local_title_source_inference: source attribution checked against add pic folder names and title translation caches; not a redistribution license.,https://daize.artron.net/,no_work_url_match_on_collection_pages,,No matching work title found in crawled collection pages. Local add-pic folder confirms title-to-artist/source attribution; exact work-page URL remains unverified.
e2a7d995adb0,images_raw/e2a7d995adb0.jpg,父亲的爱,A Father's Love,愤怒,artmajeur.com,,,https://github.com/hmer-boop/multistage-affect/blob/main/data/release_subset/images/artmajeur/e2a7d995adb0.jpg,unknown,Picrate,Exact title/filename match in local source folders; exact work-page URL and license still require verification.,https://www.artmajeur.com/picrate?view=grid&collections%5B%5D=1775407,blocked_or_dynamic_manual_check_needed,,Artmajeur pages returned Cloudflare/browser challenge during command-line access; exact work URL requires manual browser verification.
53f58f163b21,images_raw/53f58f163b21.jpg,西安户县麦子地,"Wheat Fields in Huxian, Xi'an",宁静,daize.artron.net,,,,unknown,戴泽,Exact title/filename match in local source folders; exact work-page URL and license still require verification. local_title_source_inference: source attribution checked against add pic folder names and title translation caches; not a redistribution license.,https://daize.artron.net/,no_work_url_match_on_collection_pages,,No matching work title found in crawled collection pages. Local add-pic folder confirms title-to-artist/source attribution; exact work-page URL remains unverified.
33a514e2e078,images_raw/33a514e2e078.jpg,循环,Le Cycle,厌恶,artmajeur.com,,,https://github.com/hmer-boop/multistage-affect/blob/main/data/release_subset/images/artmajeur/33a514e2e078.jpg,unknown,Annabelle Amory,Exact title/filename match in local source folders; exact work-page URL and license still require verification.,https://www.artmajeur.com/annabelle-amory?view=grid&collections%5B%5D=2064842,blocked_or_dynamic_manual_check_needed,,Artmajeur pages returned Cloudflare/browser challenge during command-line access; exact work URL requires manual browser verification.
9b485248182d,images_raw/9b485248182d.jpg,《奇异梦幻》,Fantastic Dreams,惊奇,huangjiannan.artron.net,,,,unknown,黄建南,needs_manual_review: title matches multiple local source-folder files; verify exact image before releasing image files. local_title_source_inference: source attribution checked against add pic folder names and title translation caches; not a redistribution license.,https://huangjiannan.artron.net/works_index_21,no_work_url_match_on_collection_pages,,No matching work title found in crawled collection pages. Local add-pic folder confirms title-to-artist/source attribution; exact work-page URL remains unverified.
da62c0a19ce8,images_raw/da62c0a19ce8.jpg,艺术圣殿的入口,Entrance to the Temple of Art,宁静,daize.artron.net,,,,unknown,戴泽,Exact title/filename match in local source folders; exact work-page URL and license still require verification. local_title_source_inference: source attribution checked against add pic folder names and title translation caches; not a redistribution license.,https://daize.artron.net/,no_work_url_match_on_collection_pages,,No matching work title found in crawled collection pages. Local add-pic folder confirms title-to-artist/source attribution; exact work-page URL remains unverified.
7e6096767b83,images_raw/7e6096767b83.jpg,秋天的回忆,Memories of Autumn,厌恶,artmajeur.com,,,https://github.com/hmer-boop/multistage-affect/blob/main/data/release_subset/images/artmajeur/7e6096767b83.jpg,unknown,Nga Tran,Exact title/filename match in local source folders; exact work-page URL and license still require verification.,https://www.artmajeur.com/nga-tran?view=grid&collections%5B%5D=2287606,blocked_or_dynamic_manual_check_needed,,Artmajeur pages returned Cloudflare/browser challenge during command-line access; exact work URL requires manual browser verification.
c66e94da3f40,images_raw/c66e94da3f40.jpg,柔软的匕首,Soft Dagger,恐惧,theartling.com,,,,unknown,TheArtling painting browsing page,"title_filename_match_source_unresolved: title matched a local working-folder file, but the local folder does not identify the original source site/artist; verify before releasing image files. supplementary_negative_source_fallback: broad website-level source link, not a redistribution license.",https://theartling.com/en/art/painting,source_site_homepage_fallback,broad_source_site_fallback,Fallback broad source-site link assigned for supplementary negative items; use title_zh/title_en to search within the source site. This is not an exact work-page URL.
2459c8d5cb74,images_raw/2459c8d5cb74.jpg,苍鹭,L'airone,恐惧,artmajeur.com,,,https://github.com/hmer-boop/multistage-affect/blob/main/data/release_subset/images/artmajeur/2459c8d5cb74.jpg,unknown,Elisa De Montis,Exact title/filename match in local source folders; exact work-page URL and license still require verification.,https://www.artmajeur.com/elisa-de-montis?view=grid&collections%5B%5D=2450866,blocked_or_dynamic_manual_check_needed,,Artmajeur pages returned Cloudflare/browser challenge during command-line access; exact work URL requires manual browser verification.
6e2fe2c082f1,images_raw/6e2fe2c082f1.jpg,母亲的喜悦,Mother’s Joy,快乐,artmajeur.com,,,https://github.com/hmer-boop/multistage-affect/blob/main/data/release_subset/images/artmajeur/6e2fe2c082f1.jpg,unknown,Ganiyat Abdulazeez,Exact title/filename match in local source folders; exact work-page URL and license still require verification.,https://www.artmajeur.com/ganiyat-abdulazeez?view=grid&collections%5B%5D=2121668,blocked_or_dynamic_manual_check_needed,,Artmajeur pages returned Cloudflare/browser challenge during command-line access; exact work URL requires manual browser verification.
1d2dc99906a8,images_raw/1d2dc99906a8.jpg,《全球化·克隆》,Globalization·Clone,宁静,artmajeur.com,,,https://github.com/hmer-boop/multistage-affect/blob/main/data/release_subset/images/artmajeur/1d2dc99906a8.jpg,unknown,Dags Vidulejs,"title_filename_match_source_unresolved: title matched a local working-folder file, but the local folder does not identify the original source site/artist; verify before releasing image files. local_title_source_inference: source attribution checked against add pic folder names and title translation caches; not a redistribution license.",https://www.artmajeur.com/dags-vidulejs?view=grid&collections%5B%5D=2194390,source_collection_inferred_from_local_title,local_title_or_translation_match,Source collection inferred from local add-pic folder using title_zh/title_en and translation-cache matching; exact work-page URL remains unverified.
df732c4410e3,images_raw/df732c4410e3.jpg,避雨的小猪,Pig Sheltering from the Rain,快乐,artist.artron.net,https://artist.artron.net/artists23462/2-383877.html#w,,,unknown,苏大朝,Exact title/filename match in local source folders; exact work-page URL and license still require verification.,https://artist.artron.net/artists23462/sale-0-0-0-1-1/,exact_work_url_candidate,title_match_on_source_collection_page,Matched collection-page work title: 避雨的小猪
ff377c0bca2d,images_raw/ff377c0bca2d.jpg,秋水,Autumn Water,宁静,artist.artron.net; guanpuxue.artron.net,,,,unknown,党中华; 管朴学,needs_manual_review: title matches multiple local source-folder files; verify exact image before releasing image files.,https://artist.artron.net/artists314; https://guanpuxue.artron.net/,multiple_exact_work_url_candidates,needs_manual_review,Multiple work links matched title on source collection page; verify exact image visually.
5721636792b3,images_raw/5721636792b3.jpg,下十字架,Descent from the Cross,惊奇,yueminjun.artron.net,,,,unknown,岳敏君,Exact title/filename match in local source folders; exact work-page URL and license still require verification. local_title_source_inference: source attribution checked against add pic folder names and title translation caches; not a redistribution license.,https://yueminjun.artron.net/,no_work_url_match_on_collection_pages,,No matching work title found in crawled collection pages. Local add-pic folder confirms title-to-artist/source attribution; exact work-page URL remains unverified.
3bf941aeddac,images_raw/3bf941aeddac.jpg,初兆,First Omen,恐惧,artmajeur.com,,,,unknown,Artmajeur painting browsing page,"No local title/filename source match found yet. supplementary_negative_source_fallback: broad website-level source link, not a redistribution license.",https://www.artmajeur.com/zh/yi-shu-pin/hui-hua,source_site_homepage_fallback,broad_source_site_fallback,Fallback broad source-site link assigned for supplementary negative items; use title_zh/title_en to search within the source site. This is not an exact work-page URL.
b7a79ddaff63,images_raw/b7a79ddaff63.jpg,生活选择 II,Life Choice II,悲伤,artmajeur.com,,,https://github.com/hmer-boop/multistage-affect/blob/main/data/release_subset/images/artmajeur/b7a79ddaff63.jpg,unknown,Milos Hronec,Exact title/filename match in local source folders; exact work-page URL and license still require verification.,https://www.artmajeur.com/milos-hronec?view=grid&collections%5B%5D=2390674,blocked_or_dynamic_manual_check_needed,,Artmajeur pages returned Cloudflare/browser challenge during command-line access; exact work URL requires manual browser verification.
63d8f42527b0,images_raw/63d8f42527b0.jpg,花之少女请教,Floral Maiden's Inquiry,快乐,artmajeur.com,,,https://github.com/hmer-boop/multistage-affect/blob/main/data/release_subset/images/artmajeur/63d8f42527b0.jpg,unknown,Artmajeur painting browsing page,"title_filename_match_source_unresolved: title matched a local working-folder file, but the local folder does not identify the original source site/artist; verify before releasing image files. supplementary_negative_source_fallback: broad website-level source link, not a redistribution license.",https://www.artmajeur.com/zh/yi-shu-pin/hui-hua,source_site_homepage_fallback,broad_source_site_fallback,Fallback broad source-site link assigned for supplementary negative items; use title_zh/title_en to search within the source site. This is not an exact work-page URL.
e20f640cb640,images_raw/e20f640cb640.jpg,融合,Fusion,惊奇,artmajeur.com,,,https://github.com/hmer-boop/multistage-affect/blob/main/data/release_subset/images/artmajeur/e20f640cb640.jpg,unknown,Antoine Alran; Robert Van Den Herik,needs_manual_review: title matches multiple local source-folder files; verify exact image before releasing image files.,https://www.artmajeur.com/antoine-alran?view=grid&collections%5B%5D=2199799; https://www.artmajeur.com/robert-van-den-herik?view=grid&collections%5B0%5D=1744639&page=2,blocked_or_dynamic_manual_check_needed,,Artmajeur pages returned Cloudflare/browser challenge during command-line access; exact work URL requires manual browser verification.
9331e1ff3566,images_raw/9331e1ff3566.jpg,平行线,Parallel Lines,宁静,artmajeur.com,,,https://github.com/hmer-boop/multistage-affect/blob/main/data/release_subset/images/artmajeur/9331e1ff3566.jpg,unknown,Jean-Humbert Savoldelli,Exact title/filename match in local source folders; exact work-page URL and license still require verification.,https://www.artmajeur.com/jean-humbert-savoldelli?view=grid&collections%5B%5D=1607818,blocked_or_dynamic_manual_check_needed,,Artmajeur pages returned Cloudflare/browser challenge during command-line access; exact work URL requires manual browser verification.
a79ff7013cd8,images_raw/a79ff7013cd8.jpg,早春记事,Early Spring Chronicles,宁静,theartling.com,,,,unknown,TheArtling painting browsing page,"No local title/filename source match found yet. supplementary_negative_source_fallback: broad website-level source link, not a redistribution license.",https://theartling.com/en/art/painting,source_site_homepage_fallback,broad_source_site_fallback,Fallback broad source-site link assigned for supplementary negative items; use title_zh/title_en to search within the source site. This is not an exact work-page URL.
b17675cc0db9,images_raw/b17675cc0db9.jpg,发型师 1,Hairdresser 1,快乐,artmajeur.com,,,https://github.com/hmer-boop/multistage-affect/blob/main/data/release_subset/images/artmajeur/b17675cc0db9.jpg,unknown,Jean Luc Michon,Exact title/filename match in local source folders; exact work-page URL and license still require verification.,https://www.artmajeur.com/jean-luc-michon?view=grid&collections%5B%5D=2220361,blocked_or_dynamic_manual_check_needed,,Artmajeur pages returned Cloudflare/browser challenge during command-line access; exact work URL requires manual browser verification.
73ffe2c58df2,images_raw/73ffe2c58df2.jpg,《浩瀚》,Vastness,敬畏,huangjiannan.artron.net,,,,unknown,黄建南,needs_manual_review: title matches multiple local source-folder files; verify exact image before releasing image files. local_title_source_inference: source attribution checked against add pic folder names and title translation caches; not a redistribution license.,https://huangjiannan.artron.net/works_index_21,no_work_url_match_on_collection_pages,,No matching work title found in crawled collection pages. Local add-pic folder confirms title-to-artist/source attribution; exact work-page URL remains unverified.
b8e6b93cca53,images_raw/b8e6b93cca53.jpg,运气,Luck,宁静,artmajeur.com,,,https://github.com/hmer-boop/multistage-affect/blob/main/data/release_subset/images/artmajeur/b8e6b93cca53.jpg,unknown,Artmajeur painting browsing page,"title_filename_match_source_unresolved: title matched a local working-folder file, but the local folder does not identify the original source site/artist; verify before releasing image files. supplementary_negative_source_fallback: broad website-level source link, not a redistribution license.",https://www.artmajeur.com/zh/yi-shu-pin/hui-hua,source_site_homepage_fallback,broad_source_site_fallback,Fallback broad source-site link assigned for supplementary negative items; use title_zh/title_en to search within the source site. This is not an exact work-page URL.
d967704a5a81,images_raw/d967704a5a81.jpg,民谣,Ballad,惊奇,artmajeur.com,,,,unknown,Artmajeur painting browsing page,"No local title/filename source match found yet. supplementary_negative_source_fallback: broad website-level source link, not a redistribution license.",https://www.artmajeur.com/zh/yi-shu-pin/hui-hua,source_site_homepage_fallback,broad_source_site_fallback,Fallback broad source-site link assigned for supplementary negative items; use title_zh/title_en to search within the source site. This is not an exact work-page URL.
0d13932ce80b,images_raw/0d13932ce80b.jpg,我们的内心平静,Our Inner Peace,惊奇,artmajeur.com,,,https://github.com/hmer-boop/multistage-affect/blob/main/data/release_subset/images/artmajeur/0d13932ce80b.jpg,unknown,Oluwapelumi Olaosun,"title_filename_match_source_unresolved: title matched a local working-folder file, but the local folder does not identify the original source site/artist; verify before releasing image files. local_title_source_inference: source attribution checked against add pic folder names and title translation caches; not a redistribution license.",https://www.artmajeur.com/oluwapelumi-olaosun?view=grid&collections%5B%5D=2301889,source_collection_inferred_from_local_title,local_title_or_translation_match,Source collection inferred from local add-pic folder using title_zh/title_en and translation-cache matching; exact work-page URL remains unverified.
ad6225cb3b55,images_raw/ad6225cb3b55.jpg,囚徒,Prisoner,悲伤,theartling.com,,,,unknown,TheArtling painting browsing page,"title_filename_match_source_unresolved: title matched a local working-folder file, but the local folder does not identify the original source site/artist; verify before releasing image files. supplementary_negative_source_fallback: broad website-level source link, not a redistribution license.",https://theartling.com/en/art/painting,source_site_homepage_fallback,broad_source_site_fallback,Fallback broad source-site link assigned for supplementary negative items; use title_zh/title_en to search within the source site. This is not an exact work-page URL.
886d55758537,images_raw/886d55758537.jpg,母女图,Mother and Daughter,快乐,artmajeur.com,,,https://github.com/hmer-boop/multistage-affect/blob/main/data/release_subset/images/artmajeur/886d55758537.jpg,unknown,Artmajeur painting browsing page,"title_filename_match_source_unresolved: title matched a local working-folder file, but the local folder does not identify the original source site/artist; verify before releasing image files. supplementary_negative_source_fallback: broad website-level source link, not a redistribution license.",https://www.artmajeur.com/zh/yi-shu-pin/hui-hua,source_site_homepage_fallback,broad_source_site_fallback,Fallback broad source-site link assigned for supplementary negative items; use title_zh/title_en to search within the source site. This is not an exact work-page URL.
0c4618751279,images_raw/0c4618751279.jpg,幸运男孩,Lucky Boy,恐惧,artmajeur.com,,,https://github.com/hmer-boop/multistage-affect/blob/main/data/release_subset/images/artmajeur/0c4618751279.jpg,unknown,Jean-Humbert Savoldelli,Exact title/filename match in local source folders; exact work-page URL and license still require verification.,https://www.artmajeur.com/jean-humbert-savoldelli?view=grid&collections%5B%5D=1607818,blocked_or_dynamic_manual_check_needed,,Artmajeur pages returned Cloudflare/browser challenge during command-line access; exact work URL requires manual browser verification.
7135699f8c2c,images_raw/7135699f8c2c.jpg,梦与睡衣,Dreams and Pajamas,快乐,artmajeur.com,,,https://github.com/hmer-boop/multistage-affect/blob/main/data/release_subset/images/artmajeur/7135699f8c2c.jpg,unknown,Claire Denarie-Soffietti,Exact title/filename match in local source folders; exact work-page URL and license still require verification.,https://www.artmajeur.com/claire-denarie-soffietti?view=grid&collections%5B%5D=2130209,blocked_or_dynamic_manual_check_needed,,Artmajeur pages returned Cloudflare/browser challenge during command-line access; exact work URL requires manual browser verification.
79ea08d6c654,images_raw/79ea08d6c654.jpg,梦中的陪伴,Dream Companion,惊奇,artmajeur.com,,,https://github.com/hmer-boop/multistage-affect/blob/main/data/release_subset/images/artmajeur/79ea08d6c654.jpg,unknown,Ta,Exact title/filename match in local source folders; exact work-page URL and license still require verification.,https://www.artmajeur.com/ta00?view=grid&collections%5B0%5D=2214331&page=1,blocked_or_dynamic_manual_check_needed,,Artmajeur pages returned Cloudflare/browser challenge during command-line access; exact work URL requires manual browser verification.
bd8854389702,images_raw/bd8854389702.jpg,肮脏的思维,Dirty Mind,恐惧,artmajeur.com,,,https://github.com/hmer-boop/multistage-affect/blob/main/data/release_subset/images/artmajeur/bd8854389702.jpg,unknown,Artmajeur painting browsing page,"title_filename_match_source_unresolved: title matched a local working-folder file, but the local folder does not identify the original source site/artist; verify before releasing image files. supplementary_negative_source_fallback: broad website-level source link, not a redistribution license.",https://www.artmajeur.com/zh/yi-shu-pin/hui-hua,source_site_homepage_fallback,broad_source_site_fallback,Fallback broad source-site link assigned for supplementary negative items; use title_zh/title_en to search within the source site. This is not an exact work-page URL.
297676566b29,images_raw/297676566b29.jpg,沉船,Shipwreck,恐惧,theartling.com,,,,unknown,TheArtling painting browsing page,"title_filename_match_source_unresolved: title matched a local working-folder file, but the local folder does not identify the original source site/artist; verify before releasing image files. supplementary_negative_source_fallback: broad website-level source link, not a redistribution license.",https://theartling.com/en/art/painting,source_site_homepage_fallback,broad_source_site_fallback,Fallback broad source-site link assigned for supplementary negative items; use title_zh/title_en to search within the source site. This is not an exact work-page URL.
0aa1912a9d55,images_raw/0aa1912a9d55.jpg,高于一切,Above All,恐惧,artmajeur.com,,,https://github.com/hmer-boop/multistage-affect/blob/main/data/release_subset/images/artmajeur/0aa1912a9d55.jpg,unknown,Milos Hronec,Exact title/filename match in local source folders; exact work-page URL and license still require verification.,https://www.artmajeur.com/milos-hronec?view=grid&collections%5B%5D=2390674,blocked_or_dynamic_manual_check_needed,,Artmajeur pages returned Cloudflare/browser challenge during command-line access; exact work URL requires manual browser verification.
f5d6ddef0a0f,images_raw/f5d6ddef0a0f.jpg,热情的女王,Passionate Queen,悲伤,theartling.com,,,,unknown,TheArtling painting browsing page,"title_filename_match_source_unresolved: title matched a local working-folder file, but the local folder does not identify the original source site/artist; verify before releasing image files. supplementary_negative_source_fallback: broad website-level source link, not a redistribution license.",https://theartling.com/en/art/painting,source_site_homepage_fallback,broad_source_site_fallback,Fallback broad source-site link assigned for supplementary negative items; use title_zh/title_en to search within the source site. This is not an exact work-page URL.
67a73d88fff6,images_raw/67a73d88fff6.jpg,海风,Sea Breeze,宁静,liushouxin.artron.net,,,,unknown,刘守信,Exact title/filename match in local source folders; exact work-page URL and license still require verification. local_title_source_inference: source attribution checked against add pic folder names and title translation caches; not a redistribution license.,https://liushouxin.artron.net/works_index_1,no_work_url_match_on_collection_pages,,No matching work title found in crawled collection pages. Local add-pic folder confirms title-to-artist/source attribution; exact work-page URL remains unverified.
9d1567dbc357,images_raw/9d1567dbc357.jpg,梦幻风景,Dreamlike Landscape,快乐,artmajeur.com,,,https://github.com/hmer-boop/multistage-affect/blob/main/data/release_subset/images/artmajeur/9d1567dbc357.jpg,unknown,Aurelie Lafourcade,Exact title/filename match in local source folders; exact work-page URL and license still require verification.,https://www.artmajeur.com/aurelie-lafourcade?view=grid&collections%5B%5D=2408860,blocked_or_dynamic_manual_check_needed,,Artmajeur pages returned Cloudflare/browser challenge during command-line access; exact work URL requires manual browser verification.
46f42ba64835,images_raw/46f42ba64835.jpg,玩耍的夫妻两,Playing Couple,快乐,artist.artron.net,https://artist.artron.net/artists23462/2-383161.html#w,,,unknown,苏大朝,Exact title/filename match in local source folders; exact work-page URL and license still require verification.,https://artist.artron.net/artists23462/sale-0-0-0-1-1/,exact_work_url_candidate,title_match_on_source_collection_page,Matched collection-page work title: 玩耍的夫妻两
9c7819d47c8a,images_raw/9c7819d47c8a.jpg,为爱。蝴蝶舞。欣喜,PAR AMOUR. BUTTERFLIES DANCE. EIFORIA,快乐,artmajeur.com,,,https://github.com/hmer-boop/multistage-affect/blob/main/data/release_subset/images/artmajeur/9c7819d47c8a.jpg,unknown,Dags Vidulejs,Exact title/filename match in local source folders; exact work-page URL and license still require verification.,https://www.artmajeur.com/dags-vidulejs?view=grid&collections%5B%5D=2194390,blocked_or_dynamic_manual_check_needed,,Artmajeur pages returned Cloudflare/browser challenge during command-line access; exact work URL requires manual browser verification.
55fc7242b742,images_raw/55fc7242b742.jpg,《城堡之夜》,Night of the Castle,宁静,artist.artron.net,https://artist.artron.net/artists5391/2-325831.html#w,,,unknown,苏阳阳,Exact title/filename match in local source folders; exact work-page URL and license still require verification.,https://artist.artron.net/artists5391/sale-0-0-0-1-1/,exact_work_url_candidate,title_match_on_source_collection_page,Matched collection-page work title: 《城堡之夜》
973d4c876c05,images_raw/973d4c876c05.jpg,时间的气息,Breath of Time,惊奇,artmajeur.com,,,https://github.com/hmer-boop/multistage-affect/blob/main/data/release_subset/images/artmajeur/973d4c876c05.jpg,unknown,Jean-Humbert Savoldelli,Exact title/filename match in local source folders; exact work-page URL and license still require verification.,https://www.artmajeur.com/jean-humbert-savoldelli?view=grid&collections%5B%5D=1607818,blocked_or_dynamic_manual_check_needed,,Artmajeur pages returned Cloudflare/browser challenge during command-line access; exact work URL requires manual browser verification.
a49a0ae8afb3,images_raw/a49a0ae8afb3.jpg,人骨,Human Bones,厌恶,artmajeur.com,,,https://github.com/hmer-boop/multistage-affect/blob/main/data/release_subset/images/artmajeur/a49a0ae8afb3.jpg,unknown,Milos Hronec,Exact title/filename match in local source folders; exact work-page URL and license still require verification.,https://www.artmajeur.com/milos-hronec?view=grid&collections%5B%5D=2390674,blocked_or_dynamic_manual_check_needed,,Artmajeur pages returned Cloudflare/browser challenge during command-line access; exact work URL requires manual browser verification.
568cc7cdc478,images_raw/568cc7cdc478.jpg,自然编码 雾中的长颈鹿,Nature Code: Giraffe in the Mist,快乐,theartling.com,,,,unknown,TheArtling painting browsing page,"title_filename_match_source_unresolved: title matched a local working-folder file, but the local folder does not identify the original source site/artist; verify before releasing image files. supplementary_negative_source_fallback: broad website-level source link, not a redistribution license.",https://theartling.com/en/art/painting,source_site_homepage_fallback,broad_source_site_fallback,Fallback broad source-site link assigned for supplementary negative items; use title_zh/title_en to search within the source site. This is not an exact work-page URL.
a677adff2798,images_raw/a677adff2798.jpg,《冬奥将即》,Winter Olympics Approaching,宁静,huangjiannan.artron.net,,,,unknown,黄建南,needs_manual_review: title matches multiple local source-folder files; verify exact image before releasing image files. local_title_source_inference: source attribution checked against add pic folder names and title translation caches; not a redistribution license.,https://huangjiannan.artron.net/works_index_21,no_work_url_match_on_collection_pages,,No matching work title found in crawled collection pages. Local add-pic folder confirms title-to-artist/source attribution; exact work-page URL remains unverified.
346e12a14b8c,images_raw/346e12a14b8c.jpg,飞翔的荷兰人（永不安宁）,The Flying Dutchman (Never at Rest),快乐,artmajeur.com,,,https://github.com/hmer-boop/multistage-affect/blob/main/data/release_subset/images/artmajeur/346e12a14b8c.jpg,unknown,Robert Van Den Herik,Exact title/filename match in local source folders; exact work-page URL and license still require verification.,https://www.artmajeur.com/robert-van-den-herik?view=grid&collections%5B0%5D=1744639&page=2,blocked_or_dynamic_manual_check_needed,,Artmajeur pages returned Cloudflare/browser challenge during command-line access; exact work URL requires manual browser verification.
418d386d3c7f,images_raw/418d386d3c7f.jpg,邻居们,Neighbors,宁静,artmajeur.com,,,https://github.com/hmer-boop/multistage-affect/blob/main/data/release_subset/images/artmajeur/418d386d3c7f.jpg,unknown,Igor Shulman,Exact title/filename match in local source folders; exact work-page URL and license still require verification.,https://www.artmajeur.com/igor-shulman?view=grid&collections%5B%5D=1286191,blocked_or_dynamic_manual_check_needed,,Artmajeur pages returned Cloudflare/browser challenge during command-line access; exact work URL requires manual browser verification.
9d602bffd5f2,images_raw/9d602bffd5f2.jpg,高原红,Plateau Red,快乐,artmajeur.com,,,https://github.com/hmer-boop/multistage-affect/blob/main/data/release_subset/images/artmajeur/9d602bffd5f2.jpg,unknown,Artmajeur painting browsing page,"title_filename_match_source_unresolved: title matched a local working-folder file, but the local folder does not identify the original source site/artist; verify before releasing image files. supplementary_negative_source_fallback: broad website-level source link, not a redistribution license.",https://www.artmajeur.com/zh/yi-shu-pin/hui-hua,source_site_homepage_fallback,broad_source_site_fallback,Fallback broad source-site link assigned for supplementary negative items; use title_zh/title_en to search within the source site. This is not an exact work-page URL.
1d761e9323fc,images_raw/1d761e9323fc.jpg,基尔海港的粉色回忆,Pink Memories of Kiel Harbor,恐惧,artist.artron.net,https://artist.artron.net/artists5391/1-230304.html#w,,,unknown,苏阳阳,Exact title/filename match in local source folders; exact work-page URL and license still require verification.,https://artist.artron.net/artists5391/sale-0-0-0-1-1/,exact_work_url_candidate,title_match_on_source_collection_page,Matched collection-page work title: 苏阳阳油画作品：基尔海港的粉色回忆
6af04c4ce356,images_raw/6af04c4ce356.jpg,陷阱,Trap,愤怒,theartling.com,,,,unknown,TheArtling painting browsing page,"title_filename_match_source_unresolved: title matched a local working-folder file, but the local folder does not identify the original source site/artist; verify before releasing image files. supplementary_negative_source_fallback: broad website-level source link, not a redistribution license.",https://theartling.com/en/art/painting,source_site_homepage_fallback,broad_source_site_fallback,Fallback broad source-site link assigned for supplementary negative items; use title_zh/title_en to search within the source site. This is not an exact work-page URL.
f4f9ac223836,images_raw/f4f9ac223836.jpg,冰河上,On the Glacier,悲伤,hanyuchen.artron.net,,,,unknown,韩玉臣,Exact title/filename match in local source folders; exact work-page URL and license still require verification. local_title_source_inference: source attribution checked against add pic folder names and title translation caches; not a redistribution license.,https://hanyuchen.artron.net/,no_work_url_match_on_collection_pages,,No matching work title found in crawled collection pages. Local add-pic folder confirms title-to-artist/source attribution; exact work-page URL remains unverified.
339520abb056,images_raw/339520abb056.jpg,怀旧的对称,Nostalgic Symmetry,宁静,artmajeur.com,,,,unknown,Artmajeur painting browsing page,"No local title/filename source match found yet. supplementary_negative_source_fallback: broad website-level source link, not a redistribution license.",https://www.artmajeur.com/zh/yi-shu-pin/hui-hua,source_site_homepage_fallback,broad_source_site_fallback,Fallback broad source-site link assigned for supplementary negative items; use title_zh/title_en to search within the source site. This is not an exact work-page URL.
18028c2b7b7e,images_raw/18028c2b7b7e.jpg,期待回家,Longing to Return Home,悲伤,artmajeur.com,,,https://github.com/hmer-boop/multistage-affect/blob/main/data/release_subset/images/artmajeur/18028c2b7b7e.jpg,unknown,Robert Van Den Herik,Exact title/filename match in local source folders; exact work-page URL and license still require verification.,https://www.artmajeur.com/robert-van-den-herik?view=grid&collections%5B0%5D=1744639&page=2,blocked_or_dynamic_manual_check_needed,,Artmajeur pages returned Cloudflare/browser challenge during command-line access; exact work URL requires manual browser verification.
35eb9ca69596,images_raw/35eb9ca69596.jpg,阿波罗纳的敬意,Homage to Apollonia,敬畏,artmajeur.com,,,https://github.com/hmer-boop/multistage-affect/blob/main/data/release_subset/images/artmajeur/35eb9ca69596.jpg,unknown,Manolis Maridakis,Exact title/filename match in local source folders; exact work-page URL and license still require verification.,https://www.artmajeur.com/manolis-maridakis?view=grid&collections%5B%5D=2471758,blocked_or_dynamic_manual_check_needed,,Artmajeur pages returned Cloudflare/browser challenge during command-line access; exact work URL requires manual browser verification.
523e1fe9c615,images_raw/523e1fe9c615.jpg,疲惫的力量,The Power of Exhaustion,宁静,theartling.com,,,,unknown,TheArtling painting browsing page,"title_filename_match_source_unresolved: title matched a local working-folder file, but the local folder does not identify the original source site/artist; verify before releasing image files. supplementary_negative_source_fallback: broad website-level source link, not a redistribution license.",https://theartling.com/en/art/painting,source_site_homepage_fallback,broad_source_site_fallback,Fallback broad source-site link assigned for supplementary negative items; use title_zh/title_en to search within the source site. This is not an exact work-page URL.
14791f349980,images_raw/14791f349980.jpg,仅此一次,Just This Once,厌恶,artmajeur.com,,,https://github.com/hmer-boop/multistage-affect/blob/main/data/release_subset/images/artmajeur/14791f349980.jpg,unknown,Milos Hronec,Exact title/filename match in local source folders; exact work-page URL and license still require verification.,https://www.artmajeur.com/milos-hronec?view=grid&collections%5B%5D=2390674,blocked_or_dynamic_manual_check_needed,,Artmajeur pages returned Cloudflare/browser challenge during command-line access; exact work URL requires manual browser verification.
971645a03a25,images_raw/971645a03a25.jpg,魅力北大荒,Charming Northern Wilderness,宁静,daize.artron.net,,,,unknown,戴泽,Exact title/filename match in local source folders; exact work-page URL and license still require verification. local_title_source_inference: source attribution checked against add pic folder names and title translation caches; not a redistribution license.,https://daize.artron.net/,no_work_url_match_on_collection_pages,,No matching work title found in crawled collection pages. Local add-pic folder confirms title-to-artist/source attribution; exact work-page URL remains unverified.
8fa40a09a8c2,images_raw/8fa40a09a8c2.jpg,犀牛大哥,Brother Rhino,宁静,artist.artron.net,https://artist.artron.net/artists23462/2-383651.html#w,,,unknown,苏大朝,Exact title/filename match in local source folders; exact work-page URL and license still require verification.,https://artist.artron.net/artists23462/sale-0-0-0-1-1/,exact_work_url_candidate,title_match_on_source_collection_page,Matched collection-page work title: 犀牛大哥
87f2c69f311e,images_raw/87f2c69f311e.jpg,创世纪2,Genesis 2,宁静,artmajeur.com,,,https://github.com/hmer-boop/multistage-affect/blob/main/data/release_subset/images/artmajeur/87f2c69f311e.jpg,unknown,Oluwapelumi Olaosun,Exact title/filename match in local source folders; exact work-page URL and license still require verification.,https://www.artmajeur.com/oluwapelumi-olaosun?view=grid&collections%5B%5D=2301889,blocked_or_dynamic_manual_check_needed,,Artmajeur pages returned Cloudflare/browser challenge during command-line access; exact work URL requires manual browser verification.
659033ea8e11,images_raw/659033ea8e11.jpg,拜石心如山,Heart as Steadfast as a Mountain,敬畏,mazhangcheng.artron.net,,,,unknown,马章乘,Exact title/filename match in local source folders; exact work-page URL and license still require verification. local_title_source_inference: source attribution checked against add pic folder names and title translation caches; not a redistribution license.,https://mazhangcheng.artron.net/,no_work_url_match_on_collection_pages,,No matching work title found in crawled collection pages. Local add-pic folder confirms title-to-artist/source attribution; exact work-page URL remains unverified.
676e92cd763f,images_raw/676e92cd763f.jpg,公牛与舞者,Bull and Dancer,恐惧,theartling.com,,,,unknown,TheArtling painting browsing page,"title_filename_match_source_unresolved: title matched a local working-folder file, but the local folder does not identify the original source site/artist; verify before releasing image files. supplementary_negative_source_fallback: broad website-level source link, not a redistribution license.",https://theartling.com/en/art/painting,source_site_homepage_fallback,broad_source_site_fallback,Fallback broad source-site link assigned for supplementary negative items; use title_zh/title_en to search within the source site. This is not an exact work-page URL.
fd32fb776339,images_raw/fd32fb776339.jpg,沉思迷失,Pensive Lost,惊奇,artmajeur.com,,,https://github.com/hmer-boop/multistage-affect/blob/main/data/release_subset/images/artmajeur/fd32fb776339.jpg,unknown,Robert Van Den Herik,Exact title/filename match in local source folders; exact work-page URL and license still require verification.,https://www.artmajeur.com/robert-van-den-herik?view=grid&collections%5B0%5D=1744639&page=2,blocked_or_dynamic_manual_check_needed,,Artmajeur pages returned Cloudflare/browser challenge during command-line access; exact work URL requires manual browser verification.
7ccbf4d30534,images_raw/7ccbf4d30534.jpg,是的，我能,"Yes, I Can",敬畏,theartling.com,,,,unknown,TheArtling painting browsing page,"title_filename_match_source_unresolved: title matched a local working-folder file, but the local folder does not identify the original source site/artist; verify before releasing image files. supplementary_negative_source_fallback: broad website-level source link, not a redistribution license.",https://theartling.com/en/art/painting,source_site_homepage_fallback,broad_source_site_fallback,Fallback broad source-site link assigned for supplementary negative items; use title_zh/title_en to search within the source site. This is not an exact work-page URL.
023fc36cae8b,images_raw/023fc36cae8b.jpg,《穿越时空》,Timeless Journey,厌恶,huangjiannan.artron.net,,,,unknown,黄建南,needs_manual_review: title matches multiple local source-folder files; verify exact image before releasing image files. local_title_source_inference: source attribution checked against add pic folder names and title translation caches; not a redistribution license.,https://huangjiannan.artron.net/works_index_21,no_work_url_match_on_collection_pages,,No matching work title found in crawled collection pages. Local add-pic folder confirms title-to-artist/source attribution; exact work-page URL remains unverified.
08531ba6cd16,images_raw/08531ba6cd16.jpg,蓝莲花,Blue Lotus,悲伤,guanpuxue.artron.net,,,,unknown,管朴学,Exact title/filename match in local source folders; exact work-page URL and license still require verification. local_title_source_inference: source attribution checked against add pic folder names and title translation caches; not a redistribution license.,https://guanpuxue.artron.net/,no_work_url_match_on_collection_pages,,No matching work title found in crawled collection pages. Local add-pic folder confirms title-to-artist/source attribution; exact work-page URL remains unverified.
6d8969f1935f,images_raw/6d8969f1935f.jpg,偶蹄目,Artiodactyla,愤怒,artmajeur.com,,,https://github.com/hmer-boop/multistage-affect/blob/main/data/release_subset/images/artmajeur/6d8969f1935f.jpg,unknown,Milos Hronec,Exact title/filename match in local source folders; exact work-page URL and license still require verification.,https://www.artmajeur.com/milos-hronec?view=grid&collections%5B%5D=2390674,blocked_or_dynamic_manual_check_needed,,Artmajeur pages returned Cloudflare/browser challenge during command-line access; exact work URL requires manual browser verification.
a0b6a4908570,images_raw/a0b6a4908570.jpg,愤怒的男人,Angry Man,愤怒,artmajeur.com,,,https://github.com/hmer-boop/multistage-affect/blob/main/data/release_subset/images/artmajeur/a0b6a4908570.jpg,unknown,Milos Hronec,Exact title/filename match in local source folders; exact work-page URL and license still require verification.,https://www.artmajeur.com/milos-hronec?view=grid&collections%5B%5D=2390674,blocked_or_dynamic_manual_check_needed,,Artmajeur pages returned Cloudflare/browser challenge during command-line access; exact work URL requires manual browser verification.
a4fcd8aa1030,images_raw/a4fcd8aa1030.jpg,梦百合NO.6,Dream Lily No. 6,快乐,tiexin.artron.net,,,,unknown,铁心,Exact title/filename match in local source folders; exact work-page URL and license still require verification. local_title_source_inference: source attribution checked against add pic folder names and title translation caches; not a redistribution license.,https://tiexin.artron.net/,no_work_url_match_on_collection_pages,,No matching work title found in crawled collection pages. Local add-pic folder confirms title-to-artist/source attribution; exact work-page URL remains unverified.
93f86765442d,images_raw/93f86765442d.jpg,秋游,Autumn Outing,快乐,daize.artron.net,,,,unknown,戴泽,Exact title/filename match in local source folders; exact work-page URL and license still require verification. local_title_source_inference: source attribution checked against add pic folder names and title translation caches; not a redistribution license.,https://daize.artron.net/,no_work_url_match_on_collection_pages,,No matching work title found in crawled collection pages. Local add-pic folder confirms title-to-artist/source attribution; exact work-page URL remains unverified.
012fd97b40ea,images_raw/012fd97b40ea.jpg,傲慢,Arrogance,宁静,theartling.com,,,,unknown,TheArtling painting browsing page,"title_filename_match_source_unresolved: title matched a local working-folder file, but the local folder does not identify the original source site/artist; verify before releasing image files. supplementary_negative_source_fallback: broad website-level source link, not a redistribution license.",https://theartling.com/en/art/painting,source_site_homepage_fallback,broad_source_site_fallback,Fallback broad source-site link assigned for supplementary negative items; use title_zh/title_en to search within the source site. This is not an exact work-page URL.
5f906544042d,images_raw/5f906544042d.jpg,春巷,Spring Alley,厌恶,artmajeur.com,,,https://github.com/hmer-boop/multistage-affect/blob/main/data/release_subset/images/artmajeur/5f906544042d.jpg,unknown,Nga Tran,Exact title/filename match in local source folders; exact work-page URL and license still require verification.,https://www.artmajeur.com/nga-tran?view=grid&collections%5B%5D=2287606,blocked_or_dynamic_manual_check_needed,,Artmajeur pages returned Cloudflare/browser challenge during command-line access; exact work URL requires manual browser verification.
70f4e0a0d4dc,images_raw/70f4e0a0d4dc.jpg,阿里老羊倌,Old Shepherd Ali,恐惧,hanyuchen.artron.net,,,,unknown,韩玉臣,Exact title/filename match in local source folders; exact work-page URL and license still require verification. local_title_source_inference: source attribution checked against add pic folder names and title translation caches; not a redistribution license.,https://hanyuchen.artron.net/,no_work_url_match_on_collection_pages,,No matching work title found in crawled collection pages. Local add-pic folder confirms title-to-artist/source attribution; exact work-page URL remains unverified.
b080faf81093,images_raw/b080faf81093.jpg,承德秋色,Autumn Scenery in Chengde,悲伤,hanyuchen.artron.net,,,,unknown,韩玉臣,Exact title/filename match in local source folders; exact work-page URL and license still require verification. local_title_source_inference: source attribution checked against add pic folder names and title translation caches; not a redistribution license.,https://hanyuchen.artron.net/,no_work_url_match_on_collection_pages,,No matching work title found in crawled collection pages. Local add-pic folder confirms title-to-artist/source attribution; exact work-page URL remains unverified.
806581147a18,images_raw/806581147a18.jpg,莎迦农民,Saga Farmers,宁静,daize.artron.net,,,,unknown,戴泽,Exact title/filename match in local source folders; exact work-page URL and license still require verification. local_title_source_inference: source attribution checked against add pic folder names and title translation caches; not a redistribution license.,https://daize.artron.net/,no_work_url_match_on_collection_pages,,No matching work title found in crawled collection pages. Local add-pic folder confirms title-to-artist/source attribution; exact work-page URL remains unverified.
b86ef5c6fdf9,images_raw/b86ef5c6fdf9.jpg,第一颗星星,The First Star,恐惧,theartling.com,,,,unknown,TheArtling painting browsing page,"title_filename_match_source_unresolved: title matched a local working-folder file, but the local folder does not identify the original source site/artist; verify before releasing image files. supplementary_negative_source_fallback: broad website-level source link, not a redistribution license.",https://theartling.com/en/art/painting,source_site_homepage_fallback,broad_source_site_fallback,Fallback broad source-site link assigned for supplementary negative items; use title_zh/title_en to search within the source site. This is not an exact work-page URL.
f75c28d0cbee,images_raw/f75c28d0cbee.jpg,跳高,High Jump,快乐,artmajeur.com,,,https://github.com/hmer-boop/multistage-affect/blob/main/data/release_subset/images/artmajeur/f75c28d0cbee.jpg,unknown,Igor Shulman,Exact title/filename match in local source folders; exact work-page URL and license still require verification.,https://www.artmajeur.com/igor-shulman?view=grid&collections%5B%5D=1286191,blocked_or_dynamic_manual_check_needed,,Artmajeur pages returned Cloudflare/browser challenge during command-line access; exact work URL requires manual browser verification.
f86f7f65b5a8,images_raw/f86f7f65b5a8.jpg,爱猫爱狗爱宠物,"Love Cats, Love Dogs, Love Pets",厌恶,artmajeur.com,,,https://github.com/hmer-boop/multistage-affect/blob/main/data/release_subset/images/artmajeur/f86f7f65b5a8.jpg,unknown,Artmajeur painting browsing page,"title_filename_match_source_unresolved: title matched a local working-folder file, but the local folder does not identify the original source site/artist; verify before releasing image files. supplementary_negative_source_fallback: broad website-level source link, not a redistribution license.",https://www.artmajeur.com/zh/yi-shu-pin/hui-hua,source_site_homepage_fallback,broad_source_site_fallback,Fallback broad source-site link assigned for supplementary negative items; use title_zh/title_en to search within the source site. This is not an exact work-page URL.
1312bd181e76,images_raw/1312bd181e76.jpg,找到你的光芒,Trouve ta lumière,恐惧,artmajeur.com,,,https://github.com/hmer-boop/multistage-affect/blob/main/data/release_subset/images/artmajeur/1312bd181e76.jpg,unknown,Antoine Alran,Exact title/filename match in local source folders; exact work-page URL and license still require verification.,https://www.artmajeur.com/antoine-alran?view=grid&collections%5B%5D=2199799,blocked_or_dynamic_manual_check_needed,,Artmajeur pages returned Cloudflare/browser challenge during command-line access; exact work URL requires manual browser verification.
8504dfc707f1,images_raw/8504dfc707f1.jpg,存在危机,Existential Crisis,愤怒,artmajeur.com,,,https://github.com/hmer-boop/multistage-affect/blob/main/data/release_subset/images/artmajeur/8504dfc707f1.jpg,unknown,Milos Hronec,Exact title/filename match in local source folders; exact work-page URL and license still require verification.,https://www.artmajeur.com/milos-hronec?view=grid&collections%5B%5D=2390674,blocked_or_dynamic_manual_check_needed,,Artmajeur pages returned Cloudflare/browser challenge during command-line access; exact work URL requires manual browser verification.
47a1671704bf,images_raw/47a1671704bf.jpg,建设者,Builders,宁静,daize.artron.net,,,,unknown,戴泽,needs_manual_review: title matches multiple local source-folder files; verify exact image before releasing image files. local_title_source_inference: source attribution checked against add pic folder names and title translation caches; not a redistribution license.,https://daize.artron.net/,no_work_url_match_on_collection_pages,,No matching work title found in crawled collection pages. Local add-pic folder confirms title-to-artist/source attribution; exact work-page URL remains unverified.
cd180a38fc7a,images_raw/cd180a38fc7a.jpg,施塔恩贝格帆影,Sailboats on Lake Starnberg,宁静,artist.artron.net,https://artist.artron.net/artists5391/1-230318.html#w,,,unknown,苏阳阳,Exact title/filename match in local source folders; exact work-page URL and license still require verification.,https://artist.artron.net/artists5391/sale-0-0-0-1-1/,exact_work_url_candidate,title_match_on_source_collection_page,Matched collection-page work title: 苏阳阳油画作品--施塔恩贝格帆影
21542c5ac543,images_raw/21542c5ac543.jpg,我想要和平，而不是眼泪,"I Want Peace, Not Tears",快乐,theartling.com,,,,unknown,TheArtling painting browsing page,"No local title/filename source match found yet. supplementary_negative_source_fallback: broad website-level source link, not a redistribution license.",https://theartling.com/en/art/painting,source_site_homepage_fallback,broad_source_site_fallback,Fallback broad source-site link assigned for supplementary negative items; use title_zh/title_en to search within the source site. This is not an exact work-page URL.
24d60792ad18,images_raw/24d60792ad18.jpg,痛苦的时间,Time of Suffering,悲伤,theartling.com,,,,unknown,TheArtling painting browsing page,"title_filename_match_source_unresolved: title matched a local working-folder file, but the local folder does not identify the original source site/artist; verify before releasing image files. supplementary_negative_source_fallback: broad website-level source link, not a redistribution license.",https://theartling.com/en/art/painting,source_site_homepage_fallback,broad_source_site_fallback,Fallback broad source-site link assigned for supplementary negative items; use title_zh/title_en to search within the source site. This is not an exact work-page URL.
8754b997a1bf,images_raw/8754b997a1bf.jpg,艺伎 II,Geisha II,恐惧,theartling.com,,,,unknown,TheArtling painting browsing page,"No local title/filename source match found yet. supplementary_negative_source_fallback: broad website-level source link, not a redistribution license.",https://theartling.com/en/art/painting,source_site_homepage_fallback,broad_source_site_fallback,Fallback broad source-site link assigned for supplementary negative items; use title_zh/title_en to search within the source site. This is not an exact work-page URL.
f28e323f6f07,images_raw/f28e323f6f07.jpg,奇妙的飞翔,Marvelous Flight,惊奇,artmajeur.com,,,https://github.com/hmer-boop/multistage-affect/blob/main/data/release_subset/images/artmajeur/f28e323f6f07.jpg,unknown,Picrate,Exact title/filename match in local source folders; exact work-page URL and license still require verification.,https://www.artmajeur.com/picrate?view=grid&collections%5B%5D=1775407,blocked_or_dynamic_manual_check_needed,,Artmajeur pages returned Cloudflare/browser challenge during command-line access; exact work URL requires manual browser verification.
08455cf1eb43,images_raw/08455cf1eb43.jpg,乱云飞渡,Scudding Clouds,厌恶,baike.artron.net,,,,unknown,焦小健,Exact title/filename match in local source folders; exact work-page URL and license still require verification. local_title_source_inference: source attribution checked against add pic folder names and title translation caches; not a redistribution license.,https://baike.artron.net/artist?id=1958,no_work_url_match_on_collection_pages,,No matching work title found in crawled collection pages. Local add-pic folder confirms title-to-artist/source attribution; exact work-page URL remains unverified.
c10ed07770f8,images_raw/c10ed07770f8.jpg,修建新疆库尔勒火车站,Constructing the Korla Train Station in Xinjiang,恐惧,daize.artron.net,,,,unknown,戴泽,Exact title/filename match in local source folders; exact work-page URL and license still require verification. local_title_source_inference: source attribution checked against add pic folder names and title translation caches; not a redistribution license.,https://daize.artron.net/,no_work_url_match_on_collection_pages,,No matching work title found in crawled collection pages. Local add-pic folder confirms title-to-artist/source attribution; exact work-page URL remains unverified.
9a2d71facbfa,images_raw/9a2d71facbfa.jpg,在清泉的水中,In the Clear Spring Water,惊奇,theartling.com,,,,unknown,TheArtling painting browsing page,"title_filename_match_source_unresolved: title matched a local working-folder file, but the local folder does not identify the original source site/artist; verify before releasing image files. supplementary_negative_source_fallback: broad website-level source link, not a redistribution license.",https://theartling.com/en/art/painting,source_site_homepage_fallback,broad_source_site_fallback,Fallback broad source-site link assigned for supplementary negative items; use title_zh/title_en to search within the source site. This is not an exact work-page URL.
3dc81be3aee9,images_raw/3dc81be3aee9.jpg,一段未指明的焦虑片段,An Unspecified Fragment of Anxiety,愤怒,artmajeur.com,,,https://github.com/hmer-boop/multistage-affect/blob/main/data/release_subset/images/artmajeur/3dc81be3aee9.jpg,unknown,Artmajeur painting browsing page,"title_filename_match_source_unresolved: title matched a local working-folder file, but the local folder does not identify the original source site/artist; verify before releasing image files. supplementary_negative_source_fallback: broad website-level source link, not a redistribution license.",https://www.artmajeur.com/zh/yi-shu-pin/hui-hua,source_site_homepage_fallback,broad_source_site_fallback,Fallback broad source-site link assigned for supplementary negative items; use title_zh/title_en to search within the source site. This is not an exact work-page URL.
c915ae732262,images_raw/c915ae732262.jpg,大新安岭的森林,The Forests of Greater Khingan,宁静,daize.artron.net,,,,unknown,戴泽,Exact title/filename match in local source folders; exact work-page URL and license still require verification. local_title_source_inference: source attribution checked against add pic folder names and title translation caches; not a redistribution license.,https://daize.artron.net/,no_work_url_match_on_collection_pages,,No matching work title found in crawled collection pages. Local add-pic folder confirms title-to-artist/source attribution; exact work-page URL remains unverified.
95a4e412b22a,images_raw/95a4e412b22a.jpg,云南之彩,Colors of Yunnan,快乐,daize.artron.net,,,,unknown,戴泽,Exact title/filename match in local source folders; exact work-page URL and license still require verification. local_title_source_inference: source attribution checked against add pic folder names and title translation caches; not a redistribution license.,https://daize.artron.net/,no_work_url_match_on_collection_pages,,No matching work title found in crawled collection pages. Local add-pic folder confirms title-to-artist/source attribution; exact work-page URL remains unverified.
4c8e20323835,images_raw/4c8e20323835.jpg,生存还是毁灭 II,To Be or Not to Be II,惊奇,artmajeur.com,,,https://github.com/hmer-boop/multistage-affect/blob/main/data/release_subset/images/artmajeur/4c8e20323835.jpg,unknown,Artmajeur painting browsing page,"title_filename_match_source_unresolved: title matched a local working-folder file, but the local folder does not identify the original source site/artist; verify before releasing image files. supplementary_negative_source_fallback: broad website-level source link, not a redistribution license.",https://www.artmajeur.com/zh/yi-shu-pin/hui-hua,source_site_homepage_fallback,broad_source_site_fallback,Fallback broad source-site link assigned for supplementary negative items; use title_zh/title_en to search within the source site. This is not an exact work-page URL.
14b6eeb1d5ce,images_raw/14b6eeb1d5ce.jpg,涡轮爱国者的政治提议,Political Proposal of the Turbine Patriot,快乐,artmajeur.com,,,https://github.com/hmer-boop/multistage-affect/blob/main/data/release_subset/images/artmajeur/14b6eeb1d5ce.jpg,unknown,Dags Vidulejs,"title_filename_match_source_unresolved: title matched a local working-folder file, but the local folder does not identify the original source site/artist; verify before releasing image files. local_title_source_inference: source attribution checked against add pic folder names and title translation caches; not a redistribution license.",https://www.artmajeur.com/dags-vidulejs?view=grid&collections%5B%5D=2194390,source_collection_inferred_from_local_title,local_title_or_translation_match,Source collection inferred from local add-pic folder using title_zh/title_en and translation-cache matching; exact work-page URL remains unverified.
b7f9d3683c2b,images_raw/b7f9d3683c2b.jpg,穹海凝眸,Gazing at the Vast Sky,恐惧,ading.artron.net,,,,unknown,阿丁,Exact title/filename match in local source folders; exact work-page URL and license still require verification. local_title_source_inference: source attribution checked against add pic folder names and title translation caches; not a redistribution license.,https://ading.artron.net/,no_work_url_match_on_collection_pages,,No matching work title found in crawled collection pages. Local add-pic folder confirms title-to-artist/source attribution; exact work-page URL remains unverified.
4c717b62cd99,images_raw/4c717b62cd99.jpg,好好学习,Study Hard,宁静,artmajeur.com,,,https://github.com/hmer-boop/multistage-affect/blob/main/data/release_subset/images/artmajeur/4c717b62cd99.jpg,unknown,Artmajeur painting browsing page,"title_filename_match_source_unresolved: title matched a local working-folder file, but the local folder does not identify the original source site/artist; verify before releasing image files. supplementary_negative_source_fallback: broad website-level source link, not a redistribution license.",https://www.artmajeur.com/zh/yi-shu-pin/hui-hua,source_site_homepage_fallback,broad_source_site_fallback,Fallback broad source-site link assigned for supplementary negative items; use title_zh/title_en to search within the source site. This is not an exact work-page URL.
2910b3ec4bea,images_raw/2910b3ec4bea.jpg,生命的源起,Origin of Life,悲伤,artist.artron.net,https://artist.artron.net/artists23471/2-384942.html#w,,,unknown,尘三,Exact title/filename match in local source folders; exact work-page URL and license still require verification.,https://artist.artron.net/artists23471/sale-0-0-0-7-1/,exact_work_url_candidate,title_match_on_source_collection_page,Matched collection-page work title: 生命的源起
2a90047f5f30,images_raw/2a90047f5f30.jpg,旷野,Wilderness,敬畏,daize.artron.net,,,,unknown,戴泽,Exact title/filename match in local source folders; exact work-page URL and license still require verification. local_title_source_inference: source attribution checked against add pic folder names and title translation caches; not a redistribution license.,https://daize.artron.net/,no_work_url_match_on_collection_pages,,No matching work title found in crawled collection pages. Local add-pic folder confirms title-to-artist/source attribution; exact work-page URL remains unverified.
f42bae375c68,images_raw/f42bae375c68.jpg,圣人之墓,Tomb of the Sage,恐惧,theartling.com,,,,unknown,TheArtling painting browsing page,"title_filename_match_source_unresolved: title matched a local working-folder file, but the local folder does not identify the original source site/artist; verify before releasing image files. supplementary_negative_source_fallback: broad website-level source link, not a redistribution license.",https://theartling.com/en/art/painting,source_site_homepage_fallback,broad_source_site_fallback,Fallback broad source-site link assigned for supplementary negative items; use title_zh/title_en to search within the source site. This is not an exact work-page URL.
82dae97f1718,images_raw/82dae97f1718.jpg,光雾秋色,Autumn Mist and Light,悲伤,ading.artron.net,,,,unknown,阿丁,Exact title/filename match in local source folders; exact work-page URL and license still require verification. local_title_source_inference: source attribution checked against add pic folder names and title translation caches; not a redistribution license.,https://ading.artron.net/,no_work_url_match_on_collection_pages,,No matching work title found in crawled collection pages. Local add-pic folder confirms title-to-artist/source attribution; exact work-page URL remains unverified.
6c5787c90201,images_raw/6c5787c90201.jpg,昊天,Vast Sky,愤怒,artist.artron.net,https://artist.artron.net/artists23471/2-384581.html#w,,,unknown,尘三,Exact title/filename match in local source folders; exact work-page URL and license still require verification.,https://artist.artron.net/artists23471/sale-0-0-0-7-1/,exact_work_url_candidate,title_match_on_source_collection_page,Matched collection-page work title: 昊天
54be9e80c788,images_raw/54be9e80c788.jpg,高原之花,Highland Flower,宁静,daize.artron.net; huangjiannan.artron.net,,,,unknown,戴泽; 黄建南,needs_manual_review: title matches multiple local source-folder files; verify exact image before releasing image files. local_title_source_inference: source attribution checked against add pic folder names and title translation caches; not a redistribution license.,https://daize.artron.net/; https://huangjiannan.artron.net/works_index_21,no_work_url_match_on_collection_pages,manual_check_needed,"Multiple candidate source collection URLs were available, but no single-work/detail-page URL was resolved automatically; verify exact image visually. Local add-pic folder confirms title-to-artist/source attribution; exact work-page URL remains unverified."
0c006cf8053d,images_raw/0c006cf8053d.jpg,世界是一个大家庭,The World is One Big Family,惊奇,artmajeur.com,,,https://github.com/hmer-boop/multistage-affect/blob/main/data/release_subset/images/artmajeur/0c006cf8053d.jpg,unknown,Picrate,Exact title/filename match in local source folders; exact work-page URL and license still require verification.,https://www.artmajeur.com/picrate?view=grid&collections%5B%5D=1775407,blocked_or_dynamic_manual_check_needed,,Artmajeur pages returned Cloudflare/browser challenge during command-line access; exact work URL requires manual browser verification.
1e1fac09ec6a,images_raw/1e1fac09ec6a.jpg,骗子,Liar,愤怒,artmajeur.com,,,https://github.com/hmer-boop/multistage-affect/blob/main/data/release_subset/images/artmajeur/1e1fac09ec6a.jpg,unknown,Milos Hronec,Exact title/filename match in local source folders; exact work-page URL and license still require verification.,https://www.artmajeur.com/milos-hronec?view=grid&collections%5B%5D=2390674,blocked_or_dynamic_manual_check_needed,,Artmajeur pages returned Cloudflare/browser challenge during command-line access; exact work URL requires manual browser verification.
af6b433a0636,images_raw/af6b433a0636.jpg,玉树青年,Jade Tree Youth,宁静,daize.artron.net,,,,unknown,戴泽,Exact title/filename match in local source folders; exact work-page URL and license still require verification. local_title_source_inference: source attribution checked against add pic folder names and title translation caches; not a redistribution license.,https://daize.artron.net/,no_work_url_match_on_collection_pages,,No matching work title found in crawled collection pages. Local add-pic folder confirms title-to-artist/source attribution; exact work-page URL remains unverified.
46c292c90935,images_raw/46c292c90935.jpg,镜山,Mirror Mountain,恐惧,guanpuxue.artron.net,,,,unknown,管朴学,Exact title/filename match in local source folders; exact work-page URL and license still require verification. local_title_source_inference: source attribution checked against add pic folder names and title translation caches; not a redistribution license.,https://guanpuxue.artron.net/,no_work_url_match_on_collection_pages,,No matching work title found in crawled collection pages. Local add-pic folder confirms title-to-artist/source attribution; exact work-page URL remains unverified.
5015332e0585,images_raw/5015332e0585.jpg,《大漠风情》,Desert Charm,惊奇,huangjiannan.artron.net,,,,unknown,黄建南,needs_manual_review: title matches multiple local source-folder files; verify exact image before releasing image files. local_title_source_inference: source attribution checked against add pic folder names and title translation caches; not a redistribution license.,https://huangjiannan.artron.net/works_index_21,no_work_url_match_on_collection_pages,,No matching work title found in crawled collection pages. Local add-pic folder confirms title-to-artist/source attribution; exact work-page URL remains unverified.
5896eae191c8,images_raw/5896eae191c8.jpg,江山似风清,Mountains and Rivers Like a Clear Breeze,敬畏,mazhangcheng.artron.net,,,,unknown,马章乘,Exact title/filename match in local source folders; exact work-page URL and license still require verification. local_title_source_inference: source attribution checked against add pic folder names and title translation caches; not a redistribution license.,https://mazhangcheng.artron.net/,no_work_url_match_on_collection_pages,,No matching work title found in crawled collection pages. Local add-pic folder confirms title-to-artist/source attribution; exact work-page URL remains unverified.
81f21b9d1214,images_raw/81f21b9d1214.jpg,清算时刻,Moment of Reckoning,恐惧,theartling.com,,,,unknown,TheArtling painting browsing page,"title_filename_match_source_unresolved: title matched a local working-folder file, but the local folder does not identify the original source site/artist; verify before releasing image files. supplementary_negative_source_fallback: broad website-level source link, not a redistribution license.",https://theartling.com/en/art/painting,source_site_homepage_fallback,broad_source_site_fallback,Fallback broad source-site link assigned for supplementary negative items; use title_zh/title_en to search within the source site. This is not an exact work-page URL.
776b4845431b,images_raw/776b4845431b.jpg,超越,Beyond,快乐,theartling.com,,,,unknown,TheArtling painting browsing page,"No local title/filename source match found yet. supplementary_negative_source_fallback: broad website-level source link, not a redistribution license.",https://theartling.com/en/art/painting,source_site_homepage_fallback,broad_source_site_fallback,Fallback broad source-site link assigned for supplementary negative items; use title_zh/title_en to search within the source site. This is not an exact work-page URL.
e0001cbfcf57,images_raw/e0001cbfcf57.jpg,大锡嘴,Big Tin Beak,宁静,daize.artron.net,,,,unknown,戴泽,Exact title/filename match in local source folders; exact work-page URL and license still require verification. local_title_source_inference: source attribution checked against add pic folder names and title translation caches; not a redistribution license.,https://daize.artron.net/,no_work_url_match_on_collection_pages,,No matching work title found in crawled collection pages. Local add-pic folder confirms title-to-artist/source attribution; exact work-page URL remains unverified.
1278288f5df4,images_raw/1278288f5df4.jpg,沐浴中的黛安,Diana Bathing,愤怒,artmajeur.com,,,https://github.com/hmer-boop/multistage-affect/blob/main/data/release_subset/images/artmajeur/1278288f5df4.jpg,unknown,Alain Vintenon,Exact title/filename match in local source folders; exact work-page URL and license still require verification.,https://www.artmajeur.com/alain-vintenon?view=grid&collections%5B%5D=2312140,blocked_or_dynamic_manual_check_needed,,Artmajeur pages returned Cloudflare/browser challenge during command-line access; exact work URL requires manual browser verification.
4aab7939c10d,images_raw/4aab7939c10d.jpg,共生,Symbiosis,宁静,artmajeur.com,,,https://github.com/hmer-boop/multistage-affect/blob/main/data/release_subset/images/artmajeur/4aab7939c10d.jpg,unknown,Jean-Humbert Savoldelli,Exact title/filename match in local source folders; exact work-page URL and license still require verification.,https://www.artmajeur.com/jean-humbert-savoldelli?view=grid&collections%5B%5D=1607818,blocked_or_dynamic_manual_check_needed,,Artmajeur pages returned Cloudflare/browser challenge during command-line access; exact work URL requires manual browser verification.
cb818bb33886,images_raw/cb818bb33886.jpg,互惠,Reciprocity,快乐,artmajeur.com,,,https://github.com/hmer-boop/multistage-affect/blob/main/data/release_subset/images/artmajeur/cb818bb33886.jpg,unknown,Robert Van Den Herik,Exact title/filename match in local source folders; exact work-page URL and license still require verification.,https://www.artmajeur.com/robert-van-den-herik?view=grid&collections%5B0%5D=1744639&page=2,blocked_or_dynamic_manual_check_needed,,Artmajeur pages returned Cloudflare/browser challenge during command-line access; exact work URL requires manual browser verification.
a07976bbfe5f,images_raw/a07976bbfe5f.jpg,巅峰,Peak,悲伤,artmajeur.com,,,,unknown,Artmajeur painting browsing page,"No local title/filename source match found yet. supplementary_negative_source_fallback: broad website-level source link, not a redistribution license.",https://www.artmajeur.com/zh/yi-shu-pin/hui-hua,source_site_homepage_fallback,broad_source_site_fallback,Fallback broad source-site link assigned for supplementary negative items; use title_zh/title_en to search within the source site. This is not an exact work-page URL.
dbec299f61c3,images_raw/dbec299f61c3.jpg,触,Touch,快乐,artist.artron.net,https://artist.artron.net/artists23462/2-381492.html#w,,,unknown,苏大朝,Exact title/filename match in local source folders; exact work-page URL and license still require verification.,https://artist.artron.net/artists23462/sale-0-0-0-1-1/,exact_work_url_candidate,title_match_on_source_collection_page,Matched collection-page work title: 触
2bb48deea443,images_raw/2bb48deea443.jpg,永恒的影响,Eternal Influence,厌恶,artmajeur.com,,,https://github.com/hmer-boop/multistage-affect/blob/main/data/release_subset/images/artmajeur/2bb48deea443.jpg,unknown,Dags Vidulejs,"title_filename_match_source_unresolved: title matched a local working-folder file, but the local folder does not identify the original source site/artist; verify before releasing image files. local_title_source_inference: source attribution checked against add pic folder names and title translation caches; not a redistribution license.",https://www.artmajeur.com/dags-vidulejs?view=grid&collections%5B%5D=2194390,source_collection_inferred_from_local_title,local_title_or_translation_match,Source collection inferred from local add-pic folder using title_zh/title_en and translation-cache matching; exact work-page URL remains unverified.
0b2b92989712,images_raw/0b2b92989712.jpg,生命节奏,Rhythm of Life,惊奇,artmajeur.com,,,https://github.com/hmer-boop/multistage-affect/blob/main/data/release_subset/images/artmajeur/0b2b92989712.jpg,unknown,Nga Tran,Exact title/filename match in local source folders; exact work-page URL and license still require verification.,https://www.artmajeur.com/nga-tran?view=grid&collections%5B%5D=2287606,blocked_or_dynamic_manual_check_needed,,Artmajeur pages returned Cloudflare/browser challenge during command-line access; exact work URL requires manual browser verification.
01252760995f,images_raw/01252760995f.jpg,《时空》,Spacetime,快乐,huangjiannan.artron.net,,,,unknown,黄建南,needs_manual_review: title matches multiple local source-folder files; verify exact image before releasing image files. local_title_source_inference: source attribution checked against add pic folder names and title translation caches; not a redistribution license.,https://huangjiannan.artron.net/works_index_21,no_work_url_match_on_collection_pages,,No matching work title found in crawled collection pages. Local add-pic folder confirms title-to-artist/source attribution; exact work-page URL remains unverified.
184be999791b,images_raw/184be999791b.jpg,鹦鹉与女性同行,Parrot and Woman Walking Together,恐惧,theartling.com,,,,unknown,TheArtling painting browsing page,"title_filename_match_source_unresolved: title matched a local working-folder file, but the local folder does not identify the original source site/artist; verify before releasing image files. supplementary_negative_source_fallback: broad website-level source link, not a redistribution license.",https://theartling.com/en/art/painting,source_site_homepage_fallback,broad_source_site_fallback,Fallback broad source-site link assigned for supplementary negative items; use title_zh/title_en to search within the source site. This is not an exact work-page URL.
b661535ffe1b,images_raw/b661535ffe1b.jpg,坝上暮色,Evening at Bashang,厌恶,artist.artron.net,https://artist.artron.net/artists5391/1-230308.html#w,,,unknown,苏阳阳,Exact title/filename match in local source folders; exact work-page URL and license still require verification.,https://artist.artron.net/artists5391/sale-0-0-0-1-1/,exact_work_url_candidate,title_match_on_source_collection_page,Matched collection-page work title: 苏阳阳油画作品：坝上暮色
b29fc468059d,images_raw/b29fc468059d.jpg,斗牛士,Matador,恐惧,artmajeur.com,,,https://github.com/hmer-boop/multistage-affect/blob/main/data/release_subset/images/artmajeur/b29fc468059d.jpg,unknown,Jean-Humbert Savoldelli,Exact title/filename match in local source folders; exact work-page URL and license still require verification.,https://www.artmajeur.com/jean-humbert-savoldelli?view=grid&collections%5B%5D=1607818,blocked_or_dynamic_manual_check_needed,,Artmajeur pages returned Cloudflare/browser challenge during command-line access; exact work URL requires manual browser verification.
df6fef0c8fff,images_raw/df6fef0c8fff.jpg,美丽的小瞬间,Beautiful Little Moment,厌恶,artmajeur.com,,,https://github.com/hmer-boop/multistage-affect/blob/main/data/release_subset/images/artmajeur/df6fef0c8fff.jpg,unknown,Milos Hronec,Exact title/filename match in local source folders; exact work-page URL and license still require verification.,https://www.artmajeur.com/milos-hronec?view=grid&collections%5B%5D=2390674,blocked_or_dynamic_manual_check_needed,,Artmajeur pages returned Cloudflare/browser challenge during command-line access; exact work URL requires manual browser verification.
cf52f1ad0b48,images_raw/cf52f1ad0b48.jpg,日食,Eclipse,恐惧,artmajeur.com,,,https://github.com/hmer-boop/multistage-affect/blob/main/data/release_subset/images/artmajeur/cf52f1ad0b48.jpg,unknown,Annabelle Amory,Exact title/filename match in local source folders; exact work-page URL and license still require verification.,https://www.artmajeur.com/annabelle-amory?view=grid&collections%5B%5D=2064842,blocked_or_dynamic_manual_check_needed,,Artmajeur pages returned Cloudflare/browser challenge during command-line access; exact work URL requires manual browser verification.
dd385488dbc1,images_raw/dd385488dbc1.jpg,飞行,Flight,敬畏,theartling.com,,,,unknown,TheArtling painting browsing page,"No local title/filename source match found yet. supplementary_negative_source_fallback: broad website-level source link, not a redistribution license.",https://theartling.com/en/art/painting,source_site_homepage_fallback,broad_source_site_fallback,Fallback broad source-site link assigned for supplementary negative items; use title_zh/title_en to search within the source site. This is not an exact work-page URL.
429f6fb5a363,images_raw/429f6fb5a363.jpg,你在沉默中哭泣,Crying in Silence,厌恶,artmajeur.com,,,https://github.com/hmer-boop/multistage-affect/blob/main/data/release_subset/images/artmajeur/429f6fb5a363.jpg,unknown,Artmajeur painting browsing page,"title_filename_match_source_unresolved: title matched a local working-folder file, but the local folder does not identify the original source site/artist; verify before releasing image files. supplementary_negative_source_fallback: broad website-level source link, not a redistribution license.",https://www.artmajeur.com/zh/yi-shu-pin/hui-hua,source_site_homepage_fallback,broad_source_site_fallback,Fallback broad source-site link assigned for supplementary negative items; use title_zh/title_en to search within the source site. This is not an exact work-page URL.
eb4303a8bb3c,images_raw/eb4303a8bb3c.jpg,金色回声,Golden Echo,宁静,artmajeur.com,,,https://github.com/hmer-boop/multistage-affect/blob/main/data/release_subset/images/artmajeur/eb4303a8bb3c.jpg,unknown,Alex Senchenko,Exact title/filename match in local source folders; exact work-page URL and license still require verification.,https://www.artmajeur.com/senchenko?view=grid&collections%5B%5D=1872680,blocked_or_dynamic_manual_check_needed,,Artmajeur pages returned Cloudflare/browser challenge during command-line access; exact work URL requires manual browser verification.
e28f63fde1bf,images_raw/e28f63fde1bf.jpg,金色降临,Golden Arrival,快乐,artmajeur.com,,,https://github.com/hmer-boop/multistage-affect/blob/main/data/release_subset/images/artmajeur/e28f63fde1bf.jpg,unknown,Alex Senchenko,Exact title/filename match in local source folders; exact work-page URL and license still require verification.,https://www.artmajeur.com/senchenko?view=grid&collections%5B%5D=1872680,blocked_or_dynamic_manual_check_needed,,Artmajeur pages returned Cloudflare/browser challenge during command-line access; exact work URL requires manual browser verification.
5c21137058dc,images_raw/5c21137058dc.jpg,梦百合NO.17,Dream Lily No. 17,厌恶,tiexin.artron.net,,,,unknown,铁心,Exact title/filename match in local source folders; exact work-page URL and license still require verification. local_title_source_inference: source attribution checked against add pic folder names and title translation caches; not a redistribution license.,https://tiexin.artron.net/,no_work_url_match_on_collection_pages,,No matching work title found in crawled collection pages. Local add-pic folder confirms title-to-artist/source attribution; exact work-page URL remains unverified.
df934ec0cfa8,images_raw/df934ec0cfa8.jpg,川流不息,Endless Flow,惊奇,artist.artron.net,https://artist.artron.net/artists5391/1-142000.html#w,,,unknown,苏阳阳,Exact title/filename match in local source folders; exact work-page URL and license still require verification.,https://artist.artron.net/artists5391/sale-0-0-0-1-1/,exact_work_url_candidate,title_match_on_source_collection_page,Matched collection-page work title: 川流不息
4e22cb6f04b9,images_raw/4e22cb6f04b9.jpg,馊主意,Bad Idea,厌恶,artmajeur.com,,,https://github.com/hmer-boop/multistage-affect/blob/main/data/release_subset/images/artmajeur/4e22cb6f04b9.jpg,unknown,Artmajeur painting browsing page,"title_filename_match_source_unresolved: title matched a local working-folder file, but the local folder does not identify the original source site/artist; verify before releasing image files. supplementary_negative_source_fallback: broad website-level source link, not a redistribution license.",https://www.artmajeur.com/zh/yi-shu-pin/hui-hua,source_site_homepage_fallback,broad_source_site_fallback,Fallback broad source-site link assigned for supplementary negative items; use title_zh/title_en to search within the source site. This is not an exact work-page URL.
42dbb4c4a1c4,images_raw/42dbb4c4a1c4.jpg,武松与虎斗,Wu Song Fights the Tiger,恐惧,artmajeur.com,,,https://github.com/hmer-boop/multistage-affect/blob/main/data/release_subset/images/artmajeur/42dbb4c4a1c4.jpg,unknown,Artmajeur painting browsing page,"title_filename_match_source_unresolved: title matched a local working-folder file, but the local folder does not identify the original source site/artist; verify before releasing image files. supplementary_negative_source_fallback: broad website-level source link, not a redistribution license.",https://www.artmajeur.com/zh/yi-shu-pin/hui-hua,source_site_homepage_fallback,broad_source_site_fallback,Fallback broad source-site link assigned for supplementary negative items; use title_zh/title_en to search within the source site. This is not an exact work-page URL.
c288e629c7a8,images_raw/c288e629c7a8.jpg,回家的路上,On the Way Home,快乐,artmajeur.com,,,https://github.com/hmer-boop/multistage-affect/blob/main/data/release_subset/images/artmajeur/c288e629c7a8.jpg,unknown,Robert Van Den Herik,Exact title/filename match in local source folders; exact work-page URL and license still require verification.,https://www.artmajeur.com/robert-van-den-herik?view=grid&collections%5B0%5D=1744639&page=2,blocked_or_dynamic_manual_check_needed,,Artmajeur pages returned Cloudflare/browser challenge during command-line access; exact work URL requires manual browser verification.
b6c2cdc191a6,images_raw/b6c2cdc191a6.jpg,美丽无处不在,Beauty Is Everywhere,惊奇,artmajeur.com,,,https://github.com/hmer-boop/multistage-affect/blob/main/data/release_subset/images/artmajeur/b6c2cdc191a6.jpg,unknown,Ganiyat Abdulazeez,Exact title/filename match in local source folders; exact work-page URL and license still require verification.,https://www.artmajeur.com/ganiyat-abdulazeez?view=grid&collections%5B%5D=2121668,blocked_or_dynamic_manual_check_needed,,Artmajeur pages returned Cloudflare/browser challenge during command-line access; exact work URL requires manual browser verification.
2a946166afb9,images_raw/2a946166afb9.jpg,了不起的父母,Remarkable Parents,快乐,artmajeur.com,,,https://github.com/hmer-boop/multistage-affect/blob/main/data/release_subset/images/artmajeur/2a946166afb9.jpg,unknown,Picrate,Exact title/filename match in local source folders; exact work-page URL and license still require verification.,https://www.artmajeur.com/picrate?view=grid&collections%5B%5D=1775407,blocked_or_dynamic_manual_check_needed,,Artmajeur pages returned Cloudflare/browser challenge during command-line access; exact work URL requires manual browser verification.
2a288cf75bb4,images_raw/2a288cf75bb4.jpg,月球之旅,Journey to the Moon,悲伤,theartling.com,,,,unknown,TheArtling painting browsing page,"No local title/filename source match found yet. supplementary_negative_source_fallback: broad website-level source link, not a redistribution license.",https://theartling.com/en/art/painting,source_site_homepage_fallback,broad_source_site_fallback,Fallback broad source-site link assigned for supplementary negative items; use title_zh/title_en to search within the source site. This is not an exact work-page URL.
0240c1cfde86,images_raw/0240c1cfde86.jpg,《星际》,Interstellar,惊奇,artist.artron.net; huangjiannan.artron.net,https://artist.artron.net/artists314/1-383689.html#w,,,unknown,党中华; 黄建南,needs_manual_review: title matches multiple local source-folder files; verify exact image before releasing image files.,https://artist.artron.net/artists314; https://huangjiannan.artron.net/works_index_21,exact_work_url_candidate,title_match_on_source_collection_page,Matched collection-page work title: 《星际》50x60.2022.党中华油画2233.jpg
01cf68b3e4d7,images_raw/01cf68b3e4d7.jpg,逆风,Against the Wind,厌恶,artmajeur.com,,,https://github.com/hmer-boop/multistage-affect/blob/main/data/release_subset/images/artmajeur/01cf68b3e4d7.jpg,unknown,Jean-Humbert Savoldelli,Exact title/filename match in local source folders; exact work-page URL and license still require verification.,https://www.artmajeur.com/jean-humbert-savoldelli?view=grid&collections%5B%5D=1607818,blocked_or_dynamic_manual_check_needed,,Artmajeur pages returned Cloudflare/browser challenge during command-line access; exact work URL requires manual browser verification.
f4a566d593e1,images_raw/f4a566d593e1.jpg,黑白映光,Black and White Reflection,惊奇,artist.artron.net,https://artist.artron.net/artists5391/2-245690.html#w,,,unknown,苏阳阳,Exact title/filename match in local source folders; exact work-page URL and license still require verification.,https://artist.artron.net/artists5391/sale-0-0-0-1-1/,exact_work_url_candidate,title_match_on_source_collection_page,Matched collection-page work title: 黑白映光
2f0f3f900c84,images_raw/2f0f3f900c84.jpg,不安的房间,Uneasy Room,恐惧,theartling.com,,,,unknown,TheArtling painting browsing page,"title_filename_match_source_unresolved: title matched a local working-folder file, but the local folder does not identify the original source site/artist; verify before releasing image files. supplementary_negative_source_fallback: broad website-level source link, not a redistribution license.",https://theartling.com/en/art/painting,source_site_homepage_fallback,broad_source_site_fallback,Fallback broad source-site link assigned for supplementary negative items; use title_zh/title_en to search within the source site. This is not an exact work-page URL.
1dc4834b94cd,images_raw/1dc4834b94cd.jpg,生产队长的心愿——不带菜的窝窝头,The Team Leader's Wish: Plain Cornbread,快乐,daize.artron.net,,,,unknown,戴泽,Exact title/filename match in local source folders; exact work-page URL and license still require verification. local_title_source_inference: source attribution checked against add pic folder names and title translation caches; not a redistribution license.,https://daize.artron.net/,no_work_url_match_on_collection_pages,,No matching work title found in crawled collection pages. Local add-pic folder confirms title-to-artist/source attribution; exact work-page URL remains unverified.
7bb2674c7d1b,images_raw/7bb2674c7d1b.jpg,五月长白,May in Changbai,恐惧,theartling.com,,,,unknown,TheArtling painting browsing page,"No local title/filename source match found yet. supplementary_negative_source_fallback: broad website-level source link, not a redistribution license.",https://theartling.com/en/art/painting,source_site_homepage_fallback,broad_source_site_fallback,Fallback broad source-site link assigned for supplementary negative items; use title_zh/title_en to search within the source site. This is not an exact work-page URL.
8e790c84a78b,images_raw/8e790c84a78b.jpg,卧佛寺银杏,Ginkgo at the Reclining Buddha Temple,宁静,daize.artron.net,,,,unknown,戴泽,Exact title/filename match in local source folders; exact work-page URL and license still require verification. local_title_source_inference: source attribution checked against add pic folder names and title translation caches; not a redistribution license.,https://daize.artron.net/,no_work_url_match_on_collection_pages,,No matching work title found in crawled collection pages. Local add-pic folder confirms title-to-artist/source attribution; exact work-page URL remains unverified.
19b681c2ab3c,images_raw/19b681c2ab3c.jpg,一家子,Family,快乐,chenkezhi.artron.net; hanyuchen.artron.net,,,,unknown,陈可之; 韩玉臣,needs_manual_review: title matches multiple local source-folder files; verify exact image before releasing image files. local_title_source_inference: source attribution checked against add pic folder names and title translation caches; not a redistribution license.,https://chenkezhi.artron.net/works_index_1; https://hanyuchen.artron.net/,no_work_url_match_on_collection_pages,manual_check_needed,"Multiple candidate source collection URLs were available, but no single-work/detail-page URL was resolved automatically; verify exact image visually. Local add-pic folder confirms title-to-artist/source attribution; exact work-page URL remains unverified."
be9bef105d82,images_raw/be9bef105d82.jpg,三个文人,Three Scholars,宁静,theartling.com,,,,unknown,TheArtling painting browsing page,"title_filename_match_source_unresolved: title matched a local working-folder file, but the local folder does not identify the original source site/artist; verify before releasing image files. supplementary_negative_source_fallback: broad website-level source link, not a redistribution license.",https://theartling.com/en/art/painting,source_site_homepage_fallback,broad_source_site_fallback,Fallback broad source-site link assigned for supplementary negative items; use title_zh/title_en to search within the source site. This is not an exact work-page URL.
0b65f4c5efb7,images_raw/0b65f4c5efb7.jpg,《丽色班公湖》,Beautiful Colors of Bangong Lake,愤怒,huangjiannan.artron.net,,,,unknown,黄建南,needs_manual_review: title matches multiple local source-folder files; verify exact image before releasing image files. local_title_source_inference: source attribution checked against add pic folder names and title translation caches; not a redistribution license.,https://huangjiannan.artron.net/works_index_21,no_work_url_match_on_collection_pages,,No matching work title found in crawled collection pages. Local add-pic folder confirms title-to-artist/source attribution; exact work-page URL remains unverified.
aa04d3a59666,images_raw/aa04d3a59666.jpg,昨晚回家晚了,Got Home Late Last Night,宁静,artmajeur.com,,,https://github.com/hmer-boop/multistage-affect/blob/main/data/release_subset/images/artmajeur/aa04d3a59666.jpg,unknown,Robert Van Den Herik,Exact title/filename match in local source folders; exact work-page URL and license still require verification.,https://www.artmajeur.com/robert-van-den-herik?view=grid&collections%5B0%5D=1744639&page=2,blocked_or_dynamic_manual_check_needed,,Artmajeur pages returned Cloudflare/browser challenge during command-line access; exact work URL requires manual browser verification.
3a775e620d08,images_raw/3a775e620d08.jpg,拙劣的时光,Awkward Times,悲伤,artmajeur.com,,,https://github.com/hmer-boop/multistage-affect/blob/main/data/release_subset/images/artmajeur/3a775e620d08.jpg,unknown,Artmajeur painting browsing page,"title_filename_match_source_unresolved: title matched a local working-folder file, but the local folder does not identify the original source site/artist; verify before releasing image files. supplementary_negative_source_fallback: broad website-level source link, not a redistribution license.",https://www.artmajeur.com/zh/yi-shu-pin/hui-hua,source_site_homepage_fallback,broad_source_site_fallback,Fallback broad source-site link assigned for supplementary negative items; use title_zh/title_en to search within the source site. This is not an exact work-page URL.
7abd4bc6b427,images_raw/7abd4bc6b427.jpg,交错舞步,Interlaced Dance Steps,快乐,artmajeur.com,,,https://github.com/hmer-boop/multistage-affect/blob/main/data/release_subset/images/artmajeur/7abd4bc6b427.jpg,unknown,Jean-Humbert Savoldelli,Exact title/filename match in local source folders; exact work-page URL and license still require verification.,https://www.artmajeur.com/jean-humbert-savoldelli?view=grid&collections%5B%5D=1607818,blocked_or_dynamic_manual_check_needed,,Artmajeur pages returned Cloudflare/browser challenge during command-line access; exact work URL requires manual browser verification.
0c4c376fd752,images_raw/0c4c376fd752.jpg,在无花果树荫下,In the Shade of the Fig Tree,快乐,artmajeur.com,,,https://github.com/hmer-boop/multistage-affect/blob/main/data/release_subset/images/artmajeur/0c4c376fd752.jpg,unknown,Alain Vintenon,Exact title/filename match in local source folders; exact work-page URL and license still require verification.,https://www.artmajeur.com/alain-vintenon?view=grid&collections%5B%5D=2312140,blocked_or_dynamic_manual_check_needed,,Artmajeur pages returned Cloudflare/browser challenge during command-line access; exact work URL requires manual browser verification.
a00325882fb9,images_raw/a00325882fb9.jpg,手势,Gesture,惊奇,artmajeur.com,,,https://github.com/hmer-boop/multistage-affect/blob/main/data/release_subset/images/artmajeur/a00325882fb9.jpg,unknown,Viktor Sheleg,Exact title/filename match in local source folders; exact work-page URL and license still require verification.,https://www.artmajeur.com/zh/yi-shu-pin?hybrid_query=%20Viktor%20Sheleg%20,blocked_or_dynamic_manual_check_needed,,Artmajeur pages returned Cloudflare/browser challenge during command-line access; exact work URL requires manual browser verification.
4c25ac9780ad,images_raw/4c25ac9780ad.jpg,永恒的爱侣,Eternal Lovers,宁静,theartling.com,,,,unknown,TheArtling painting browsing page,"No local title/filename source match found yet. supplementary_negative_source_fallback: broad website-level source link, not a redistribution license.",https://theartling.com/en/art/painting,source_site_homepage_fallback,broad_source_site_fallback,Fallback broad source-site link assigned for supplementary negative items; use title_zh/title_en to search within the source site. This is not an exact work-page URL.
515a5b3133a9,images_raw/515a5b3133a9.jpg,火灾,Fire,恐惧,theartling.com,,,,unknown,TheArtling painting browsing page,"title_filename_match_source_unresolved: title matched a local working-folder file, but the local folder does not identify the original source site/artist; verify before releasing image files. supplementary_negative_source_fallback: broad website-level source link, not a redistribution license.",https://theartling.com/en/art/painting,source_site_homepage_fallback,broad_source_site_fallback,Fallback broad source-site link assigned for supplementary negative items; use title_zh/title_en to search within the source site. This is not an exact work-page URL.
e12380e35ca6,images_raw/e12380e35ca6.jpg,牛头怪,Minotaur,惊奇,artmajeur.com,,,https://github.com/hmer-boop/multistage-affect/blob/main/data/release_subset/images/artmajeur/e12380e35ca6.jpg,unknown,Artmajeur painting browsing page,"title_filename_match_source_unresolved: title matched a local working-folder file, but the local folder does not identify the original source site/artist; verify before releasing image files. supplementary_negative_source_fallback: broad website-level source link, not a redistribution license.",https://www.artmajeur.com/zh/yi-shu-pin/hui-hua,source_site_homepage_fallback,broad_source_site_fallback,Fallback broad source-site link assigned for supplementary negative items; use title_zh/title_en to search within the source site. This is not an exact work-page URL.
21b748333617,images_raw/21b748333617.jpg,圣诞童话,CHRISTMAS FAIRY TALE,惊奇,artmajeur.com,,,https://github.com/hmer-boop/multistage-affect/blob/main/data/release_subset/images/artmajeur/21b748333617.jpg,unknown,Dags Vidulejs,Exact title/filename match in local source folders; exact work-page URL and license still require verification.,https://www.artmajeur.com/dags-vidulejs?view=grid&collections%5B%5D=2194390,blocked_or_dynamic_manual_check_needed,,Artmajeur pages returned Cloudflare/browser challenge during command-line access; exact work URL requires manual browser verification.
24ba661732cd,images_raw/24ba661732cd.jpg,邻居的日常生活,EVERY DAY LIFE of NEIGHBORS,恐惧,artmajeur.com,,,https://github.com/hmer-boop/multistage-affect/blob/main/data/release_subset/images/artmajeur/24ba661732cd.jpg,unknown,Dags Vidulejs,Exact title/filename match in local source folders; exact work-page URL and license still require verification.,https://www.artmajeur.com/dags-vidulejs?view=grid&collections%5B%5D=2194390,blocked_or_dynamic_manual_check_needed,,Artmajeur pages returned Cloudflare/browser challenge during command-line access; exact work URL requires manual browser verification.
7ebd9e449369,images_raw/7ebd9e449369.jpg,《荷塘追梦系列之六》,Pursuing Dreams in the Lotus Pond Series No. 6,愤怒,tiexin.artron.net,,,,unknown,铁心,Exact title/filename match in local source folders; exact work-page URL and license still require verification. local_title_source_inference: source attribution checked against add pic folder names and title translation caches; not a redistribution license.,https://tiexin.artron.net/,no_work_url_match_on_collection_pages,,No matching work title found in crawled collection pages. Local add-pic folder confirms title-to-artist/source attribution; exact work-page URL remains unverified.
ea48b59e8c1c,images_raw/ea48b59e8c1c.jpg,徐悲鸿,Xu Beihong,敬畏,daize.artron.net,,,,unknown,戴泽,Exact title/filename match in local source folders; exact work-page URL and license still require verification. local_title_source_inference: source attribution checked against add pic folder names and title translation caches; not a redistribution license.,https://daize.artron.net/,no_work_url_match_on_collection_pages,,No matching work title found in crawled collection pages. Local add-pic folder confirms title-to-artist/source attribution; exact work-page URL remains unverified.
279901b23290,images_raw/279901b23290.jpg,《超能量》,Super Energy,愤怒,huangjiannan.artron.net,,,,unknown,黄建南,needs_manual_review: title matches multiple local source-folder files; verify exact image before releasing image files. local_title_source_inference: source attribution checked against add pic folder names and title translation caches; not a redistribution license.,https://huangjiannan.artron.net/works_index_21,no_work_url_match_on_collection_pages,,No matching work title found in crawled collection pages. Local add-pic folder confirms title-to-artist/source attribution; exact work-page URL remains unverified.
6906596220e0,images_raw/6906596220e0.jpg,初春知山青,"Early Spring, Knowing the Mountains are Green",宁静,mazhangcheng.artron.net,,,,unknown,马章乘,Exact title/filename match in local source folders; exact work-page URL and license still require verification. local_title_source_inference: source attribution checked against add pic folder names and title translation caches; not a redistribution license.,https://mazhangcheng.artron.net/,no_work_url_match_on_collection_pages,,No matching work title found in crawled collection pages. Local add-pic folder confirms title-to-artist/source attribution; exact work-page URL remains unverified.
24fdad87bf82,images_raw/24fdad87bf82.jpg,被遗忘的玩具,Forgotten Toys,惊奇,artmajeur.com,,,https://github.com/hmer-boop/multistage-affect/blob/main/data/release_subset/images/artmajeur/24fdad87bf82.jpg,unknown,Artmajeur painting browsing page,"title_filename_match_source_unresolved: title matched a local working-folder file, but the local folder does not identify the original source site/artist; verify before releasing image files. supplementary_negative_source_fallback: broad website-level source link, not a redistribution license.",https://www.artmajeur.com/zh/yi-shu-pin/hui-hua,source_site_homepage_fallback,broad_source_site_fallback,Fallback broad source-site link assigned for supplementary negative items; use title_zh/title_en to search within the source site. This is not an exact work-page URL.
438a768615a3,images_raw/438a768615a3.jpg,童趣天成,Innocence Naturally,恐惧,hanyuchen.artron.net,,,,unknown,韩玉臣,Exact title/filename match in local source folders; exact work-page URL and license still require verification. local_title_source_inference: source attribution checked against add pic folder names and title translation caches; not a redistribution license.,https://hanyuchen.artron.net/,no_work_url_match_on_collection_pages,,No matching work title found in crawled collection pages. Local add-pic folder confirms title-to-artist/source attribution; exact work-page URL remains unverified.
2a77f41f7618,images_raw/2a77f41f7618.jpg,社会主义民主德国见闻·柏林街头的火车,Train on the Streets of Berlin,宁静,daize.artron.net,,,,unknown,戴泽,Exact title/filename match in local source folders; exact work-page URL and license still require verification. local_title_source_inference: source attribution checked against add pic folder names and title translation caches; not a redistribution license.,https://daize.artron.net/,no_work_url_match_on_collection_pages,,No matching work title found in crawled collection pages. Local add-pic folder confirms title-to-artist/source attribution; exact work-page URL remains unverified.
a8132cc930c9,images_raw/a8132cc930c9.jpg,花开富贵,Blooming Prosperity,快乐,haiyang.artron.net; mazhangcheng.artron.net,,,,unknown,海阳; 马章乘,needs_manual_review: title matches multiple local source-folder files; verify exact image before releasing image files. local_title_source_inference: source attribution checked against add pic folder names and title translation caches; not a redistribution license.,https://haiyang.artron.net/works_index_1; https://mazhangcheng.artron.net/,no_work_url_match_on_collection_pages,manual_check_needed,"Multiple candidate source collection URLs were available, but no single-work/detail-page URL was resolved automatically; verify exact image visually. Local add-pic folder confirms title-to-artist/source attribution; exact work-page URL remains unverified."
37c03019096a,images_raw/37c03019096a.jpg,关于人和鸟,About Humans and Birds,宁静,artmajeur.com,,,https://github.com/hmer-boop/multistage-affect/blob/main/data/release_subset/images/artmajeur/37c03019096a.jpg,unknown,Igor Shulman,Exact title/filename match in local source folders; exact work-page URL and license still require verification.,https://www.artmajeur.com/igor-shulman?view=grid&collections%5B%5D=1286191,blocked_or_dynamic_manual_check_needed,,Artmajeur pages returned Cloudflare/browser challenge during command-line access; exact work URL requires manual browser verification.
3714cb01b381,images_raw/3714cb01b381.jpg,爱,Love,愤怒,artist.artron.net,https://artist.artron.net/artists23462/2-382364.html#w,,,unknown,苏大朝,Exact title/filename match in local source folders; exact work-page URL and license still require verification.,https://artist.artron.net/artists23462/sale-0-0-0-1-1/,exact_work_url_candidate,title_match_on_source_collection_page,Matched collection-page work title: 爱
4e8cf82d22dd,images_raw/4e8cf82d22dd.jpg,冰荷花,Frozen Lotus,惊奇,guanpuxue.artron.net,,,,unknown,管朴学,Exact title/filename match in local source folders; exact work-page URL and license still require verification. local_title_source_inference: source attribution checked against add pic folder names and title translation caches; not a redistribution license.,https://guanpuxue.artron.net/,no_work_url_match_on_collection_pages,,No matching work title found in crawled collection pages. Local add-pic folder confirms title-to-artist/source attribution; exact work-page URL remains unverified.
b38ea6b2f3f9,images_raw/b38ea6b2f3f9.jpg,吻,Kiss,宁静,artmajeur.com,,,https://github.com/hmer-boop/multistage-affect/blob/main/data/release_subset/images/artmajeur/b38ea6b2f3f9.jpg,unknown,Jean-Humbert Savoldelli,Exact title/filename match in local source folders; exact work-page URL and license still require verification.,https://www.artmajeur.com/jean-humbert-savoldelli?view=grid&collections%5B%5D=1607818,blocked_or_dynamic_manual_check_needed,,Artmajeur pages returned Cloudflare/browser challenge during command-line access; exact work URL requires manual browser verification.
08c6e2d550ba,images_raw/08c6e2d550ba.jpg,平静的湖,Calm Lake,厌恶,artist.artron.net,,,,unknown,苏阳阳,Exact title/filename match in local source folders; exact work-page URL and license still require verification. local_title_source_inference: source attribution checked against add pic folder names and title translation caches; not a redistribution license.,https://artist.artron.net/artists5391/sale-0-0-0-1-1/,no_work_url_match_on_collection_pages,,No matching work title found in crawled collection pages. Local add-pic folder confirms title-to-artist/source attribution; exact work-page URL remains unverified.
ef298d42dcb3,images_raw/ef298d42dcb3.jpg,入胜,Enthralling,敬畏,hanyuchen.artron.net,,,,unknown,韩玉臣,Exact title/filename match in local source folders; exact work-page URL and license still require verification. local_title_source_inference: source attribution checked against add pic folder names and title translation caches; not a redistribution license.,https://hanyuchen.artron.net/,no_work_url_match_on_collection_pages,,No matching work title found in crawled collection pages. Local add-pic folder confirms title-to-artist/source attribution; exact work-page URL remains unverified.
690091d15403,images_raw/690091d15403.jpg,犀之爱,Rhinoceros Love,惊奇,artist.artron.net,https://artist.artron.net/artists23462/2-381541.html#w,,,unknown,苏大朝,Exact title/filename match in local source folders; exact work-page URL and license still require verification.,https://artist.artron.net/artists23462/sale-0-0-0-1-1/,exact_work_url_candidate,title_match_on_source_collection_page,Matched collection-page work title: 犀之爱
2e127cc1741f,images_raw/2e127cc1741f.jpg,楠楠的幸福,Nan's Happiness,敬畏,haiyang.artron.net,,,,unknown,海阳,Exact title/filename match in local source folders; exact work-page URL and license still require verification. local_title_source_inference: source attribution checked against add pic folder names and title translation caches; not a redistribution license.,https://haiyang.artron.net/works_index_1,no_work_url_match_on_collection_pages,,No matching work title found in crawled collection pages. Local add-pic folder confirms title-to-artist/source attribution; exact work-page URL remains unverified.
242613ff3ffe,images_raw/242613ff3ffe.jpg,死亡的快乐马戏团再次来到镇上,The Happy Circus of Death Comes to Town Again,悲伤,artmajeur.com,,,https://github.com/hmer-boop/multistage-affect/blob/main/data/release_subset/images/artmajeur/242613ff3ffe.jpg,unknown,Viktor Sheleg,Exact title/filename match in local source folders; exact work-page URL and license still require verification.,https://www.artmajeur.com/zh/yi-shu-pin?hybrid_query=%20Viktor%20Sheleg%20,blocked_or_dynamic_manual_check_needed,,Artmajeur pages returned Cloudflare/browser challenge during command-line access; exact work URL requires manual browser verification.
70b2a8615a4b,images_raw/70b2a8615a4b.jpg,中央美院旧址,Former Site of the Central Academy of Fine Arts,快乐,daize.artron.net,,,,unknown,戴泽,Exact title/filename match in local source folders; exact work-page URL and license still require verification. local_title_source_inference: source attribution checked against add pic folder names and title translation caches; not a redistribution license.,https://daize.artron.net/,no_work_url_match_on_collection_pages,,No matching work title found in crawled collection pages. Local add-pic folder confirms title-to-artist/source attribution; exact work-page URL remains unverified.
bd2e9a0420fb,images_raw/bd2e9a0420fb.jpg,情侣,Couple,快乐,artmajeur.com,,,https://github.com/hmer-boop/multistage-affect/blob/main/data/release_subset/images/artmajeur/bd2e9a0420fb.jpg,unknown,Artmajeur painting browsing page,"title_filename_match_source_unresolved: title matched a local working-folder file, but the local folder does not identify the original source site/artist; verify before releasing image files. supplementary_negative_source_fallback: broad website-level source link, not a redistribution license.",https://www.artmajeur.com/zh/yi-shu-pin/hui-hua,source_site_homepage_fallback,broad_source_site_fallback,Fallback broad source-site link assigned for supplementary negative items; use title_zh/title_en to search within the source site. This is not an exact work-page URL.
9b45ce47e3a3,images_raw/9b45ce47e3a3.jpg,俯瞰雪山,Overlooking Snow Mountain,敬畏,artist.artron.net,https://artist.artron.net/artists23471/2-384946.html#w,,,unknown,尘三,Exact title/filename match in local source folders; exact work-page URL and license still require verification.,https://artist.artron.net/artists23471/sale-0-0-0-7-1/,exact_work_url_candidate,title_match_on_source_collection_page,Matched collection-page work title: 俯瞰雪山
24f730159543,images_raw/24f730159543.jpg,丘比特与蓝鸟,Cupid and the Bluebird,快乐,artmajeur.com,,,https://github.com/hmer-boop/multistage-affect/blob/main/data/release_subset/images/artmajeur/24f730159543.jpg,unknown,Picrate,Exact title/filename match in local source folders; exact work-page URL and license still require verification.,https://www.artmajeur.com/picrate?view=grid&collections%5B%5D=1775407,blocked_or_dynamic_manual_check_needed,,Artmajeur pages returned Cloudflare/browser challenge during command-line access; exact work URL requires manual browser verification.
25e948ee6e29,images_raw/25e948ee6e29.jpg,金婚庆典,Golden Wedding Celebration,快乐,artmajeur.com,,,https://github.com/hmer-boop/multistage-affect/blob/main/data/release_subset/images/artmajeur/25e948ee6e29.jpg,unknown,Jean-Humbert Savoldelli,Exact title/filename match in local source folders; exact work-page URL and license still require verification.,https://www.artmajeur.com/jean-humbert-savoldelli?view=grid&collections%5B%5D=1607818,blocked_or_dynamic_manual_check_needed,,Artmajeur pages returned Cloudflare/browser challenge during command-line access; exact work URL requires manual browser verification.
c31d55b83053,images_raw/c31d55b83053.jpg,《山魂》,Mountain Soul,厌恶,huangjiannan.artron.net,,,,unknown,黄建南,needs_manual_review: title matches multiple local source-folder files; verify exact image before releasing image files. local_title_source_inference: source attribution checked against add pic folder names and title translation caches; not a redistribution license.,https://huangjiannan.artron.net/works_index_21,no_work_url_match_on_collection_pages,,No matching work title found in crawled collection pages. Local add-pic folder confirms title-to-artist/source attribution; exact work-page URL remains unverified.
ae3fa8bc7708,images_raw/ae3fa8bc7708.jpg,隆胸,Breast Augmentation,厌恶,theartling.com,,,,unknown,TheArtling painting browsing page,"title_filename_match_source_unresolved: title matched a local working-folder file, but the local folder does not identify the original source site/artist; verify before releasing image files. supplementary_negative_source_fallback: broad website-level source link, not a redistribution license.",https://theartling.com/en/art/painting,source_site_homepage_fallback,broad_source_site_fallback,Fallback broad source-site link assigned for supplementary negative items; use title_zh/title_en to search within the source site. This is not an exact work-page URL.
edc0c121e913,images_raw/edc0c121e913.jpg,亲密的幸福感,Intimate Happiness,恐惧,artmajeur.com,,,https://github.com/hmer-boop/multistage-affect/blob/main/data/release_subset/images/artmajeur/edc0c121e913.jpg,unknown,Milos Hronec,Exact title/filename match in local source folders; exact work-page URL and license still require verification.,https://www.artmajeur.com/milos-hronec?view=grid&collections%5B%5D=2390674,blocked_or_dynamic_manual_check_needed,,Artmajeur pages returned Cloudflare/browser challenge during command-line access; exact work URL requires manual browser verification.
221db885cfc0,images_raw/221db885cfc0.jpg,生命之花,Flower of Life,愤怒,artist.artron.net,,,,unknown,苏大朝,Exact title/filename match in local source folders; exact work-page URL and license still require verification.,https://artist.artron.net/artists23462/sale-0-0-0-1-1/,multiple_exact_work_url_candidates,needs_manual_review,Multiple work links matched title on source collection page; verify exact image visually.
187d0f33837e,images_raw/187d0f33837e.jpg,江南山水,Jiangnan Landscape,宁静,mazhangcheng.artron.net,,,,unknown,马章乘,Exact title/filename match in local source folders; exact work-page URL and license still require verification. local_title_source_inference: source attribution checked against add pic folder names and title translation caches; not a redistribution license.,https://mazhangcheng.artron.net/,no_work_url_match_on_collection_pages,,No matching work title found in crawled collection pages. Local add-pic folder confirms title-to-artist/source attribution; exact work-page URL remains unverified.
4742f89b46a4,images_raw/4742f89b46a4.jpg,自由的马,Horse of Freedom,快乐,artist.artron.net,,,,unknown,苏阳阳,Exact title/filename match in local source folders; exact work-page URL and license still require verification. local_title_source_inference: source attribution checked against add pic folder names and title translation caches; not a redistribution license.,https://artist.artron.net/artists5391/sale-0-0-0-1-1/,no_work_url_match_on_collection_pages,,No matching work title found in crawled collection pages. Local add-pic folder confirms title-to-artist/source attribution; exact work-page URL remains unverified.
2ebc385753bb,images_raw/2ebc385753bb.jpg,向上,Vers le haut,惊奇,artmajeur.com,,,https://github.com/hmer-boop/multistage-affect/blob/main/data/release_subset/images/artmajeur/2ebc385753bb.jpg,unknown,Antoine Alran,Exact title/filename match in local source folders; exact work-page URL and license still require verification.,https://www.artmajeur.com/antoine-alran?view=grid&collections%5B%5D=2199799,blocked_or_dynamic_manual_check_needed,,Artmajeur pages returned Cloudflare/browser challenge during command-line access; exact work URL requires manual browser verification.
ea18ed368692,images_raw/ea18ed368692.jpg,沐雪,Snow Bath,敬畏,hanyuchen.artron.net,,,,unknown,韩玉臣,Exact title/filename match in local source folders; exact work-page URL and license still require verification. local_title_source_inference: source attribution checked against add pic folder names and title translation caches; not a redistribution license.,https://hanyuchen.artron.net/,no_work_url_match_on_collection_pages,,No matching work title found in crawled collection pages. Local add-pic folder confirms title-to-artist/source attribution; exact work-page URL remains unverified.
54820674c2de,images_raw/54820674c2de.jpg,马拉巴尔的时光,Time in Malabar,惊奇,artmajeur.com,,,https://github.com/hmer-boop/multistage-affect/blob/main/data/release_subset/images/artmajeur/54820674c2de.jpg,unknown,Ta,Exact title/filename match in local source folders; exact work-page URL and license still require verification.,https://www.artmajeur.com/ta00?view=grid&collections%5B0%5D=2214331&page=1,blocked_or_dynamic_manual_check_needed,,Artmajeur pages returned Cloudflare/browser challenge during command-line access; exact work URL requires manual browser verification.
d11570f99aea,images_raw/d11570f99aea.jpg,未来的幽灵,Specters of the Future,厌恶,theartling.com,,,,unknown,TheArtling painting browsing page,"title_filename_match_source_unresolved: title matched a local working-folder file, but the local folder does not identify the original source site/artist; verify before releasing image files. supplementary_negative_source_fallback: broad website-level source link, not a redistribution license.",https://theartling.com/en/art/painting,source_site_homepage_fallback,broad_source_site_fallback,Fallback broad source-site link assigned for supplementary negative items; use title_zh/title_en to search within the source site. This is not an exact work-page URL.
8ca1fe82e404,images_raw/8ca1fe82e404.jpg,野性低语,Whispers of the Wild,厌恶,theartling.com,,,,unknown,TheArtling painting browsing page,"title_filename_match_source_unresolved: title matched a local working-folder file, but the local folder does not identify the original source site/artist; verify before releasing image files. supplementary_negative_source_fallback: broad website-level source link, not a redistribution license.",https://theartling.com/en/art/painting,source_site_homepage_fallback,broad_source_site_fallback,Fallback broad source-site link assigned for supplementary negative items; use title_zh/title_en to search within the source site. This is not an exact work-page URL.
d1d1cc8a6540,images_raw/d1d1cc8a6540.jpg,拥抱,Embrace,快乐,theartling.com,,,,unknown,TheArtling painting browsing page,"title_filename_match_source_unresolved: title matched a local working-folder file, but the local folder does not identify the original source site/artist; verify before releasing image files. supplementary_negative_source_fallback: broad website-level source link, not a redistribution license.",https://theartling.com/en/art/painting,source_site_homepage_fallback,broad_source_site_fallback,Fallback broad source-site link assigned for supplementary negative items; use title_zh/title_en to search within the source site. This is not an exact work-page URL.
0e42106d4e5d,images_raw/0e42106d4e5d.jpg,《财神-来客》,God of Wealth - Visitor,恐惧,huangjiannan.artron.net,,,,unknown,黄建南,needs_manual_review: title matches multiple local source-folder files; verify exact image before releasing image files. local_title_source_inference: source attribution checked against add pic folder names and title translation caches; not a redistribution license.,https://huangjiannan.artron.net/works_index_21,no_work_url_match_on_collection_pages,,No matching work title found in crawled collection pages. Local add-pic folder confirms title-to-artist/source attribution; exact work-page URL remains unverified.
c49334837975,images_raw/c49334837975.jpg,维族女大夫,Uyghur Female Doctor,宁静,daize.artron.net,,,,unknown,戴泽,Exact title/filename match in local source folders; exact work-page URL and license still require verification. local_title_source_inference: source attribution checked against add pic folder names and title translation caches; not a redistribution license.,https://daize.artron.net/,no_work_url_match_on_collection_pages,,No matching work title found in crawled collection pages. Local add-pic folder confirms title-to-artist/source attribution; exact work-page URL remains unverified.
f3274e0cb018,images_raw/f3274e0cb018.jpg,然乌湖上,Above Ranwu Lake,厌恶,hanyuchen.artron.net,,,,unknown,韩玉臣,Exact title/filename match in local source folders; exact work-page URL and license still require verification. local_title_source_inference: source attribution checked against add pic folder names and title translation caches; not a redistribution license.,https://hanyuchen.artron.net/,no_work_url_match_on_collection_pages,,No matching work title found in crawled collection pages. Local add-pic folder confirms title-to-artist/source attribution; exact work-page URL remains unverified.
aafc679bb369,images_raw/aafc679bb369.jpg,攀登,Ascent,悲伤,chenkezhi.artron.net,,,,unknown,陈可之,needs_manual_review: title matches multiple local source-folder files; verify exact image before releasing image files. local_title_source_inference: source attribution checked against add pic folder names and title translation caches; not a redistribution license.,https://chenkezhi.artron.net/works_index_1,no_work_url_match_on_collection_pages,,No matching work title found in crawled collection pages. Local add-pic folder confirms title-to-artist/source attribution; exact work-page URL remains unverified.
55552ff4cf01,images_raw/55552ff4cf01.jpg,水果碗,Fruit Bowl,恐惧,artmajeur.com,,,https://github.com/hmer-boop/multistage-affect/blob/main/data/release_subset/images/artmajeur/55552ff4cf01.jpg,unknown,Artmajeur painting browsing page,"title_filename_match_source_unresolved: title matched a local working-folder file, but the local folder does not identify the original source site/artist; verify before releasing image files. supplementary_negative_source_fallback: broad website-level source link, not a redistribution license.",https://www.artmajeur.com/zh/yi-shu-pin/hui-hua,source_site_homepage_fallback,broad_source_site_fallback,Fallback broad source-site link assigned for supplementary negative items; use title_zh/title_en to search within the source site. This is not an exact work-page URL.
824073da84f8,images_raw/824073da84f8.jpg,催眠,Hypnosis,宁静,artmajeur.com,,,https://github.com/hmer-boop/multistage-affect/blob/main/data/release_subset/images/artmajeur/824073da84f8.jpg,unknown,Claire Denarie-Soffietti,Exact title/filename match in local source folders; exact work-page URL and license still require verification.,https://www.artmajeur.com/claire-denarie-soffietti?view=grid&collections%5B%5D=2130209,blocked_or_dynamic_manual_check_needed,,Artmajeur pages returned Cloudflare/browser challenge during command-line access; exact work URL requires manual browser verification.
fbb6afb33008,images_raw/fbb6afb33008.jpg,跟随我,Follow Me,惊奇,artmajeur.com,,,https://github.com/hmer-boop/multistage-affect/blob/main/data/release_subset/images/artmajeur/fbb6afb33008.jpg,unknown,Jean-Humbert Savoldelli,Exact title/filename match in local source folders; exact work-page URL and license still require verification.,https://www.artmajeur.com/jean-humbert-savoldelli?view=grid&collections%5B%5D=1607818,blocked_or_dynamic_manual_check_needed,,Artmajeur pages returned Cloudflare/browser challenge during command-line access; exact work URL requires manual browser verification.
cdc74335c731,images_raw/cdc74335c731.jpg,危险之花,Perilous Bloom,恐惧,huangjiannan.artron.net,,,,unknown,黄建南,needs_manual_review: title matches multiple local source-folder files; verify exact image before releasing image files. local_title_source_inference: source attribution checked against add pic folder names and title translation caches; not a redistribution license.,https://huangjiannan.artron.net/works_index_21,no_work_url_match_on_collection_pages,,No matching work title found in crawled collection pages. Local add-pic folder confirms title-to-artist/source attribution; exact work-page URL remains unverified.
feb7cc752aeb,images_raw/feb7cc752aeb.jpg,光辉者,The Luminous One,宁静,artmajeur.com,,,https://github.com/hmer-boop/multistage-affect/blob/main/data/release_subset/images/artmajeur/feb7cc752aeb.jpg,unknown,Robert Van Den Herik,Exact title/filename match in local source folders; exact work-page URL and license still require verification.,https://www.artmajeur.com/robert-van-den-herik?view=grid&collections%5B0%5D=1744639&page=2,blocked_or_dynamic_manual_check_needed,,Artmajeur pages returned Cloudflare/browser challenge during command-line access; exact work URL requires manual browser verification.
e8a22fc271c3,images_raw/e8a22fc271c3.jpg,牛&羊&马,"Cattle, Sheep, and Horse",恐惧,artmajeur.com,,,https://github.com/hmer-boop/multistage-affect/blob/main/data/release_subset/images/artmajeur/e8a22fc271c3.jpg,unknown,Artmajeur painting browsing page,"title_filename_match_source_unresolved: title matched a local working-folder file, but the local folder does not identify the original source site/artist; verify before releasing image files. supplementary_negative_source_fallback: broad website-level source link, not a redistribution license.",https://www.artmajeur.com/zh/yi-shu-pin/hui-hua,source_site_homepage_fallback,broad_source_site_fallback,Fallback broad source-site link assigned for supplementary negative items; use title_zh/title_en to search within the source site. This is not an exact work-page URL.
26e786725d68,images_raw/26e786725d68.jpg,红荷,Red Lotus,快乐,guanpuxue.artron.net,,,,unknown,管朴学,Exact title/filename match in local source folders; exact work-page URL and license still require verification. local_title_source_inference: source attribution checked against add pic folder names and title translation caches; not a redistribution license.,https://guanpuxue.artron.net/,no_work_url_match_on_collection_pages,,No matching work title found in crawled collection pages. Local add-pic folder confirms title-to-artist/source attribution; exact work-page URL remains unverified.
6e4f70e87e2a,images_raw/6e4f70e87e2a.jpg,双胞胎,Twins,恐惧,artmajeur.com,,,https://github.com/hmer-boop/multistage-affect/blob/main/data/release_subset/images/artmajeur/6e4f70e87e2a.jpg,unknown,Artmajeur painting browsing page,"title_filename_match_source_unresolved: title matched a local working-folder file, but the local folder does not identify the original source site/artist; verify before releasing image files. supplementary_negative_source_fallback: broad website-level source link, not a redistribution license.",https://www.artmajeur.com/zh/yi-shu-pin/hui-hua,source_site_homepage_fallback,broad_source_site_fallback,Fallback broad source-site link assigned for supplementary negative items; use title_zh/title_en to search within the source site. This is not an exact work-page URL.
698916fa730e,images_raw/698916fa730e.jpg,恐惧与美丽,Fear and Beauty,厌恶,artmajeur.com,,,https://github.com/hmer-boop/multistage-affect/blob/main/data/release_subset/images/artmajeur/698916fa730e.jpg,unknown,Milos Hronec,Exact title/filename match in local source folders; exact work-page URL and license still require verification.,https://www.artmajeur.com/milos-hronec?view=grid&collections%5B%5D=2390674,blocked_or_dynamic_manual_check_needed,,Artmajeur pages returned Cloudflare/browser challenge during command-line access; exact work URL requires manual browser verification.
0b504a914864,images_raw/0b504a914864.jpg,孤独的十三种形式,Thirteen Forms of Loneliness,恐惧,artmajeur.com,,,https://github.com/hmer-boop/multistage-affect/blob/main/data/release_subset/images/artmajeur/0b504a914864.jpg,unknown,Milos Hronec,Exact title/filename match in local source folders; exact work-page URL and license still require verification.,https://www.artmajeur.com/milos-hronec?view=grid&collections%5B%5D=2390674,blocked_or_dynamic_manual_check_needed,,Artmajeur pages returned Cloudflare/browser challenge during command-line access; exact work URL requires manual browser verification.
49491744a221,images_raw/49491744a221.jpg,欧盟议会. 真理部,European Parliament: Ministry of Truth,恐惧,artmajeur.com,,,https://github.com/hmer-boop/multistage-affect/blob/main/data/release_subset/images/artmajeur/49491744a221.jpg,unknown,Dags Vidulejs,"title_filename_match_source_unresolved: title matched a local working-folder file, but the local folder does not identify the original source site/artist; verify before releasing image files. local_title_source_inference: source attribution checked against add pic folder names and title translation caches; not a redistribution license.",https://www.artmajeur.com/dags-vidulejs?view=grid&collections%5B%5D=2194390,source_collection_inferred_from_local_title,local_title_or_translation_match,Source collection inferred from local add-pic folder using title_zh/title_en and translation-cache matching; exact work-page URL remains unverified.
b6a9dd8b160d,images_raw/b6a9dd8b160d.jpg,多肉植物,Succulents,悲伤,artmajeur.com,,,https://github.com/hmer-boop/multistage-affect/blob/main/data/release_subset/images/artmajeur/b6a9dd8b160d.jpg,unknown,Milos Hronec,Exact title/filename match in local source folders; exact work-page URL and license still require verification.,https://www.artmajeur.com/milos-hronec?view=grid&collections%5B%5D=2390674,blocked_or_dynamic_manual_check_needed,,Artmajeur pages returned Cloudflare/browser challenge during command-line access; exact work URL requires manual browser verification.
46a9f9cc9b63,images_raw/46a9f9cc9b63.jpg,佛说之二,Buddha Speaks II,敬畏,haiyang.artron.net,,,,unknown,海阳,Exact title/filename match in local source folders; exact work-page URL and license still require verification. local_title_source_inference: source attribution checked against add pic folder names and title translation caches; not a redistribution license.,https://haiyang.artron.net/works_index_1,no_work_url_match_on_collection_pages,,No matching work title found in crawled collection pages. Local add-pic folder confirms title-to-artist/source attribution; exact work-page URL remains unverified.
bce662082939,images_raw/bce662082939.jpg,要,Want,恐惧,theartling.com,,,,unknown,TheArtling painting browsing page,"title_filename_match_source_unresolved: title matched a local working-folder file, but the local folder does not identify the original source site/artist; verify before releasing image files. supplementary_negative_source_fallback: broad website-level source link, not a redistribution license.",https://theartling.com/en/art/painting,source_site_homepage_fallback,broad_source_site_fallback,Fallback broad source-site link assigned for supplementary negative items; use title_zh/title_en to search within the source site. This is not an exact work-page URL.
63f27c874c93,images_raw/63f27c874c93.jpg,衰亡与重生,Decline and Rebirth,宁静,artmajeur.com,,,https://github.com/hmer-boop/multistage-affect/blob/main/data/release_subset/images/artmajeur/63f27c874c93.jpg,unknown,Alex Senchenko,Exact title/filename match in local source folders; exact work-page URL and license still require verification.,https://www.artmajeur.com/senchenko?view=grid&collections%5B%5D=1872680,blocked_or_dynamic_manual_check_needed,,Artmajeur pages returned Cloudflare/browser challenge during command-line access; exact work URL requires manual browser verification.
55f16309af16,images_raw/55f16309af16.jpg,薛涛井,Xue Tao Well,宁静,daize.artron.net,,,,unknown,戴泽,Exact title/filename match in local source folders; exact work-page URL and license still require verification. local_title_source_inference: source attribution checked against add pic folder names and title translation caches; not a redistribution license.,https://daize.artron.net/,no_work_url_match_on_collection_pages,,No matching work title found in crawled collection pages. Local add-pic folder confirms title-to-artist/source attribution; exact work-page URL remains unverified.
f1968e5f13bd,images_raw/f1968e5f13bd.jpg,阴谋,Conspiracy,恐惧,theartling.com,,,,unknown,TheArtling painting browsing page,"title_filename_match_source_unresolved: title matched a local working-folder file, but the local folder does not identify the original source site/artist; verify before releasing image files. supplementary_negative_source_fallback: broad website-level source link, not a redistribution license.",https://theartling.com/en/art/painting,source_site_homepage_fallback,broad_source_site_fallback,Fallback broad source-site link assigned for supplementary negative items; use title_zh/title_en to search within the source site. This is not an exact work-page URL.
be09a41ed56d,images_raw/be09a41ed56d.jpg,想,Thoughts,惊奇,artist.artron.net,https://artist.artron.net/artists23462/2-385480.html#w,,,unknown,苏大朝,Exact title/filename match in local source folders; exact work-page URL and license still require verification.,https://artist.artron.net/artists23462/sale-0-0-0-1-1/,exact_work_url_candidate,title_match_on_source_collection_page,Matched collection-page work title: 想.PNG
81f6410d0bc7,images_raw/81f6410d0bc7.jpg,超人,Superman,悲伤,theartling.com,,,,unknown,TheArtling painting browsing page,"title_filename_match_source_unresolved: title matched a local working-folder file, but the local folder does not identify the original source site/artist; verify before releasing image files. supplementary_negative_source_fallback: broad website-level source link, not a redistribution license.",https://theartling.com/en/art/painting,source_site_homepage_fallback,broad_source_site_fallback,Fallback broad source-site link assigned for supplementary negative items; use title_zh/title_en to search within the source site. This is not an exact work-page URL.
44b1f11fdaae,images_raw/44b1f11fdaae.jpg,三重奏,Trio,恐惧,artmajeur.com,,,https://github.com/hmer-boop/multistage-affect/blob/main/data/release_subset/images/artmajeur/44b1f11fdaae.jpg,unknown,Jean Luc Michon,Exact title/filename match in local source folders; exact work-page URL and license still require verification.,https://www.artmajeur.com/jean-luc-michon?view=grid&collections%5B%5D=2220361,blocked_or_dynamic_manual_check_needed,,Artmajeur pages returned Cloudflare/browser challenge during command-line access; exact work URL requires manual browser verification.
4740a2f42eaa,images_raw/4740a2f42eaa.jpg,祷,Prayer,惊奇,artmajeur.com,,,,unknown,Artmajeur painting browsing page,"No local title/filename source match found yet. supplementary_negative_source_fallback: broad website-level source link, not a redistribution license.",https://www.artmajeur.com/zh/yi-shu-pin/hui-hua,source_site_homepage_fallback,broad_source_site_fallback,Fallback broad source-site link assigned for supplementary negative items; use title_zh/title_en to search within the source site. This is not an exact work-page URL.
5ddc1f67ecc3,images_raw/5ddc1f67ecc3.jpg,月之泪,Tears of the Moon,悲伤,artmajeur.com,,,https://github.com/hmer-boop/multistage-affect/blob/main/data/release_subset/images/artmajeur/5ddc1f67ecc3.jpg,unknown,Jean-Humbert Savoldelli,Exact title/filename match in local source folders; exact work-page URL and license still require verification.,https://www.artmajeur.com/jean-humbert-savoldelli?view=grid&collections%5B%5D=1607818,blocked_or_dynamic_manual_check_needed,,Artmajeur pages returned Cloudflare/browser challenge during command-line access; exact work URL requires manual browser verification.
315a945823c3,images_raw/315a945823c3.jpg,乡村的一部分,A Part of the Countryside,宁静,artmajeur.com,,,https://github.com/hmer-boop/multistage-affect/blob/main/data/release_subset/images/artmajeur/315a945823c3.jpg,unknown,Artmajeur painting browsing page,"title_filename_match_source_unresolved: title matched a local working-folder file, but the local folder does not identify the original source site/artist; verify before releasing image files. supplementary_negative_source_fallback: broad website-level source link, not a redistribution license.",https://www.artmajeur.com/zh/yi-shu-pin/hui-hua,source_site_homepage_fallback,broad_source_site_fallback,Fallback broad source-site link assigned for supplementary negative items; use title_zh/title_en to search within the source site. This is not an exact work-page URL.
3d0784449964,images_raw/3d0784449964.jpg,花开见佛,Blossoms Reveal Buddha,宁静,theartling.com,,,,unknown,TheArtling painting browsing page,"No local title/filename source match found yet. supplementary_negative_source_fallback: broad website-level source link, not a redistribution license.",https://theartling.com/en/art/painting,source_site_homepage_fallback,broad_source_site_fallback,Fallback broad source-site link assigned for supplementary negative items; use title_zh/title_en to search within the source site. This is not an exact work-page URL.
5cc9e4ef008b,images_raw/5cc9e4ef008b.jpg,建筑纹理 2025,Architectural Texture 2025,惊奇,artmajeur.com,,,https://github.com/hmer-boop/multistage-affect/blob/main/data/release_subset/images/artmajeur/5cc9e4ef008b.jpg,unknown,Jean-Humbert Savoldelli,Exact title/filename match in local source folders; exact work-page URL and license still require verification.,https://www.artmajeur.com/jean-humbert-savoldelli?view=grid&collections%5B%5D=1607818,blocked_or_dynamic_manual_check_needed,,Artmajeur pages returned Cloudflare/browser challenge during command-line access; exact work URL requires manual browser verification.
a2cddf0e6eeb,images_raw/a2cddf0e6eeb.jpg,自我之蚀,Eclipse of the Self,悲伤,artmajeur.com,,,https://github.com/hmer-boop/multistage-affect/blob/main/data/release_subset/images/artmajeur/a2cddf0e6eeb.jpg,unknown,Bogdan Dide,Exact title/filename match in local source folders; exact work-page URL and license still require verification.,https://www.artmajeur.com/bogdan-dide?view=grid&collections%5B%5D=1714582,blocked_or_dynamic_manual_check_needed,,Artmajeur pages returned Cloudflare/browser challenge during command-line access; exact work URL requires manual browser verification.
ae1f62637d2b,images_raw/ae1f62637d2b.jpg,爵士乐队 1,Jazz Band 1,快乐,artmajeur.com,,,https://github.com/hmer-boop/multistage-affect/blob/main/data/release_subset/images/artmajeur/ae1f62637d2b.jpg,unknown,Jean Luc Michon,Exact title/filename match in local source folders; exact work-page URL and license still require verification.,https://www.artmajeur.com/jean-luc-michon?view=grid&collections%5B%5D=2220361,blocked_or_dynamic_manual_check_needed,,Artmajeur pages returned Cloudflare/browser challenge during command-line access; exact work URL requires manual browser verification.
27f70741ed56,images_raw/27f70741ed56.jpg,我爱你,Ti Amo,宁静,artmajeur.com,,,https://github.com/hmer-boop/multistage-affect/blob/main/data/release_subset/images/artmajeur/27f70741ed56.jpg,unknown,Antoine Alran,Exact title/filename match in local source folders; exact work-page URL and license still require verification.,https://www.artmajeur.com/antoine-alran?view=grid&collections%5B%5D=2199799,blocked_or_dynamic_manual_check_needed,,Artmajeur pages returned Cloudflare/browser challenge during command-line access; exact work URL requires manual browser verification.
b7968aedadc5,images_raw/b7968aedadc5.jpg,花卉节奏,Floral Rhythm,快乐,artmajeur.com,,,https://github.com/hmer-boop/multistage-affect/blob/main/data/release_subset/images/artmajeur/b7968aedadc5.jpg,unknown,Alex Senchenko,Exact title/filename match in local source folders; exact work-page URL and license still require verification.,https://www.artmajeur.com/senchenko?view=grid&collections%5B%5D=1872680,blocked_or_dynamic_manual_check_needed,,Artmajeur pages returned Cloudflare/browser challenge during command-line access; exact work URL requires manual browser verification.
b83d22c85cbc,images_raw/b83d22c85cbc.jpg,坝上春色,Spring Colors on the Dam,宁静,artist.artron.net,https://artist.artron.net/artists5391/1-230309.html#w,,,unknown,苏阳阳,Exact title/filename match in local source folders; exact work-page URL and license still require verification.,https://artist.artron.net/artists5391/sale-0-0-0-1-1/,exact_work_url_candidate,title_match_on_source_collection_page,Matched collection-page work title: 苏阳阳油画作品：坝上春色
6321cf36a06c,images_raw/6321cf36a06c.jpg,阳光下,In the Sun,宁静,hanyuchen.artron.net,,,,unknown,韩玉臣,Exact title/filename match in local source folders; exact work-page URL and license still require verification. local_title_source_inference: source attribution checked against add pic folder names and title translation caches; not a redistribution license.,https://hanyuchen.artron.net/,no_work_url_match_on_collection_pages,,No matching work title found in crawled collection pages. Local add-pic folder confirms title-to-artist/source attribution; exact work-page URL remains unverified.
87616f06a1b7,images_raw/87616f06a1b7.jpg,旅行的艺术,The Art of Travel,恐惧,artmajeur.com,,,https://github.com/hmer-boop/multistage-affect/blob/main/data/release_subset/images/artmajeur/87616f06a1b7.jpg,unknown,Robert Van Den Herik,Exact title/filename match in local source folders; exact work-page URL and license still require verification.,https://www.artmajeur.com/robert-van-den-herik?view=grid&collections%5B0%5D=1744639&page=2,blocked_or_dynamic_manual_check_needed,,Artmajeur pages returned Cloudflare/browser challenge during command-line access; exact work URL requires manual browser verification.
a033b6741022,images_raw/a033b6741022.jpg,异恐症,异恐症,悲伤,artmajeur.com,,,https://github.com/hmer-boop/multistage-affect/blob/main/data/release_subset/images/artmajeur/a033b6741022.jpg,unknown,Dags Vidulejs,"title_filename_match_source_unresolved: title matched a local working-folder file, but the local folder does not identify the original source site/artist; verify before releasing image files. local_title_source_inference: source attribution checked against add pic folder names and title translation caches; not a redistribution license.",https://www.artmajeur.com/dags-vidulejs?view=grid&collections%5B%5D=2194390,source_collection_inferred_from_local_title,local_title_or_translation_match,Source collection inferred from local add-pic folder using title_zh/title_en and translation-cache matching; exact work-page URL remains unverified.
3c9507b98c9a,images_raw/3c9507b98c9a.jpg,橄榄树,Olive Tree,宁静,artmajeur.com,,,https://github.com/hmer-boop/multistage-affect/blob/main/data/release_subset/images/artmajeur/3c9507b98c9a.jpg,unknown,Manolis Maridakis,Exact title/filename match in local source folders; exact work-page URL and license still require verification.,https://www.artmajeur.com/manolis-maridakis?view=grid&collections%5B%5D=2471758,blocked_or_dynamic_manual_check_needed,,Artmajeur pages returned Cloudflare/browser challenge during command-line access; exact work URL requires manual browser verification.
faf09d21ad38,images_raw/faf09d21ad38.jpg,翠日,Jade Sun,恐惧,artist.artron.net,https://artist.artron.net/artists23471/2-384038.html#w,,,unknown,尘三,Exact title/filename match in local source folders; exact work-page URL and license still require verification.,https://artist.artron.net/artists23471/sale-0-0-0-7-1/,exact_work_url_candidate,title_match_on_source_collection_page,Matched collection-page work title: 翠日
fdeb5e436b16,images_raw/fdeb5e436b16.jpg,埃隆·马斯克推特带来言论自由的希望,Elon Musk's Twitter Brings Hope for Free Speech,恐惧,artmajeur.com,,,https://github.com/hmer-boop/multistage-affect/blob/main/data/release_subset/images/artmajeur/fdeb5e436b16.jpg,unknown,Dags Vidulejs,"title_filename_match_source_unresolved: title matched a local working-folder file, but the local folder does not identify the original source site/artist; verify before releasing image files. local_title_source_inference: source attribution checked against add pic folder names and title translation caches; not a redistribution license.",https://www.artmajeur.com/dags-vidulejs?view=grid&collections%5B%5D=2194390,source_collection_inferred_from_local_title,local_title_or_translation_match,Source collection inferred from local add-pic folder using title_zh/title_en and translation-cache matching; exact work-page URL remains unverified.
da0956903985,images_raw/da0956903985.jpg,原子战争后的欧盟社会,Post-Atomic War European Union Society,厌恶,artmajeur.com,,,https://github.com/hmer-boop/multistage-affect/blob/main/data/release_subset/images/artmajeur/da0956903985.jpg,unknown,Dags Vidulejs,"title_filename_match_source_unresolved: title matched a local working-folder file, but the local folder does not identify the original source site/artist; verify before releasing image files. local_title_source_inference: source attribution checked against add pic folder names and title translation caches; not a redistribution license.",https://www.artmajeur.com/dags-vidulejs?view=grid&collections%5B%5D=2194390,source_collection_inferred_from_local_title,local_title_or_translation_match,Source collection inferred from local add-pic folder using title_zh/title_en and translation-cache matching; exact work-page URL remains unverified.
b47b82a49dbf,images_raw/b47b82a49dbf.jpg,前门护城河边,By the Moat at Qianmen,宁静,daize.artron.net,,,,unknown,戴泽,Exact title/filename match in local source folders; exact work-page URL and license still require verification. local_title_source_inference: source attribution checked against add pic folder names and title translation caches; not a redistribution license.,https://daize.artron.net/,no_work_url_match_on_collection_pages,,No matching work title found in crawled collection pages. Local add-pic folder confirms title-to-artist/source attribution; exact work-page URL remains unverified.
e295ccec406f,images_raw/e295ccec406f.jpg,我的朋友自闭症者,My Friend with Autism,恐惧,theartling.com,,,,unknown,TheArtling painting browsing page,"title_filename_match_source_unresolved: title matched a local working-folder file, but the local folder does not identify the original source site/artist; verify before releasing image files. supplementary_negative_source_fallback: broad website-level source link, not a redistribution license.",https://theartling.com/en/art/painting,source_site_homepage_fallback,broad_source_site_fallback,Fallback broad source-site link assigned for supplementary negative items; use title_zh/title_en to search within the source site. This is not an exact work-page URL.
c402603fc5d9,images_raw/c402603fc5d9.jpg,少女的心事,A Girl's Thoughts,快乐,haiyang.artron.net,,,,unknown,海阳,Exact title/filename match in local source folders; exact work-page URL and license still require verification. local_title_source_inference: source attribution checked against add pic folder names and title translation caches; not a redistribution license.,https://haiyang.artron.net/works_index_1,no_work_url_match_on_collection_pages,,No matching work title found in crawled collection pages. Local add-pic folder confirms title-to-artist/source attribution; exact work-page URL remains unverified.
7b64927c8360,images_raw/7b64927c8360.jpg,良知之案,Case of Conscience,悲伤,theartling.com,,,,unknown,TheArtling painting browsing page,"title_filename_match_source_unresolved: title matched a local working-folder file, but the local folder does not identify the original source site/artist; verify before releasing image files. supplementary_negative_source_fallback: broad website-level source link, not a redistribution license.",https://theartling.com/en/art/painting,source_site_homepage_fallback,broad_source_site_fallback,Fallback broad source-site link assigned for supplementary negative items; use title_zh/title_en to search within the source site. This is not an exact work-page URL.
feda6912b8fb,images_raw/feda6912b8fb.jpg,我的美丽花园！,My Beautiful Garden!,惊奇,artmajeur.com,,,,unknown,Artmajeur painting browsing page,"No local title/filename source match found yet. supplementary_negative_source_fallback: broad website-level source link, not a redistribution license.",https://www.artmajeur.com/zh/yi-shu-pin/hui-hua,source_site_homepage_fallback,broad_source_site_fallback,Fallback broad source-site link assigned for supplementary negative items; use title_zh/title_en to search within the source site. This is not an exact work-page URL.
5e5774946afc,images_raw/5e5774946afc.jpg,我的家,My Home,宁静,daize.artron.net,,,,unknown,戴泽,Exact title/filename match in local source folders; exact work-page URL and license still require verification. local_title_source_inference: source attribution checked against add pic folder names and title translation caches; not a redistribution license.,https://daize.artron.net/,no_work_url_match_on_collection_pages,,No matching work title found in crawled collection pages. Local add-pic folder confirms title-to-artist/source attribution; exact work-page URL remains unverified.
5ddffd24eba9,images_raw/5ddffd24eba9.jpg,战争,War,愤怒,theartling.com,,,,unknown,TheArtling painting browsing page,"title_filename_match_source_unresolved: title matched a local working-folder file, but the local folder does not identify the original source site/artist; verify before releasing image files. supplementary_negative_source_fallback: broad website-level source link, not a redistribution license.",https://theartling.com/en/art/painting,source_site_homepage_fallback,broad_source_site_fallback,Fallback broad source-site link assigned for supplementary negative items; use title_zh/title_en to search within the source site. This is not an exact work-page URL.
2957000c7eb1,images_raw/2957000c7eb1.jpg,爸爸的喇叭,Dad’s Trumpet,宁静,artmajeur.com,,,https://github.com/hmer-boop/multistage-affect/blob/main/data/release_subset/images/artmajeur/2957000c7eb1.jpg,unknown,Igor Shulman,Exact title/filename match in local source folders; exact work-page URL and license still require verification.,https://www.artmajeur.com/igor-shulman?view=grid&collections%5B%5D=1286191,blocked_or_dynamic_manual_check_needed,,Artmajeur pages returned Cloudflare/browser challenge during command-line access; exact work URL requires manual browser verification.
32c426ef526c,images_raw/32c426ef526c.jpg,放牧,Herding,恐惧,hanyuchen.artron.net,,,,unknown,韩玉臣,Exact title/filename match in local source folders; exact work-page URL and license still require verification. local_title_source_inference: source attribution checked against add pic folder names and title translation caches; not a redistribution license.,https://hanyuchen.artron.net/,no_work_url_match_on_collection_pages,,No matching work title found in crawled collection pages. Local add-pic folder confirms title-to-artist/source attribution; exact work-page URL remains unverified.
a987f6dd98e2,images_raw/a987f6dd98e2.jpg,东方之子,Child of the East,敬畏,theartling.com,,,,unknown,TheArtling painting browsing page,"title_filename_match_source_unresolved: title matched a local working-folder file, but the local folder does not identify the original source site/artist; verify before releasing image files. supplementary_negative_source_fallback: broad website-level source link, not a redistribution license.",https://theartling.com/en/art/painting,source_site_homepage_fallback,broad_source_site_fallback,Fallback broad source-site link assigned for supplementary negative items; use title_zh/title_en to search within the source site. This is not an exact work-page URL.
80706b0a7e10,images_raw/80706b0a7e10.jpg,集市,Market,恐惧,artmajeur.com,,,,unknown,Artmajeur painting browsing page,"No local title/filename source match found yet. supplementary_negative_source_fallback: broad website-level source link, not a redistribution license.",https://www.artmajeur.com/zh/yi-shu-pin/hui-hua,source_site_homepage_fallback,broad_source_site_fallback,Fallback broad source-site link assigned for supplementary negative items; use title_zh/title_en to search within the source site. This is not an exact work-page URL.
d5a7c286c606,images_raw/d5a7c286c606.jpg,酷女孩_酷普桑_天才女孩,"Cool Girl, Cool Pusan, Genius Girl",厌恶,artmajeur.com,,,https://github.com/hmer-boop/multistage-affect/blob/main/data/release_subset/images/artmajeur/d5a7c286c606.jpg,unknown,Dags Vidulejs,"title_filename_match_source_unresolved: title matched a local working-folder file, but the local folder does not identify the original source site/artist; verify before releasing image files. local_title_source_inference: source attribution checked against add pic folder names and title translation caches; not a redistribution license.",https://www.artmajeur.com/dags-vidulejs?view=grid&collections%5B%5D=2194390,source_collection_inferred_from_local_title,local_title_or_translation_match,Source collection inferred from local add-pic folder using title_zh/title_en and translation-cache matching; exact work-page URL remains unverified.
abd845aba974,images_raw/abd845aba974.jpg,汉口码头,Hankou Wharf,敬畏,daize.artron.net,,,,unknown,戴泽,Exact title/filename match in local source folders; exact work-page URL and license still require verification. local_title_source_inference: source attribution checked against add pic folder names and title translation caches; not a redistribution license.,https://daize.artron.net/,no_work_url_match_on_collection_pages,,No matching work title found in crawled collection pages. Local add-pic folder confirms title-to-artist/source attribution; exact work-page URL remains unverified.
550dec6accd8,images_raw/550dec6accd8.jpg,爬行动物,Reptile,厌恶,artmajeur.com,,,https://github.com/hmer-boop/multistage-affect/blob/main/data/release_subset/images/artmajeur/550dec6accd8.jpg,unknown,Milos Hronec,Exact title/filename match in local source folders; exact work-page URL and license still require verification.,https://www.artmajeur.com/milos-hronec?view=grid&collections%5B%5D=2390674,blocked_or_dynamic_manual_check_needed,,Artmajeur pages returned Cloudflare/browser challenge during command-line access; exact work URL requires manual browser verification.
fce710c630a2,images_raw/fce710c630a2.jpg,胸有朝霞油画,Morning Glow in the Heart,惊奇,hanyuchen.artron.net,,,,unknown,韩玉臣,Exact title/filename match in local source folders; exact work-page URL and license still require verification. local_title_source_inference: source attribution checked against add pic folder names and title translation caches; not a redistribution license.,https://hanyuchen.artron.net/,no_work_url_match_on_collection_pages,,No matching work title found in crawled collection pages. Local add-pic folder confirms title-to-artist/source attribution; exact work-page URL remains unverified.
01eedc4f0bde,images_raw/01eedc4f0bde.jpg,轻盈的心,Light Heart,悲伤,artmajeur.com,,,https://github.com/hmer-boop/multistage-affect/blob/main/data/release_subset/images/artmajeur/01eedc4f0bde.jpg,unknown,Picrate,Exact title/filename match in local source folders; exact work-page URL and license still require verification.,https://www.artmajeur.com/picrate?view=grid&collections%5B%5D=1775407,blocked_or_dynamic_manual_check_needed,,Artmajeur pages returned Cloudflare/browser challenge during command-line access; exact work URL requires manual browser verification.
f96ec088c4a6,images_raw/f96ec088c4a6.jpg,无罪的惩罚,Innocent Punishment,恐惧,theartling.com,,,,unknown,TheArtling painting browsing page,"title_filename_match_source_unresolved: title matched a local working-folder file, but the local folder does not identify the original source site/artist; verify before releasing image files. supplementary_negative_source_fallback: broad website-level source link, not a redistribution license.",https://theartling.com/en/art/painting,source_site_homepage_fallback,broad_source_site_fallback,Fallback broad source-site link assigned for supplementary negative items; use title_zh/title_en to search within the source site. This is not an exact work-page URL.
ffc7dd833b1f,images_raw/ffc7dd833b1f.jpg,飞鱼,Flying Fish,快乐,artmajeur.com,,,https://github.com/hmer-boop/multistage-affect/blob/main/data/release_subset/images/artmajeur/ffc7dd833b1f.jpg,unknown,Picrate,Exact title/filename match in local source folders; exact work-page URL and license still require verification.,https://www.artmajeur.com/picrate?view=grid&collections%5B%5D=1775407,blocked_or_dynamic_manual_check_needed,,Artmajeur pages returned Cloudflare/browser challenge during command-line access; exact work URL requires manual browser verification.
9a269e54660f,images_raw/9a269e54660f.jpg,世界之王,King of the World,恐惧,theartling.com,,,,unknown,TheArtling painting browsing page,"title_filename_match_source_unresolved: title matched a local working-folder file, but the local folder does not identify the original source site/artist; verify before releasing image files. supplementary_negative_source_fallback: broad website-level source link, not a redistribution license.",https://theartling.com/en/art/painting,source_site_homepage_fallback,broad_source_site_fallback,Fallback broad source-site link assigned for supplementary negative items; use title_zh/title_en to search within the source site. This is not an exact work-page URL.
479fd5f57272,images_raw/479fd5f57272.jpg,酒精狂热,Alcohol Frenzy,恐惧,artmajeur.com,,,https://github.com/hmer-boop/multistage-affect/blob/main/data/release_subset/images/artmajeur/479fd5f57272.jpg,unknown,Milos Hronec,Exact title/filename match in local source folders; exact work-page URL and license still require verification.,https://www.artmajeur.com/milos-hronec?view=grid&collections%5B%5D=2390674,blocked_or_dynamic_manual_check_needed,,Artmajeur pages returned Cloudflare/browser challenge during command-line access; exact work URL requires manual browser verification.
041d78b3fe74,images_raw/041d78b3fe74.jpg,月落大道,Moonlit Avenue,恐惧,artmajeur.com,,,https://github.com/hmer-boop/multistage-affect/blob/main/data/release_subset/images/artmajeur/041d78b3fe74.jpg,unknown,Robert Van Den Herik,Exact title/filename match in local source folders; exact work-page URL and license still require verification.,https://www.artmajeur.com/robert-van-den-herik?view=grid&collections%5B0%5D=1744639&page=2,blocked_or_dynamic_manual_check_needed,,Artmajeur pages returned Cloudflare/browser challenge during command-line access; exact work URL requires manual browser verification.
a363799c7029,images_raw/a363799c7029.jpg,红牡丹,Red Peony,宁静,guanpuxue.artron.net,,,,unknown,管朴学,Exact title/filename match in local source folders; exact work-page URL and license still require verification. local_title_source_inference: source attribution checked against add pic folder names and title translation caches; not a redistribution license.,https://guanpuxue.artron.net/,no_work_url_match_on_collection_pages,,No matching work title found in crawled collection pages. Local add-pic folder confirms title-to-artist/source attribution; exact work-page URL remains unverified.
00efdeeb5602,images_raw/00efdeeb5602.jpg,暗潮,Undercurrent,敬畏,artmajeur.com,,,https://github.com/hmer-boop/multistage-affect/blob/main/data/release_subset/images/artmajeur/00efdeeb5602.jpg,unknown,Shepard Fairey,"title_filename_match_source_unresolved: title matched a local working-folder file, but the local folder does not identify the original source site/artist; verify before releasing image files. local_title_source_inference: source attribution checked against add pic folder names and title translation caches; not a redistribution license.",https://www.artmajeur.com/obey-shepard-fairey,source_collection_inferred_from_local_title,local_title_or_translation_match,Source collection inferred from local add-pic folder using title_zh/title_en and translation-cache matching; exact work-page URL remains unverified.
28c19f39268b,images_raw/28c19f39268b.jpg,黎明,Dawn,宁静,artmajeur.com,,,https://github.com/hmer-boop/multistage-affect/blob/main/data/release_subset/images/artmajeur/28c19f39268b.jpg,unknown,Nga Tran,Exact title/filename match in local source folders; exact work-page URL and license still require verification.,https://www.artmajeur.com/nga-tran?view=grid&collections%5B%5D=2287606,blocked_or_dynamic_manual_check_needed,,Artmajeur pages returned Cloudflare/browser challenge during command-line access; exact work URL requires manual browser verification.
50142a5ba6bb,images_raw/50142a5ba6bb.jpg,通往耶路撒冷的路上,On the Road to Jerusalem,敬畏,theartling.com,,,,unknown,TheArtling painting browsing page,"No local title/filename source match found yet. supplementary_negative_source_fallback: broad website-level source link, not a redistribution license.",https://theartling.com/en/art/painting,source_site_homepage_fallback,broad_source_site_fallback,Fallback broad source-site link assigned for supplementary negative items; use title_zh/title_en to search within the source site. This is not an exact work-page URL.
9c85df9ec3f4,images_raw/9c85df9ec3f4.jpg,海上的黎明,Dawn at Sea,宁静,artmajeur.com,,,,unknown,Artmajeur painting browsing page,"No local title/filename source match found yet. supplementary_negative_source_fallback: broad website-level source link, not a redistribution license.",https://www.artmajeur.com/zh/yi-shu-pin/hui-hua,source_site_homepage_fallback,broad_source_site_fallback,Fallback broad source-site link assigned for supplementary negative items; use title_zh/title_en to search within the source site. This is not an exact work-page URL.
625823d46eb1,images_raw/625823d46eb1.jpg,母爱,Maternal Love,快乐,artist.artron.net,,,,unknown,苏大朝,Exact title/filename match in local source folders; exact work-page URL and license still require verification.,https://artist.artron.net/artists23462/sale-0-0-0-1-1/,multiple_exact_work_url_candidates,needs_manual_review,Multiple work links matched title on source collection page; verify exact image visually.
853726305a18,images_raw/853726305a18.jpg,快乐,Joy,厌恶,artmajeur.com,,,https://github.com/hmer-boop/multistage-affect/blob/main/data/release_subset/images/artmajeur/853726305a18.jpg,unknown,Annabelle Amory,"title_filename_match_source_unresolved: title matched a local working-folder file, but the local folder does not identify the original source site/artist; verify before releasing image files. local_title_source_inference: source attribution checked against add pic folder names and title translation caches; not a redistribution license.",https://www.artmajeur.com/annabelle-amory?view=grid&collections%5B%5D=2064842,source_collection_inferred_from_local_title,local_title_or_translation_match,Source collection inferred from local add-pic folder using title_zh/title_en and translation-cache matching; exact work-page URL remains unverified.
a134c9d00012,images_raw/a134c9d00012.jpg,献祭,Offering,宁静,theartling.com,,,,unknown,TheArtling painting browsing page,"needs_manual_review: title matches multiple local source-folder files; verify exact image before releasing image files. supplementary_negative_source_fallback: broad website-level source link, not a redistribution license.",https://theartling.com/en/art/painting,source_site_homepage_fallback,broad_source_site_fallback,Fallback broad source-site link assigned for supplementary negative items; use title_zh/title_en to search within the source site. This is not an exact work-page URL.
f303b15c874f,images_raw/f303b15c874f.jpg,锁闭,Enclosure,宁静,artmajeur.com,,,https://github.com/hmer-boop/multistage-affect/blob/main/data/release_subset/images/artmajeur/f303b15c874f.jpg,unknown,Artmajeur painting browsing page,"title_filename_match_source_unresolved: title matched a local working-folder file, but the local folder does not identify the original source site/artist; verify before releasing image files. supplementary_negative_source_fallback: broad website-level source link, not a redistribution license.",https://www.artmajeur.com/zh/yi-shu-pin/hui-hua,source_site_homepage_fallback,broad_source_site_fallback,Fallback broad source-site link assigned for supplementary negative items; use title_zh/title_en to search within the source site. This is not an exact work-page URL.
d5e60afbccdb,images_raw/d5e60afbccdb.jpg,自由金笼,Golden Cage of Freedom,恐惧,artmajeur.com,,,https://github.com/hmer-boop/multistage-affect/blob/main/data/release_subset/images/artmajeur/d5e60afbccdb.jpg,unknown,Artmajeur painting browsing page,"title_filename_match_source_unresolved: title matched a local working-folder file, but the local folder does not identify the original source site/artist; verify before releasing image files. supplementary_negative_source_fallback: broad website-level source link, not a redistribution license.",https://www.artmajeur.com/zh/yi-shu-pin/hui-hua,source_site_homepage_fallback,broad_source_site_fallback,Fallback broad source-site link assigned for supplementary negative items; use title_zh/title_en to search within the source site. This is not an exact work-page URL.
ee4282fd3b2c,images_raw/ee4282fd3b2c.jpg,死后的生活,Afterlife,恐惧,theartling.com,,,,unknown,TheArtling painting browsing page,"title_filename_match_source_unresolved: title matched a local working-folder file, but the local folder does not identify the original source site/artist; verify before releasing image files. supplementary_negative_source_fallback: broad website-level source link, not a redistribution license.",https://theartling.com/en/art/painting,source_site_homepage_fallback,broad_source_site_fallback,Fallback broad source-site link assigned for supplementary negative items; use title_zh/title_en to search within the source site. This is not an exact work-page URL.
23b89883c51a,images_raw/23b89883c51a.jpg,粉彩幻想,Pastel Fantasy,快乐,artmajeur.com,,,https://github.com/hmer-boop/multistage-affect/blob/main/data/release_subset/images/artmajeur/23b89883c51a.jpg,unknown,Alex Senchenko,Exact title/filename match in local source folders; exact work-page URL and license still require verification.,https://www.artmajeur.com/senchenko?view=grid&collections%5B%5D=1872680,blocked_or_dynamic_manual_check_needed,,Artmajeur pages returned Cloudflare/browser challenge during command-line access; exact work URL requires manual browser verification.
239837aad780,images_raw/239837aad780.jpg,晨曦,Dawn,宁静,haiyang.artron.net,,,,unknown,Haiyang (海阳),Exact visual match verified in the local Artron source folder; image file is not redistributed in this release.,https://haiyang.artron.net/works_index_1,collection_page_verified,high,Exact visual match verified in the local Artron source folder; image file is not redistributed in this release.
91cdf479eba2,images_raw/91cdf479eba2.jpg,草原牧场,Grassland Pasture,宁静,haiyang.artron.net,,,,unknown,海阳,Exact title/filename match in local source folders; exact work-page URL and license still require verification. local_title_source_inference: source attribution checked against add pic folder names and title translation caches; not a redistribution license.,https://haiyang.artron.net/works_index_1,no_work_url_match_on_collection_pages,,No matching work title found in crawled collection pages. Local add-pic folder confirms title-to-artist/source attribution; exact work-page URL remains unverified.
fc34ffd73288,images_raw/fc34ffd73288.jpg,人性生命探戈,HUMANITY LIFE TANGO,敬畏,artmajeur.com,,,https://github.com/hmer-boop/multistage-affect/blob/main/data/release_subset/images/artmajeur/fc34ffd73288.jpg,unknown,Dags Vidulejs,Exact title/filename match in local source folders; exact work-page URL and license still require verification.,https://www.artmajeur.com/dags-vidulejs?view=grid&collections%5B%5D=2194390,blocked_or_dynamic_manual_check_needed,,Artmajeur pages returned Cloudflare/browser challenge during command-line access; exact work URL requires manual browser verification.
2b5451ec845e,images_raw/2b5451ec845e.jpg,不是最好的肖像。,Not the Best Portrait,悲伤,artmajeur.com,,,https://github.com/hmer-boop/multistage-affect/blob/main/data/release_subset/images/artmajeur/2b5451ec845e.jpg,unknown,Igor Shulman,Exact title/filename match in local source folders; exact work-page URL and license still require verification.,https://www.artmajeur.com/igor-shulman?view=grid&collections%5B%5D=1286191,blocked_or_dynamic_manual_check_needed,,Artmajeur pages returned Cloudflare/browser challenge during command-line access; exact work URL requires manual browser verification.
d29c30fd26e2,images_raw/d29c30fd26e2.jpg,黄花城长城脚下,At the Foot of Huanghuacheng Great Wall,宁静,daize.artron.net,,,,unknown,戴泽,Exact title/filename match in local source folders; exact work-page URL and license still require verification. local_title_source_inference: source attribution checked against add pic folder names and title translation caches; not a redistribution license.,https://daize.artron.net/,no_work_url_match_on_collection_pages,,No matching work title found in crawled collection pages. Local add-pic folder confirms title-to-artist/source attribution; exact work-page URL remains unverified.
5d31018194ba,images_raw/5d31018194ba.jpg,山秋,Autumn Mountain,快乐,mazhangcheng.artron.net,,,,unknown,马章乘,Exact title/filename match in local source folders; exact work-page URL and license still require verification. local_title_source_inference: source attribution checked against add pic folder names and title translation caches; not a redistribution license.,https://mazhangcheng.artron.net/,no_work_url_match_on_collection_pages,,No matching work title found in crawled collection pages. Local add-pic folder confirms title-to-artist/source attribution; exact work-page URL remains unverified.
abe7454078ed,images_raw/abe7454078ed.jpg,花旗藤,Wisteria,快乐,daize.artron.net,,,,unknown,戴泽,Exact title/filename match in local source folders; exact work-page URL and license still require verification. local_title_source_inference: source attribution checked against add pic folder names and title translation caches; not a redistribution license.,https://daize.artron.net/,no_work_url_match_on_collection_pages,,No matching work title found in crawled collection pages. Local add-pic folder confirms title-to-artist/source attribution; exact work-page URL remains unverified.
bfa34097d572,images_raw/bfa34097d572.jpg,救命,Lifesaver,愤怒,artmajeur.com,,,https://github.com/hmer-boop/multistage-affect/blob/main/data/release_subset/images/artmajeur/bfa34097d572.jpg,unknown,Igor Shulman,"title_filename_match_source_unresolved: title matched a local working-folder file, but the local folder does not identify the original source site/artist; verify before releasing image files. local_title_source_inference: source attribution checked against add pic folder names and title translation caches; not a redistribution license.",https://www.artmajeur.com/igor-shulman?view=grid&collections%5B%5D=1286191,source_collection_inferred_from_local_title,local_title_or_translation_match,Source collection inferred from local add-pic folder using title_zh/title_en and translation-cache matching; exact work-page URL remains unverified.
ec449caa9784,images_raw/ec449caa9784.jpg,琼斯夫人 1,Mrs. Jones 1,快乐,artmajeur.com,,,https://github.com/hmer-boop/multistage-affect/blob/main/data/release_subset/images/artmajeur/ec449caa9784.jpg,unknown,Jean Luc Michon,Exact title/filename match in local source folders; exact work-page URL and license still require verification.,https://www.artmajeur.com/jean-luc-michon?view=grid&collections%5B%5D=2220361,blocked_or_dynamic_manual_check_needed,,Artmajeur pages returned Cloudflare/browser challenge during command-line access; exact work URL requires manual browser verification.
15fc1a0c70f3,images_raw/15fc1a0c70f3.jpg,她的色彩在他的世界里。风格的结合。,Her Colors in His World: A Fusion of Styles,惊奇,artmajeur.com,,,https://github.com/hmer-boop/multistage-affect/blob/main/data/release_subset/images/artmajeur/15fc1a0c70f3.jpg,unknown,Robert Van Den Herik,Exact title/filename match in local source folders; exact work-page URL and license still require verification.,https://www.artmajeur.com/robert-van-den-herik?view=grid&collections%5B0%5D=1744639&page=2,blocked_or_dynamic_manual_check_needed,,Artmajeur pages returned Cloudflare/browser challenge during command-line access; exact work URL requires manual browser verification.
b9a212f5a0a3,images_raw/b9a212f5a0a3.jpg,启迪之街,Street of Inspiration,惊奇,artmajeur.com,,,https://github.com/hmer-boop/multistage-affect/blob/main/data/release_subset/images/artmajeur/b9a212f5a0a3.jpg,unknown,Robert Van Den Herik,Exact title/filename match in local source folders; exact work-page URL and license still require verification.,https://www.artmajeur.com/robert-van-den-herik?view=grid&collections%5B0%5D=1744639&page=2,blocked_or_dynamic_manual_check_needed,,Artmajeur pages returned Cloudflare/browser challenge during command-line access; exact work URL requires manual browser verification.
b793fc7423a7,images_raw/b793fc7423a7.jpg,纯净的风景,Pure Landscape,恐惧,ading.artron.net,,,,unknown,阿丁,Exact title/filename match in local source folders; exact work-page URL and license still require verification. local_title_source_inference: source attribution checked against add pic folder names and title translation caches; not a redistribution license.,https://ading.artron.net/,no_work_url_match_on_collection_pages,,No matching work title found in crawled collection pages. Local add-pic folder confirms title-to-artist/source attribution; exact work-page URL remains unverified.
ae0752678846,images_raw/ae0752678846.jpg,黑色之美,The Beauty of Black,快乐,artmajeur.com,,,https://github.com/hmer-boop/multistage-affect/blob/main/data/release_subset/images/artmajeur/ae0752678846.jpg,unknown,Oluwapelumi Olaosun,Exact title/filename match in local source folders; exact work-page URL and license still require verification.,https://www.artmajeur.com/oluwapelumi-olaosun?view=grid&collections%5B%5D=2301889,blocked_or_dynamic_manual_check_needed,,Artmajeur pages returned Cloudflare/browser challenge during command-line access; exact work URL requires manual browser verification.
177248a0aa54,images_raw/177248a0aa54.jpg,把飞鱼关进笼子里,Caging the Flying Fish,悲伤,artmajeur.com,,,https://github.com/hmer-boop/multistage-affect/blob/main/data/release_subset/images/artmajeur/177248a0aa54.jpg,unknown,Artmajeur painting browsing page,"title_filename_match_source_unresolved: title matched a local working-folder file, but the local folder does not identify the original source site/artist; verify before releasing image files. supplementary_negative_source_fallback: broad website-level source link, not a redistribution license.",https://www.artmajeur.com/zh/yi-shu-pin/hui-hua,source_site_homepage_fallback,broad_source_site_fallback,Fallback broad source-site link assigned for supplementary negative items; use title_zh/title_en to search within the source site. This is not an exact work-page URL.
f04b1f0b31f3,images_raw/f04b1f0b31f3.jpg,《脉之歌》,Song of the Pulse,恐惧,huangjiannan.artron.net,,,,unknown,黄建南,needs_manual_review: title matches multiple local source-folder files; verify exact image before releasing image files. local_title_source_inference: source attribution checked against add pic folder names and title translation caches; not a redistribution license.,https://huangjiannan.artron.net/works_index_21,no_work_url_match_on_collection_pages,,No matching work title found in crawled collection pages. Local add-pic folder confirms title-to-artist/source attribution; exact work-page URL remains unverified.
61a49d987245,images_raw/61a49d987245.jpg,《班公湖夜色》,Night Scene at Bangong Lake,恐惧,huangjiannan.artron.net,,,,unknown,黄建南,needs_manual_review: title matches multiple local source-folder files; verify exact image before releasing image files. local_title_source_inference: source attribution checked against add pic folder names and title translation caches; not a redistribution license.,https://huangjiannan.artron.net/works_index_21,no_work_url_match_on_collection_pages,,No matching work title found in crawled collection pages. Local add-pic folder confirms title-to-artist/source attribution; exact work-page URL remains unverified.
97ed6cda79b4,images_raw/97ed6cda79b4.jpg,耐心,Patient,宁静,artmajeur.com,,,https://github.com/hmer-boop/multistage-affect/blob/main/data/release_subset/images/artmajeur/97ed6cda79b4.jpg,unknown,Annabelle Amory,Exact title/filename match in local source folders; exact work-page URL and license still require verification.,https://www.artmajeur.com/annabelle-amory?view=grid&collections%5B%5D=2064842,blocked_or_dynamic_manual_check_needed,,Artmajeur pages returned Cloudflare/browser challenge during command-line access; exact work URL requires manual browser verification.
98f4318bd9cd,images_raw/98f4318bd9cd.jpg,在不同世界间漫游,Wandering Between Worlds,惊奇,artmajeur.com,,,https://github.com/hmer-boop/multistage-affect/blob/main/data/release_subset/images/artmajeur/98f4318bd9cd.jpg,unknown,Robert Van Den Herik,Exact title/filename match in local source folders; exact work-page URL and license still require verification.,https://www.artmajeur.com/robert-van-den-herik?view=grid&collections%5B0%5D=1744639&page=2,blocked_or_dynamic_manual_check_needed,,Artmajeur pages returned Cloudflare/browser challenge during command-line access; exact work URL requires manual browser verification.
3a46f877074a,images_raw/3a46f877074a.jpg,意外,Accident,悲伤,artmajeur.com,,,https://github.com/hmer-boop/multistage-affect/blob/main/data/release_subset/images/artmajeur/3a46f877074a.jpg,unknown,Milos Hronec,Exact title/filename match in local source folders; exact work-page URL and license still require verification.,https://www.artmajeur.com/milos-hronec?view=grid&collections%5B%5D=2390674,blocked_or_dynamic_manual_check_needed,,Artmajeur pages returned Cloudflare/browser challenge during command-line access; exact work URL requires manual browser verification.
e74553f57e8e,images_raw/e74553f57e8e.jpg,上瘾 5,Addiction 5,惊奇,artmajeur.com,,,https://github.com/hmer-boop/multistage-affect/blob/main/data/release_subset/images/artmajeur/e74553f57e8e.jpg,unknown,Jean Luc Michon,Exact title/filename match in local source folders; exact work-page URL and license still require verification.,https://www.artmajeur.com/jean-luc-michon?view=grid&collections%5B%5D=2220361,blocked_or_dynamic_manual_check_needed,,Artmajeur pages returned Cloudflare/browser challenge during command-line access; exact work URL requires manual browser verification.
504f295bb23d,images_raw/504f295bb23d.jpg,幽竹,Quiet Bamboo,宁静,mazhangcheng.artron.net,,,,unknown,马章乘,Exact title/filename match in local source folders; exact work-page URL and license still require verification. local_title_source_inference: source attribution checked against add pic folder names and title translation caches; not a redistribution license.,https://mazhangcheng.artron.net/,no_work_url_match_on_collection_pages,,No matching work title found in crawled collection pages. Local add-pic folder confirms title-to-artist/source attribution; exact work-page URL remains unverified.
c53eb2a3583f,images_raw/c53eb2a3583f.jpg,入侵者,Intruder,愤怒,artmajeur.com,,,https://github.com/hmer-boop/multistage-affect/blob/main/data/release_subset/images/artmajeur/c53eb2a3583f.jpg,unknown,Artmajeur painting browsing page,"title_filename_match_source_unresolved: title matched a local working-folder file, but the local folder does not identify the original source site/artist; verify before releasing image files. supplementary_negative_source_fallback: broad website-level source link, not a redistribution license.",https://www.artmajeur.com/zh/yi-shu-pin/hui-hua,source_site_homepage_fallback,broad_source_site_fallback,Fallback broad source-site link assigned for supplementary negative items; use title_zh/title_en to search within the source site. This is not an exact work-page URL.
00c441a09cf5,images_raw/00c441a09cf5.jpg,教父 1,The Godfather 1,愤怒,artmajeur.com,,,https://github.com/hmer-boop/multistage-affect/blob/main/data/release_subset/images/artmajeur/00c441a09cf5.jpg,unknown,Jean Luc Michon,Exact title/filename match in local source folders; exact work-page URL and license still require verification.,https://www.artmajeur.com/jean-luc-michon?view=grid&collections%5B%5D=2220361,blocked_or_dynamic_manual_check_needed,,Artmajeur pages returned Cloudflare/browser challenge during command-line access; exact work URL requires manual browser verification.
f7513c4b7f7f,images_raw/f7513c4b7f7f.jpg,爱丽丝,Alice,悲伤,artmajeur.com,,,https://github.com/hmer-boop/multistage-affect/blob/main/data/release_subset/images/artmajeur/f7513c4b7f7f.jpg,unknown,Annabelle Amory,"title_filename_match_source_unresolved: title matched a local working-folder file, but the local folder does not identify the original source site/artist; verify before releasing image files. local_title_source_inference: source attribution checked against add pic folder names and title translation caches; not a redistribution license.",https://www.artmajeur.com/annabelle-amory?view=grid&collections%5B%5D=2064842,source_collection_inferred_from_local_title,local_title_or_translation_match,Source collection inferred from local add-pic folder using title_zh/title_en and translation-cache matching; exact work-page URL remains unverified.
0bc527998d55,images_raw/0bc527998d55.jpg,保护的海岸线,Protected Coastline,宁静,artmajeur.com,,,https://github.com/hmer-boop/multistage-affect/blob/main/data/release_subset/images/artmajeur/0bc527998d55.jpg,unknown,Robert Van Den Herik,Exact title/filename match in local source folders; exact work-page URL and license still require verification.,https://www.artmajeur.com/robert-van-den-herik?view=grid&collections%5B0%5D=1744639&page=2,blocked_or_dynamic_manual_check_needed,,Artmajeur pages returned Cloudflare/browser challenge during command-line access; exact work URL requires manual browser verification.
77516cda554b,images_raw/77516cda554b.jpg,竹之气节,The Spirit of Bamboo,敬畏,mazhangcheng.artron.net,,,,unknown,马章乘,Exact title/filename match in local source folders; exact work-page URL and license still require verification. local_title_source_inference: source attribution checked against add pic folder names and title translation caches; not a redistribution license.,https://mazhangcheng.artron.net/,no_work_url_match_on_collection_pages,,No matching work title found in crawled collection pages. Local add-pic folder confirms title-to-artist/source attribution; exact work-page URL remains unverified.
41f2b54f4612,images_raw/41f2b54f4612.jpg,香山晴雪,Fragrant Hills in Clear Snow,快乐,daize.artron.net,,,,unknown,戴泽,Exact title/filename match in local source folders; exact work-page URL and license still require verification. local_title_source_inference: source attribution checked against add pic folder names and title translation caches; not a redistribution license.,https://daize.artron.net/,no_work_url_match_on_collection_pages,,No matching work title found in crawled collection pages. Local add-pic folder confirms title-to-artist/source attribution; exact work-page URL remains unverified.
7f350fb01a7f,images_raw/7f350fb01a7f.jpg,梦高原,Dream Plateau,敬畏,huangjiannan.artron.net,,,,unknown,黄建南,needs_manual_review: title matches multiple local source-folder files; verify exact image before releasing image files. local_title_source_inference: source attribution checked against add pic folder names and title translation caches; not a redistribution license.,https://huangjiannan.artron.net/works_index_21,no_work_url_match_on_collection_pages,,No matching work title found in crawled collection pages. Local add-pic folder confirms title-to-artist/source attribution; exact work-page URL remains unverified.
75e059b33175,images_raw/75e059b33175.jpg,友谊是神圣的,Friendship is Sacred,悲伤,theartling.com,,,,unknown,TheArtling painting browsing page,"title_filename_match_source_unresolved: title matched a local working-folder file, but the local folder does not identify the original source site/artist; verify before releasing image files. supplementary_negative_source_fallback: broad website-level source link, not a redistribution license.",https://theartling.com/en/art/painting,source_site_homepage_fallback,broad_source_site_fallback,Fallback broad source-site link assigned for supplementary negative items; use title_zh/title_en to search within the source site. This is not an exact work-page URL.
d55f65df7a2d,images_raw/d55f65df7a2d.jpg,不可得性,Unattainability,厌恶,artmajeur.com,,,https://github.com/hmer-boop/multistage-affect/blob/main/data/release_subset/images/artmajeur/d55f65df7a2d.jpg,unknown,Milos Hronec,Exact title/filename match in local source folders; exact work-page URL and license still require verification.,https://www.artmajeur.com/milos-hronec?view=grid&collections%5B%5D=2390674,blocked_or_dynamic_manual_check_needed,,Artmajeur pages returned Cloudflare/browser challenge during command-line access; exact work URL requires manual browser verification.
45d0ccf60698,images_raw/45d0ccf60698.jpg,胜利,Victory,恐惧,artmajeur.com,,,https://github.com/hmer-boop/multistage-affect/blob/main/data/release_subset/images/artmajeur/45d0ccf60698.jpg,unknown,Milos Hronec,Exact title/filename match in local source folders; exact work-page URL and license still require verification.,https://www.artmajeur.com/milos-hronec?view=grid&collections%5B%5D=2390674,blocked_or_dynamic_manual_check_needed,,Artmajeur pages returned Cloudflare/browser challenge during command-line access; exact work URL requires manual browser verification.
743923a7bf97,images_raw/743923a7bf97.jpg,死亡之美,Beauty of Death,悲伤,artmajeur.com,,,https://github.com/hmer-boop/multistage-affect/blob/main/data/release_subset/images/artmajeur/743923a7bf97.jpg,unknown,Milos Hronec,Exact title/filename match in local source folders; exact work-page URL and license still require verification.,https://www.artmajeur.com/milos-hronec?view=grid&collections%5B%5D=2390674,blocked_or_dynamic_manual_check_needed,,Artmajeur pages returned Cloudflare/browser challenge during command-line access; exact work URL requires manual browser verification.
b29d63fdc787,images_raw/b29d63fdc787.jpg,羊驼,Alpaca,快乐,artist.artron.net,https://artist.artron.net/artists23462/2-383196.html#w,,,unknown,苏大朝,Exact title/filename match in local source folders; exact work-page URL and license still require verification.,https://artist.artron.net/artists23462/sale-0-0-0-1-1/,exact_work_url_candidate,title_match_on_source_collection_page,Matched collection-page work title: 羊驼
1da515468f53,images_raw/1da515468f53.jpg,恐龙,Dinosaur,厌恶,artmajeur.com,,,https://github.com/hmer-boop/multistage-affect/blob/main/data/release_subset/images/artmajeur/1da515468f53.jpg,unknown,Milos Hronec,Exact title/filename match in local source folders; exact work-page URL and license still require verification.,https://www.artmajeur.com/milos-hronec?view=grid&collections%5B%5D=2390674,blocked_or_dynamic_manual_check_needed,,Artmajeur pages returned Cloudflare/browser challenge during command-line access; exact work URL requires manual browser verification.
0cb8281a6340,images_raw/0cb8281a6340.jpg,行走的道路,The Road Walked,惊奇,artmajeur.com,,,https://github.com/hmer-boop/multistage-affect/blob/main/data/release_subset/images/artmajeur/0cb8281a6340.jpg,unknown,Jean-Humbert Savoldelli,Exact title/filename match in local source folders; exact work-page URL and license still require verification.,https://www.artmajeur.com/jean-humbert-savoldelli?view=grid&collections%5B%5D=1607818,blocked_or_dynamic_manual_check_needed,,Artmajeur pages returned Cloudflare/browser challenge during command-line access; exact work URL requires manual browser verification.
25e9eca69842,images_raw/25e9eca69842.jpg,深红色的背景,Crimson Background,厌恶,daize.artron.net,,,,unknown,戴泽,Exact title/filename match in local source folders; exact work-page URL and license still require verification. local_title_source_inference: source attribution checked against add pic folder names and title translation caches; not a redistribution license.,https://daize.artron.net/,no_work_url_match_on_collection_pages,,No matching work title found in crawled collection pages. Local add-pic folder confirms title-to-artist/source attribution; exact work-page URL remains unverified.
638a73151923,images_raw/638a73151923.jpg,童年回忆,Childhood Memories,惊奇,artmajeur.com,,,https://github.com/hmer-boop/multistage-affect/blob/main/data/release_subset/images/artmajeur/638a73151923.jpg,unknown,Milos Hronec,Exact title/filename match in local source folders; exact work-page URL and license still require verification.,https://www.artmajeur.com/milos-hronec?view=grid&collections%5B%5D=2390674,blocked_or_dynamic_manual_check_needed,,Artmajeur pages returned Cloudflare/browser challenge during command-line access; exact work URL requires manual browser verification.
a5cee8a3ab8e,images_raw/a5cee8a3ab8e.jpg,东方红,The East is Red,愤怒,theartling.com,,,,unknown,TheArtling painting browsing page,"No local title/filename source match found yet. supplementary_negative_source_fallback: broad website-level source link, not a redistribution license.",https://theartling.com/en/art/painting,source_site_homepage_fallback,broad_source_site_fallback,Fallback broad source-site link assigned for supplementary negative items; use title_zh/title_en to search within the source site. This is not an exact work-page URL.
6505d0742fc8,images_raw/6505d0742fc8.jpg,文人,Scholar,宁静,theartling.com,,,,unknown,TheArtling painting browsing page,"title_filename_match_source_unresolved: title matched a local working-folder file, but the local folder does not identify the original source site/artist; verify before releasing image files. supplementary_negative_source_fallback: broad website-level source link, not a redistribution license.",https://theartling.com/en/art/painting,source_site_homepage_fallback,broad_source_site_fallback,Fallback broad source-site link assigned for supplementary negative items; use title_zh/title_en to search within the source site. This is not an exact work-page URL.
a7cbf23fc15c,images_raw/a7cbf23fc15c.jpg,教士,Priest,敬畏,theartling.com,,,,unknown,TheArtling painting browsing page,"No local title/filename source match found yet. supplementary_negative_source_fallback: broad website-level source link, not a redistribution license.",https://theartling.com/en/art/painting,source_site_homepage_fallback,broad_source_site_fallback,Fallback broad source-site link assigned for supplementary negative items; use title_zh/title_en to search within the source site. This is not an exact work-page URL.
50a82e02bdcb,images_raw/50a82e02bdcb.jpg,救命，爸爸,"Help, Dad",厌恶,artmajeur.com,,,https://github.com/hmer-boop/multistage-affect/blob/main/data/release_subset/images/artmajeur/50a82e02bdcb.jpg,unknown,Artmajeur painting browsing page,"title_filename_match_source_unresolved: title matched a local working-folder file, but the local folder does not identify the original source site/artist; verify before releasing image files. supplementary_negative_source_fallback: broad website-level source link, not a redistribution license.",https://www.artmajeur.com/zh/yi-shu-pin/hui-hua,source_site_homepage_fallback,broad_source_site_fallback,Fallback broad source-site link assigned for supplementary negative items; use title_zh/title_en to search within the source site. This is not an exact work-page URL.
27f77a412f5b,images_raw/27f77a412f5b.jpg,项目_车站_ #18,Project Station #18,宁静,artmajeur.com,,,https://github.com/hmer-boop/multistage-affect/blob/main/data/release_subset/images/artmajeur/27f77a412f5b.jpg,unknown,Igor Shulman,Exact title/filename match in local source folders; exact work-page URL and license still require verification.,https://www.artmajeur.com/igor-shulman?view=grid&collections%5B%5D=1286191,blocked_or_dynamic_manual_check_needed,,Artmajeur pages returned Cloudflare/browser challenge during command-line access; exact work URL requires manual browser verification.
1a8052c3eb75,images_raw/1a8052c3eb75.jpg,布达拉宫,Potala Palace,宁静,daize.artron.net,,,,unknown,戴泽,Exact title/filename match in local source folders; exact work-page URL and license still require verification. local_title_source_inference: source attribution checked against add pic folder names and title translation caches; not a redistribution license.,https://daize.artron.net/,no_work_url_match_on_collection_pages,,No matching work title found in crawled collection pages. Local add-pic folder confirms title-to-artist/source attribution; exact work-page URL remains unverified.
b7c6eb36b083,images_raw/b7c6eb36b083.jpg,外面的世界,The Outside World,恐惧,hanyuchen.artron.net,,,,unknown,韩玉臣,Exact title/filename match in local source folders; exact work-page URL and license still require verification. local_title_source_inference: source attribution checked against add pic folder names and title translation caches; not a redistribution license.,https://hanyuchen.artron.net/,no_work_url_match_on_collection_pages,,No matching work title found in crawled collection pages. Local add-pic folder confirms title-to-artist/source attribution; exact work-page URL remains unverified.
0ec3a3bd55bb,images_raw/0ec3a3bd55bb.jpg,孤独的漫步,Solitary Stroll,悲伤,theartling.com,,,,unknown,TheArtling painting browsing page,"title_filename_match_source_unresolved: title matched a local working-folder file, but the local folder does not identify the original source site/artist; verify before releasing image files. supplementary_negative_source_fallback: broad website-level source link, not a redistribution license.",https://theartling.com/en/art/painting,source_site_homepage_fallback,broad_source_site_fallback,Fallback broad source-site link assigned for supplementary negative items; use title_zh/title_en to search within the source site. This is not an exact work-page URL.
d0fc09c944a0,images_raw/d0fc09c944a0.jpg,名牌,Famous Brand,厌恶,artmajeur.com,,,https://github.com/hmer-boop/multistage-affect/blob/main/data/release_subset/images/artmajeur/d0fc09c944a0.jpg,unknown,Artmajeur painting browsing page,"title_filename_match_source_unresolved: title matched a local working-folder file, but the local folder does not identify the original source site/artist; verify before releasing image files. supplementary_negative_source_fallback: broad website-level source link, not a redistribution license.",https://www.artmajeur.com/zh/yi-shu-pin/hui-hua,source_site_homepage_fallback,broad_source_site_fallback,Fallback broad source-site link assigned for supplementary negative items; use title_zh/title_en to search within the source site. This is not an exact work-page URL.
f15cf677e4db,images_raw/f15cf677e4db.jpg,表象与透明（几何系列）,Appearance and Transparency (Geometric Series),惊奇,artmajeur.com,,,https://github.com/hmer-boop/multistage-affect/blob/main/data/release_subset/images/artmajeur/f15cf677e4db.jpg,unknown,Jean-Humbert Savoldelli,Exact title/filename match in local source folders; exact work-page URL and license still require verification.,https://www.artmajeur.com/jean-humbert-savoldelli?view=grid&collections%5B%5D=1607818,blocked_or_dynamic_manual_check_needed,,Artmajeur pages returned Cloudflare/browser challenge during command-line access; exact work URL requires manual browser verification.
97d10b85be9a,images_raw/97d10b85be9a.jpg,昆仑山下,Beneath Kunlun Mountain,惊奇,hanyuchen.artron.net,,,,unknown,韩玉臣,Exact title/filename match in local source folders; exact work-page URL and license still require verification. local_title_source_inference: source attribution checked against add pic folder names and title translation caches; not a redistribution license.,https://hanyuchen.artron.net/,no_work_url_match_on_collection_pages,,No matching work title found in crawled collection pages. Local add-pic folder confirms title-to-artist/source attribution; exact work-page URL remains unverified.
6a97f793926e,images_raw/6a97f793926e.jpg,心事鸟相知,Birds of the Heart,悲伤,theartling.com,,,,unknown,TheArtling painting browsing page,"title_filename_match_source_unresolved: title matched a local working-folder file, but the local folder does not identify the original source site/artist; verify before releasing image files. supplementary_negative_source_fallback: broad website-level source link, not a redistribution license.",https://theartling.com/en/art/painting,source_site_homepage_fallback,broad_source_site_fallback,Fallback broad source-site link assigned for supplementary negative items; use title_zh/title_en to search within the source site. This is not an exact work-page URL.
4db2d8f5862b,images_raw/4db2d8f5862b.jpg,腾飞.jpg,Soaring.jpg,惊奇,artist.artron.net,https://artist.artron.net/artists23462/2-385197.html#w,,,unknown,苏大朝,Exact title/filename match in local source folders; exact work-page URL and license still require verification.,https://artist.artron.net/artists23462/sale-0-0-0-1-1/,exact_work_url_candidate,title_match_on_source_collection_page,Matched collection-page work title: 腾飞.jpg
54282b51fe41,images_raw/54282b51fe41.jpg,《祖国无处不风光》,Beauty of the Motherland Everywhere,敬畏,huangjiannan.artron.net,,,,unknown,黄建南,needs_manual_review: title matches multiple local source-folder files; verify exact image before releasing image files. local_title_source_inference: source attribution checked against add pic folder names and title translation caches; not a redistribution license.,https://huangjiannan.artron.net/works_index_21,no_work_url_match_on_collection_pages,,No matching work title found in crawled collection pages. Local add-pic folder confirms title-to-artist/source attribution; exact work-page URL remains unverified.
b76862d85aa1,images_raw/b76862d85aa1.jpg,《她送我的花》,The Flowers She Gave Me,宁静,artist.artron.net,https://artist.artron.net/artists5391/2-325816.html#w,,,unknown,苏阳阳,Exact title/filename match in local source folders; exact work-page URL and license still require verification.,https://artist.artron.net/artists5391/sale-0-0-0-1-1/,exact_work_url_candidate,title_match_on_source_collection_page,Matched collection-page work title: 《她送我的花》
b07e178970f7,images_raw/b07e178970f7.jpg,大地灵魂 1,大地灵魂 1,宁静,artmajeur.com,,,https://github.com/hmer-boop/multistage-affect/blob/main/data/release_subset/images/artmajeur/b07e178970f7.jpg,unknown,Artmajeur painting browsing page,"title_filename_match_source_unresolved: title matched a local working-folder file, but the local folder does not identify the original source site/artist; verify before releasing image files. supplementary_negative_source_fallback: broad website-level source link, not a redistribution license.",https://www.artmajeur.com/zh/yi-shu-pin/hui-hua,source_site_homepage_fallback,broad_source_site_fallback,Fallback broad source-site link assigned for supplementary negative items; use title_zh/title_en to search within the source site. This is not an exact work-page URL.
738e26e9da4b,images_raw/738e26e9da4b.jpg,光之印记,Imprint of Light,宁静,artmajeur.com,,,,unknown,Artmajeur painting browsing page,"No local title/filename source match found yet. supplementary_negative_source_fallback: broad website-level source link, not a redistribution license.",https://www.artmajeur.com/zh/yi-shu-pin/hui-hua,source_site_homepage_fallback,broad_source_site_fallback,Fallback broad source-site link assigned for supplementary negative items; use title_zh/title_en to search within the source site. This is not an exact work-page URL.
ca9a04d329e8,images_raw/ca9a04d329e8.jpg,佛香阁,Pavilion of Buddhist Incense,敬畏,daize.artron.net,,,,unknown,戴泽,Exact title/filename match in local source folders; exact work-page URL and license still require verification. local_title_source_inference: source attribution checked against add pic folder names and title translation caches; not a redistribution license.,https://daize.artron.net/,no_work_url_match_on_collection_pages,,No matching work title found in crawled collection pages. Local add-pic folder confirms title-to-artist/source attribution; exact work-page URL remains unverified.
87a73bb5c9d3,images_raw/87a73bb5c9d3.jpg,命运中的时区,Time Zones of Fate,敬畏,artmajeur.com,,,https://github.com/hmer-boop/multistage-affect/blob/main/data/release_subset/images/artmajeur/87a73bb5c9d3.jpg,unknown,Oluwapelumi Olaosun,Exact title/filename match in local source folders; exact work-page URL and license still require verification.,https://www.artmajeur.com/oluwapelumi-olaosun?view=grid&collections%5B%5D=2301889,blocked_or_dynamic_manual_check_needed,,Artmajeur pages returned Cloudflare/browser challenge during command-line access; exact work URL requires manual browser verification.
d1436b16d536,images_raw/d1436b16d536.jpg,香溪,Fragrant Creek,快乐,daize.artron.net,,,,unknown,戴泽,Exact title/filename match in local source folders; exact work-page URL and license still require verification. local_title_source_inference: source attribution checked against add pic folder names and title translation caches; not a redistribution license.,https://daize.artron.net/,no_work_url_match_on_collection_pages,,No matching work title found in crawled collection pages. Local add-pic folder confirms title-to-artist/source attribution; exact work-page URL remains unverified.
2032d4802382,images_raw/2032d4802382.jpg,金百合,Golden Lily,厌恶,guanpuxue.artron.net,,,,unknown,管朴学,Exact title/filename match in local source folders; exact work-page URL and license still require verification. local_title_source_inference: source attribution checked against add pic folder names and title translation caches; not a redistribution license.,https://guanpuxue.artron.net/,no_work_url_match_on_collection_pages,,No matching work title found in crawled collection pages. Local add-pic folder confirms title-to-artist/source attribution; exact work-page URL remains unverified.
2c62d9b12c2b,images_raw/2c62d9b12c2b.jpg,月光河,Moonlight River,恐惧,theartling.com,,,,unknown,TheArtling painting browsing page,"title_filename_match_source_unresolved: title matched a local working-folder file, but the local folder does not identify the original source site/artist; verify before releasing image files. supplementary_negative_source_fallback: broad website-level source link, not a redistribution license.",https://theartling.com/en/art/painting,source_site_homepage_fallback,broad_source_site_fallback,Fallback broad source-site link assigned for supplementary negative items; use title_zh/title_en to search within the source site. This is not an exact work-page URL.
4d82ca84cd23,images_raw/4d82ca84cd23.jpg,逆流而上！,Against the Current!,惊奇,artmajeur.com,,,https://github.com/hmer-boop/multistage-affect/blob/main/data/release_subset/images/artmajeur/4d82ca84cd23.jpg,unknown,Artmajeur painting browsing page,"title_filename_match_source_unresolved: title matched a local working-folder file, but the local folder does not identify the original source site/artist; verify before releasing image files. supplementary_negative_source_fallback: broad website-level source link, not a redistribution license.",https://www.artmajeur.com/zh/yi-shu-pin/hui-hua,source_site_homepage_fallback,broad_source_site_fallback,Fallback broad source-site link assigned for supplementary negative items; use title_zh/title_en to search within the source site. This is not an exact work-page URL.
b7fbd2171438,images_raw/b7fbd2171438.jpg,优越动物 狗记者,Superior Animal: Dog Reporter,厌恶,artmajeur.com,,,https://github.com/hmer-boop/multistage-affect/blob/main/data/release_subset/images/artmajeur/b7fbd2171438.jpg,unknown,Artmajeur painting browsing page,"title_filename_match_source_unresolved: title matched a local working-folder file, but the local folder does not identify the original source site/artist; verify before releasing image files. supplementary_negative_source_fallback: broad website-level source link, not a redistribution license.",https://www.artmajeur.com/zh/yi-shu-pin/hui-hua,source_site_homepage_fallback,broad_source_site_fallback,Fallback broad source-site link assigned for supplementary negative items; use title_zh/title_en to search within the source site. This is not an exact work-page URL.
5ca8137ec1fb,images_raw/5ca8137ec1fb.jpg,阳光窗与瀑布,Sunlit Window and Waterfall,惊奇,artmajeur.com,,,https://github.com/hmer-boop/multistage-affect/blob/main/data/release_subset/images/artmajeur/5ca8137ec1fb.jpg,unknown,Ta,Exact title/filename match in local source folders; exact work-page URL and license still require verification.,https://www.artmajeur.com/ta00?view=grid&collections%5B0%5D=2214331&page=1,blocked_or_dynamic_manual_check_needed,,Artmajeur pages returned Cloudflare/browser challenge during command-line access; exact work URL requires manual browser verification.
8015eee85c20,images_raw/8015eee85c20.jpg,相信不可能,Believe the Impossible,敬畏,artmajeur.com,,,https://github.com/hmer-boop/multistage-affect/blob/main/data/release_subset/images/artmajeur/8015eee85c20.jpg,unknown,Picrate,Exact title/filename match in local source folders; exact work-page URL and license still require verification.,https://www.artmajeur.com/picrate?view=grid&collections%5B%5D=1775407,blocked_or_dynamic_manual_check_needed,,Artmajeur pages returned Cloudflare/browser challenge during command-line access; exact work URL requires manual browser verification.
7de06ae40d68,images_raw/7de06ae40d68.jpg,草原的风,Wind of the Grassland,快乐,haiyang.artron.net,,,,unknown,海阳,Exact title/filename match in local source folders; exact work-page URL and license still require verification. local_title_source_inference: source attribution checked against add pic folder names and title translation caches; not a redistribution license.,https://haiyang.artron.net/works_index_1,no_work_url_match_on_collection_pages,,No matching work title found in crawled collection pages. Local add-pic folder confirms title-to-artist/source attribution; exact work-page URL remains unverified.
3e6107998d5b,images_raw/3e6107998d5b.jpg,光,Luce,悲伤,artmajeur.com,,,https://github.com/hmer-boop/multistage-affect/blob/main/data/release_subset/images/artmajeur/3e6107998d5b.jpg,unknown,Elisa De Montis,Exact title/filename match in local source folders; exact work-page URL and license still require verification.,https://www.artmajeur.com/elisa-de-montis?view=grid&collections%5B%5D=2450866,blocked_or_dynamic_manual_check_needed,,Artmajeur pages returned Cloudflare/browser challenge during command-line access; exact work URL requires manual browser verification.
9ee9010c96e9,images_raw/9ee9010c96e9.jpg,挑着扁担的母亲,Mother Carrying a Shoulder Pole,敬畏,artmajeur.com,,,https://github.com/hmer-boop/multistage-affect/blob/main/data/release_subset/images/artmajeur/9ee9010c96e9.jpg,unknown,Nga Tran,Exact title/filename match in local source folders; exact work-page URL and license still require verification.,https://www.artmajeur.com/nga-tran?view=grid&collections%5B%5D=2287606,blocked_or_dynamic_manual_check_needed,,Artmajeur pages returned Cloudflare/browser challenge during command-line access; exact work URL requires manual browser verification.
e7fa6fec758e,images_raw/e7fa6fec758e.jpg,火车工,Train Worker,敬畏,artmajeur.com,,,https://github.com/hmer-boop/multistage-affect/blob/main/data/release_subset/images/artmajeur/e7fa6fec758e.jpg,unknown,Artmajeur painting browsing page,"title_filename_match_source_unresolved: title matched a local working-folder file, but the local folder does not identify the original source site/artist; verify before releasing image files. supplementary_negative_source_fallback: broad website-level source link, not a redistribution license.",https://www.artmajeur.com/zh/yi-shu-pin/hui-hua,source_site_homepage_fallback,broad_source_site_fallback,Fallback broad source-site link assigned for supplementary negative items; use title_zh/title_en to search within the source site. This is not an exact work-page URL.
30bba9e0c618,images_raw/30bba9e0c618.jpg,归家,Homecoming,厌恶,artist.artron.net,https://artist.artron.net/artists23471/2-383788.html#w,,,unknown,尘三,Exact title/filename match in local source folders; exact work-page URL and license still require verification.,https://artist.artron.net/artists23471/sale-0-0-0-7-1/,exact_work_url_candidate,title_match_on_source_collection_page,Matched collection-page work title: 归家
c4b250c0e144,images_raw/c4b250c0e144.jpg,《伽玛射线》,Gamma Rays,宁静,huangjiannan.artron.net,,,,unknown,黄建南,needs_manual_review: title matches multiple local source-folder files; verify exact image before releasing image files. local_title_source_inference: source attribution checked against add pic folder names and title translation caches; not a redistribution license.,https://huangjiannan.artron.net/works_index_21,no_work_url_match_on_collection_pages,,No matching work title found in crawled collection pages. Local add-pic folder confirms title-to-artist/source attribution; exact work-page URL remains unverified.
5d9002e19d76,images_raw/5d9002e19d76.jpg,树是通道,Trees Are Portals,悲伤,artmajeur.com,,,https://github.com/hmer-boop/multistage-affect/blob/main/data/release_subset/images/artmajeur/5d9002e19d76.jpg,unknown,Robert Van Den Herik,Exact title/filename match in local source folders; exact work-page URL and license still require verification.,https://www.artmajeur.com/robert-van-den-herik?view=grid&collections%5B0%5D=1744639&page=2,blocked_or_dynamic_manual_check_needed,,Artmajeur pages returned Cloudflare/browser challenge during command-line access; exact work URL requires manual browser verification.
7d6b6daa25ee,images_raw/7d6b6daa25ee.jpg,云豹,Clouded Leopard,快乐,artmajeur.com,,,https://github.com/hmer-boop/multistage-affect/blob/main/data/release_subset/images/artmajeur/7d6b6daa25ee.jpg,unknown,Bogdan Dide,Exact title/filename match in local source folders; exact work-page URL and license still require verification.,https://www.artmajeur.com/bogdan-dide?view=grid&collections%5B%5D=1714582,blocked_or_dynamic_manual_check_needed,,Artmajeur pages returned Cloudflare/browser challenge during command-line access; exact work URL requires manual browser verification.
c497f0063c46,images_raw/c497f0063c46.jpg,佛香瞻相,Buddha's Fragrant Gaze,敬畏,theartling.com,,,,unknown,TheArtling painting browsing page,"No local title/filename source match found yet. supplementary_negative_source_fallback: broad website-level source link, not a redistribution license.",https://theartling.com/en/art/painting,source_site_homepage_fallback,broad_source_site_fallback,Fallback broad source-site link assigned for supplementary negative items; use title_zh/title_en to search within the source site. This is not an exact work-page URL.
c9ed951462bd,images_raw/c9ed951462bd.jpg,山涧细流,Mountain Stream,惊奇,artist.artron.net,https://artist.artron.net/artists23471/2-384948.html#w,,,unknown,尘三,Exact title/filename match in local source folders; exact work-page URL and license still require verification.,https://artist.artron.net/artists23471/sale-0-0-0-7-1/,exact_work_url_candidate,title_match_on_source_collection_page,Matched collection-page work title: 山涧细流
b22b74c45116,images_raw/b22b74c45116.jpg,小熊同他的妈妈,Bear Cub and His Mother,惊奇,daize.artron.net,,,,unknown,戴泽,Exact title/filename match in local source folders; exact work-page URL and license still require verification. local_title_source_inference: source attribution checked against add pic folder names and title translation caches; not a redistribution license.,https://daize.artron.net/,no_work_url_match_on_collection_pages,,No matching work title found in crawled collection pages. Local add-pic folder confirms title-to-artist/source attribution; exact work-page URL remains unverified.
336a7488f17c,images_raw/336a7488f17c.jpg,在乔万泉的沐浴,Bathing at Qiaowan Spring,快乐,artmajeur.com,,,https://github.com/hmer-boop/multistage-affect/blob/main/data/release_subset/images/artmajeur/336a7488f17c.jpg,unknown,Alain Vintenon,Exact title/filename match in local source folders; exact work-page URL and license still require verification.,https://www.artmajeur.com/alain-vintenon?view=grid&collections%5B%5D=2312140,blocked_or_dynamic_manual_check_needed,,Artmajeur pages returned Cloudflare/browser challenge during command-line access; exact work URL requires manual browser verification.
4ca86fb04c8e,images_raw/4ca86fb04c8e.jpg,流云,Floating Clouds,快乐,haiyang.artron.net,,,,unknown,海阳,Exact title/filename match in local source folders; exact work-page URL and license still require verification. local_title_source_inference: source attribution checked against add pic folder names and title translation caches; not a redistribution license.,https://haiyang.artron.net/works_index_1,no_work_url_match_on_collection_pages,,No matching work title found in crawled collection pages. Local add-pic folder confirms title-to-artist/source attribution; exact work-page URL remains unverified.
bdfe89b7480e,images_raw/bdfe89b7480e.jpg,在梦的波涛中翱翔,Soaring in the Waves of Dreams,快乐,artmajeur.com,,,https://github.com/hmer-boop/multistage-affect/blob/main/data/release_subset/images/artmajeur/bdfe89b7480e.jpg,unknown,Artmajeur painting browsing page,"title_filename_match_source_unresolved: title matched a local working-folder file, but the local folder does not identify the original source site/artist; verify before releasing image files. supplementary_negative_source_fallback: broad website-level source link, not a redistribution license.",https://www.artmajeur.com/zh/yi-shu-pin/hui-hua,source_site_homepage_fallback,broad_source_site_fallback,Fallback broad source-site link assigned for supplementary negative items; use title_zh/title_en to search within the source site. This is not an exact work-page URL.
32cddc9cd852,images_raw/32cddc9cd852.jpg,黑暗,Darkness,恐惧,artmajeur.com,,,https://github.com/hmer-boop/multistage-affect/blob/main/data/release_subset/images/artmajeur/32cddc9cd852.jpg,unknown,Jean-Humbert Savoldelli,Exact title/filename match in local source folders; exact work-page URL and license still require verification.,https://www.artmajeur.com/jean-humbert-savoldelli?view=grid&collections%5B%5D=1607818,blocked_or_dynamic_manual_check_needed,,Artmajeur pages returned Cloudflare/browser challenge during command-line access; exact work URL requires manual browser verification.
9cf69d805f56,images_raw/9cf69d805f56.jpg,《丑角》,Clown,快乐,artmajeur.com,,,https://github.com/hmer-boop/multistage-affect/blob/main/data/release_subset/images/artmajeur/9cf69d805f56.jpg,unknown,Artmajeur painting browsing page,"needs_manual_review: title matches multiple local source-folder files; verify exact image before releasing image files. supplementary_negative_source_fallback: broad website-level source link, not a redistribution license.",https://www.artmajeur.com/zh/yi-shu-pin/hui-hua,source_site_homepage_fallback,broad_source_site_fallback,Fallback broad source-site link assigned for supplementary negative items; use title_zh/title_en to search within the source site. This is not an exact work-page URL.
debddb57feb5,images_raw/debddb57feb5.jpg,超级利益链——旋转,Super Profit Chain - Rotation,厌恶,baike.artron.net,,,,unknown,焦小健,Exact title/filename match in local source folders; exact work-page URL and license still require verification. local_title_source_inference: source attribution checked against add pic folder names and title translation caches; not a redistribution license.,https://baike.artron.net/artist?id=1958,no_work_url_match_on_collection_pages,,No matching work title found in crawled collection pages. Local add-pic folder confirms title-to-artist/source attribution; exact work-page URL remains unverified.
294dcdf6f8be,images_raw/294dcdf6f8be.jpg,充满阳光的日子,Sunny Days,快乐,haiyang.artron.net,,,,unknown,海阳,Exact title/filename match in local source folders; exact work-page URL and license still require verification. local_title_source_inference: source attribution checked against add pic folder names and title translation caches; not a redistribution license.,https://haiyang.artron.net/works_index_1,no_work_url_match_on_collection_pages,,No matching work title found in crawled collection pages. Local add-pic folder confirms title-to-artist/source attribution; exact work-page URL remains unverified.
603ff0f1c705,images_raw/603ff0f1c705.jpg,都江堰,Dujiangyan,宁静,daize.artron.net,,,,unknown,戴泽,Exact title/filename match in local source folders; exact work-page URL and license still require verification. local_title_source_inference: source attribution checked against add pic folder names and title translation caches; not a redistribution license.,https://daize.artron.net/,no_work_url_match_on_collection_pages,,No matching work title found in crawled collection pages. Local add-pic folder confirms title-to-artist/source attribution; exact work-page URL remains unverified.
6f938b0a5192,images_raw/6f938b0a5192.jpg,山有灵气山中净,"The Spirit of the Mountain, Purity Within",宁静,mazhangcheng.artron.net,,,,unknown,马章乘,Exact title/filename match in local source folders; exact work-page URL and license still require verification. local_title_source_inference: source attribution checked against add pic folder names and title translation caches; not a redistribution license.,https://mazhangcheng.artron.net/,no_work_url_match_on_collection_pages,,No matching work title found in crawled collection pages. Local add-pic folder confirms title-to-artist/source attribution; exact work-page URL remains unverified.
fd385674583e,images_raw/fd385674583e.jpg,《量子射爆》,Quantum Blast,厌恶,huangjiannan.artron.net,,,,unknown,黄建南,needs_manual_review: title matches multiple local source-folder files; verify exact image before releasing image files. local_title_source_inference: source attribution checked against add pic folder names and title translation caches; not a redistribution license.,https://huangjiannan.artron.net/works_index_21,no_work_url_match_on_collection_pages,,No matching work title found in crawled collection pages. Local add-pic folder confirms title-to-artist/source attribution; exact work-page URL remains unverified.
6ed0817ace1c,images_raw/6ed0817ace1c.jpg,至暗时刻,Darkest Hour,厌恶,theartling.com,,,,unknown,TheArtling painting browsing page,"title_filename_match_source_unresolved: title matched a local working-folder file, but the local folder does not identify the original source site/artist; verify before releasing image files. supplementary_negative_source_fallback: broad website-level source link, not a redistribution license.",https://theartling.com/en/art/painting,source_site_homepage_fallback,broad_source_site_fallback,Fallback broad source-site link assigned for supplementary negative items; use title_zh/title_en to search within the source site. This is not an exact work-page URL.
43424ef93c33,images_raw/43424ef93c33.jpg,夜宴,Night Banquet,惊奇,baike.artron.net,,,,unknown,焦小健,Exact title/filename match in local source folders; exact work-page URL and license still require verification. local_title_source_inference: source attribution checked against add pic folder names and title translation caches; not a redistribution license.,https://baike.artron.net/artist?id=1958,no_work_url_match_on_collection_pages,,No matching work title found in crawled collection pages. Local add-pic folder confirms title-to-artist/source attribution; exact work-page URL remains unverified.
8878fac415a0,images_raw/8878fac415a0.jpg,腊冬雪韵,Winter Snow Charm,悲伤,theartling.com,,,,unknown,TheArtling painting browsing page,"No local title/filename source match found yet. supplementary_negative_source_fallback: broad website-level source link, not a redistribution license.",https://theartling.com/en/art/painting,source_site_homepage_fallback,broad_source_site_fallback,Fallback broad source-site link assigned for supplementary negative items; use title_zh/title_en to search within the source site. This is not an exact work-page URL.
dd86e837c63d,images_raw/dd86e837c63d.jpg,奶香四溢,Milky Aroma,恐惧,hanyuchen.artron.net,,,,unknown,韩玉臣,Exact title/filename match in local source folders; exact work-page URL and license still require verification. local_title_source_inference: source attribution checked against add pic folder names and title translation caches; not a redistribution license.,https://hanyuchen.artron.net/,no_work_url_match_on_collection_pages,,No matching work title found in crawled collection pages. Local add-pic folder confirms title-to-artist/source attribution; exact work-page URL remains unverified.
d9012a023c02,images_raw/d9012a023c02.jpg,白沙滩的童年物语,Childhood Tales of the White Sand Beach,宁静,theartling.com,,,,unknown,TheArtling painting browsing page,"title_filename_match_source_unresolved: title matched a local working-folder file, but the local folder does not identify the original source site/artist; verify before releasing image files. supplementary_negative_source_fallback: broad website-level source link, not a redistribution license.",https://theartling.com/en/art/painting,source_site_homepage_fallback,broad_source_site_fallback,Fallback broad source-site link assigned for supplementary negative items; use title_zh/title_en to search within the source site. This is not an exact work-page URL.
edc19e73b81e,images_raw/edc19e73b81e.jpg,此路不通,Dead End,惊奇,theartling.com,,,,unknown,TheArtling painting browsing page,"No local title/filename source match found yet. supplementary_negative_source_fallback: broad website-level source link, not a redistribution license.",https://theartling.com/en/art/painting,source_site_homepage_fallback,broad_source_site_fallback,Fallback broad source-site link assigned for supplementary negative items; use title_zh/title_en to search within the source site. This is not an exact work-page URL.
b073dc191b4c,images_raw/b073dc191b4c.jpg,归真园,Garden of Return to Truth,快乐,guanpuxue.artron.net,,,,unknown,管朴学,Exact title/filename match in local source folders; exact work-page URL and license still require verification. local_title_source_inference: source attribution checked against add pic folder names and title translation caches; not a redistribution license.,https://guanpuxue.artron.net/,no_work_url_match_on_collection_pages,,No matching work title found in crawled collection pages. Local add-pic folder confirms title-to-artist/source attribution; exact work-page URL remains unverified.
498b53dc5cbb,images_raw/498b53dc5cbb.jpg,北方,North,惊奇,guanpuxue.artron.net,,,,unknown,管朴学,Exact title/filename match in local source folders; exact work-page URL and license still require verification. local_title_source_inference: source attribution checked against add pic folder names and title translation caches; not a redistribution license.,https://guanpuxue.artron.net/,no_work_url_match_on_collection_pages,,No matching work title found in crawled collection pages. Local add-pic folder confirms title-to-artist/source attribution; exact work-page URL remains unverified.
eb62df0eaf42,images_raw/eb62df0eaf42.jpg,瘟疫降临,The Plague Arrives,惊奇,artmajeur.com,,,https://github.com/hmer-boop/multistage-affect/blob/main/data/release_subset/images/artmajeur/eb62df0eaf42.jpg,unknown,Artmajeur painting browsing page,"title_filename_match_source_unresolved: title matched a local working-folder file, but the local folder does not identify the original source site/artist; verify before releasing image files. supplementary_negative_source_fallback: broad website-level source link, not a redistribution license.",https://www.artmajeur.com/zh/yi-shu-pin/hui-hua,source_site_homepage_fallback,broad_source_site_fallback,Fallback broad source-site link assigned for supplementary negative items; use title_zh/title_en to search within the source site. This is not an exact work-page URL.
867b4a6c8fbe,images_raw/867b4a6c8fbe.jpg,痛苦,Pain,悲伤,artmajeur.com,,,https://github.com/hmer-boop/multistage-affect/blob/main/data/release_subset/images/artmajeur/867b4a6c8fbe.jpg,unknown,Milos Hronec,Exact title/filename match in local source folders; exact work-page URL and license still require verification.,https://www.artmajeur.com/milos-hronec?view=grid&collections%5B%5D=2390674,blocked_or_dynamic_manual_check_needed,,Artmajeur pages returned Cloudflare/browser challenge during command-line access; exact work URL requires manual browser verification.
d151d21d8c93,images_raw/d151d21d8c93.jpg,快乐舞蹈,Happy Dance,悲伤,artmajeur.com,,,https://github.com/hmer-boop/multistage-affect/blob/main/data/release_subset/images/artmajeur/d151d21d8c93.jpg,unknown,Milos Hronec,Exact title/filename match in local source folders; exact work-page URL and license still require verification.,https://www.artmajeur.com/milos-hronec?view=grid&collections%5B%5D=2390674,blocked_or_dynamic_manual_check_needed,,Artmajeur pages returned Cloudflare/browser challenge during command-line access; exact work URL requires manual browser verification.
bf2f00b783de,images_raw/bf2f00b783de.jpg,王府井教堂,Wangfujing Cathedral,敬畏,daize.artron.net,,,,unknown,戴泽,Exact title/filename match in local source folders; exact work-page URL and license still require verification. local_title_source_inference: source attribution checked against add pic folder names and title translation caches; not a redistribution license.,https://daize.artron.net/,no_work_url_match_on_collection_pages,,No matching work title found in crawled collection pages. Local add-pic folder confirms title-to-artist/source attribution; exact work-page URL remains unverified.
fd5edd2aa3ce,images_raw/fd5edd2aa3ce.jpg,自然之路,Path of Nature,惊奇,artmajeur.com,,,https://github.com/hmer-boop/multistage-affect/blob/main/data/release_subset/images/artmajeur/fd5edd2aa3ce.jpg,unknown,Alex Senchenko,Exact title/filename match in local source folders; exact work-page URL and license still require verification.,https://www.artmajeur.com/senchenko?view=grid&collections%5B%5D=1872680,blocked_or_dynamic_manual_check_needed,,Artmajeur pages returned Cloudflare/browser challenge during command-line access; exact work URL requires manual browser verification.
cb4e436c421a,images_raw/cb4e436c421a.jpg,丛林夜停,Jungle Night Stop,快乐,theartling.com,,,,unknown,TheArtling painting browsing page,"No local title/filename source match found yet. supplementary_negative_source_fallback: broad website-level source link, not a redistribution license.",https://theartling.com/en/art/painting,source_site_homepage_fallback,broad_source_site_fallback,Fallback broad source-site link assigned for supplementary negative items; use title_zh/title_en to search within the source site. This is not an exact work-page URL.
ac85439bbd31,images_raw/ac85439bbd31.jpg,痛苦的个性解体,Painful Depersonalization,厌恶,artmajeur.com,,,https://github.com/hmer-boop/multistage-affect/blob/main/data/release_subset/images/artmajeur/ac85439bbd31.jpg,unknown,Milos Hronec,Exact title/filename match in local source folders; exact work-page URL and license still require verification.,https://www.artmajeur.com/milos-hronec?view=grid&collections%5B%5D=2390674,blocked_or_dynamic_manual_check_needed,,Artmajeur pages returned Cloudflare/browser challenge during command-line access; exact work URL requires manual browser verification.
c4f3be0a5f43,images_raw/c4f3be0a5f43.jpg,《天堂运动会》,Heavenly Games,快乐,huangjiannan.artron.net,,,,unknown,黄建南,needs_manual_review: title matches multiple local source-folder files; verify exact image before releasing image files. local_title_source_inference: source attribution checked against add pic folder names and title translation caches; not a redistribution license.,https://huangjiannan.artron.net/works_index_21,no_work_url_match_on_collection_pages,,No matching work title found in crawled collection pages. Local add-pic folder confirms title-to-artist/source attribution; exact work-page URL remains unverified.
577062aa1b17,images_raw/577062aa1b17.jpg,身体与灵魂,Body and Soul,敬畏,artmajeur.com,,,https://github.com/hmer-boop/multistage-affect/blob/main/data/release_subset/images/artmajeur/577062aa1b17.jpg,unknown,Artmajeur painting browsing page,"title_filename_match_source_unresolved: title matched a local working-folder file, but the local folder does not identify the original source site/artist; verify before releasing image files. supplementary_negative_source_fallback: broad website-level source link, not a redistribution license.",https://www.artmajeur.com/zh/yi-shu-pin/hui-hua,source_site_homepage_fallback,broad_source_site_fallback,Fallback broad source-site link assigned for supplementary negative items; use title_zh/title_en to search within the source site. This is not an exact work-page URL.
7a7fbbe27bf0,images_raw/7a7fbbe27bf0.jpg,永恒的遗憾,Eternal Regret,悲伤,artmajeur.com,,,https://github.com/hmer-boop/multistage-affect/blob/main/data/release_subset/images/artmajeur/7a7fbbe27bf0.jpg,unknown,Artmajeur painting browsing page,"title_filename_match_source_unresolved: title matched a local working-folder file, but the local folder does not identify the original source site/artist; verify before releasing image files. supplementary_negative_source_fallback: broad website-level source link, not a redistribution license.",https://www.artmajeur.com/zh/yi-shu-pin/hui-hua,source_site_homepage_fallback,broad_source_site_fallback,Fallback broad source-site link assigned for supplementary negative items; use title_zh/title_en to search within the source site. This is not an exact work-page URL.
08915938087b,images_raw/08915938087b.jpg,《金色童年》,Golden Childhood,恐惧,hanyuchen.artron.net; maokaiart.com,,,,unknown,毛锎; 韩玉臣,needs_manual_review: title matches multiple local source-folder files; verify exact image before releasing image files. local_title_source_inference: source attribution checked against add pic folder names and title translation caches; not a redistribution license.,http://www.maokaiart.com/; https://hanyuchen.artron.net/,no_work_url_match_on_collection_pages,manual_check_needed,"Multiple candidate source collection URLs were available, but no single-work/detail-page URL was resolved automatically; verify exact image visually. Local add-pic folder confirms title-to-artist/source attribution; exact work-page URL remains unverified."
045cf7836f97,images_raw/045cf7836f97.jpg,月季,Rose,宁静,daize.artron.net,,,,unknown,戴泽,Exact title/filename match in local source folders; exact work-page URL and license still require verification. local_title_source_inference: source attribution checked against add pic folder names and title translation caches; not a redistribution license.,https://daize.artron.net/,no_work_url_match_on_collection_pages,,No matching work title found in crawled collection pages. Local add-pic folder confirms title-to-artist/source attribution; exact work-page URL remains unverified.
5a602c054c4b,images_raw/5a602c054c4b.jpg,红房子,Red House,快乐,artist.artron.net; guanpuxue.artron.net,https://artist.artron.net/artists314/1-383202.html#w,,,unknown,党中华; 管朴学,needs_manual_review: title matches multiple local source-folder files; verify exact image before releasing image files.,https://artist.artron.net/artists314; https://guanpuxue.artron.net/,exact_work_url_candidate,title_match_on_source_collection_page,Matched collection-page work title: 《红房子》50x60.2022.党中华油画2181.jpg
712e746c036e,images_raw/712e746c036e.jpg,骑猪的小男孩,Boy Riding a Pig,愤怒,artist.artron.net,https://artist.artron.net/artists23462/2-383878.html#w,,,unknown,苏大朝,Exact title/filename match in local source folders; exact work-page URL and license still require verification.,https://artist.artron.net/artists23462/sale-0-0-0-1-1/,exact_work_url_candidate,title_match_on_source_collection_page,Matched collection-page work title: 骑猪的小男孩
03c4c09931d2,images_raw/03c4c09931d2.jpg,幸福的小鸟,Happy Little Bird,厌恶,artmajeur.com,,,https://github.com/hmer-boop/multistage-affect/blob/main/data/release_subset/images/artmajeur/03c4c09931d2.jpg,unknown,Picrate,Exact title/filename match in local source folders; exact work-page URL and license still require verification.,https://www.artmajeur.com/picrate?view=grid&collections%5B%5D=1775407,blocked_or_dynamic_manual_check_needed,,Artmajeur pages returned Cloudflare/browser challenge during command-line access; exact work URL requires manual browser verification.
d86a6c68da14,images_raw/d86a6c68da14.jpg,甜美花园,Sweet Garden,惊奇,artmajeur.com,,,https://github.com/hmer-boop/multistage-affect/blob/main/data/release_subset/images/artmajeur/d86a6c68da14.jpg,unknown,Jean-Humbert Savoldelli,Exact title/filename match in local source folders; exact work-page URL and license still require verification.,https://www.artmajeur.com/jean-humbert-savoldelli?view=grid&collections%5B%5D=1607818,blocked_or_dynamic_manual_check_needed,,Artmajeur pages returned Cloudflare/browser challenge during command-line access; exact work URL requires manual browser verification.
be1261ccc390,images_raw/be1261ccc390.jpg,古法航行,Ancient Navigation,惊奇,artmajeur.com,,,https://github.com/hmer-boop/multistage-affect/blob/main/data/release_subset/images/artmajeur/be1261ccc390.jpg,unknown,Picrate,Exact title/filename match in local source folders; exact work-page URL and license still require verification.,https://www.artmajeur.com/picrate?view=grid&collections%5B%5D=1775407,blocked_or_dynamic_manual_check_needed,,Artmajeur pages returned Cloudflare/browser challenge during command-line access; exact work URL requires manual browser verification.
03811fde9e80,images_raw/03811fde9e80.jpg,《童年》油画,Childhood,悲伤,hanyuchen.artron.net,,,,unknown,韩玉臣,Exact title/filename match in local source folders; exact work-page URL and license still require verification. local_title_source_inference: source attribution checked against add pic folder names and title translation caches; not a redistribution license.,https://hanyuchen.artron.net/,no_work_url_match_on_collection_pages,,No matching work title found in crawled collection pages. Local add-pic folder confirms title-to-artist/source attribution; exact work-page URL remains unverified.
4950385295e8,images_raw/4950385295e8.jpg,只剩下欧洲，再次是革命,"Il ne reste plus que l'EUROPE, c'est à nouveau la Révolution",厌恶,artmajeur.com,,,https://github.com/hmer-boop/multistage-affect/blob/main/data/release_subset/images/artmajeur/4950385295e8.jpg,unknown,Dags Vidulejs,Exact title/filename match in local source folders; exact work-page URL and license still require verification.,https://www.artmajeur.com/dags-vidulejs?view=grid&collections%5B%5D=2194390,blocked_or_dynamic_manual_check_needed,,Artmajeur pages returned Cloudflare/browser challenge during command-line access; exact work URL requires manual browser verification.
6095f4d7a743,images_raw/6095f4d7a743.jpg,在山丘上行走,Walking on the Hills,宁静,artmajeur.com,,,https://github.com/hmer-boop/multistage-affect/blob/main/data/release_subset/images/artmajeur/6095f4d7a743.jpg,unknown,Igor Shulman,Exact title/filename match in local source folders; exact work-page URL and license still require verification.,https://www.artmajeur.com/igor-shulman?view=grid&collections%5B%5D=1286191,blocked_or_dynamic_manual_check_needed,,Artmajeur pages returned Cloudflare/browser challenge during command-line access; exact work URL requires manual browser verification.
d9a173e1628b,images_raw/d9a173e1628b.jpg,作为整体的一部分,Part of the Whole,惊奇,artmajeur.com,,,https://github.com/hmer-boop/multistage-affect/blob/main/data/release_subset/images/artmajeur/d9a173e1628b.jpg,unknown,Robert Van Den Herik,Exact title/filename match in local source folders; exact work-page URL and license still require verification.,https://www.artmajeur.com/robert-van-den-herik?view=grid&collections%5B0%5D=1744639&page=2,blocked_or_dynamic_manual_check_needed,,Artmajeur pages returned Cloudflare/browser challenge during command-line access; exact work URL requires manual browser verification.
6abb98850d1e,images_raw/6abb98850d1e.jpg,子非鱼安知鱼之乐,How Can You Know the Joy of Fish?,恐惧,artist.artron.net,https://artist.artron.net/artists23462/2-383193.html#w,,,unknown,苏大朝,Exact title/filename match in local source folders; exact work-page URL and license still require verification.,https://artist.artron.net/artists23462/sale-0-0-0-1-1/,exact_work_url_candidate,title_match_on_source_collection_page,Matched collection-page work title: 子非鱼安知鱼之乐
f1a49f8b0fc8,images_raw/f1a49f8b0fc8.jpg,河上的日出,Sunrise over the River,宁静,artmajeur.com,,,https://github.com/hmer-boop/multistage-affect/blob/main/data/release_subset/images/artmajeur/f1a49f8b0fc8.jpg,unknown,Nga Tran,Exact title/filename match in local source folders; exact work-page URL and license still require verification.,https://www.artmajeur.com/nga-tran?view=grid&collections%5B%5D=2287606,blocked_or_dynamic_manual_check_needed,,Artmajeur pages returned Cloudflare/browser challenge during command-line access; exact work URL requires manual browser verification.
c79edaa50db2,images_raw/c79edaa50db2.jpg,《天外来客》,Visitor from Beyond,恐惧,huangjiannan.artron.net,,,,unknown,黄建南,needs_manual_review: title matches multiple local source-folder files; verify exact image before releasing image files. local_title_source_inference: source attribution checked against add pic folder names and title translation caches; not a redistribution license.,https://huangjiannan.artron.net/works_index_21,no_work_url_match_on_collection_pages,,No matching work title found in crawled collection pages. Local add-pic folder confirms title-to-artist/source attribution; exact work-page URL remains unverified.
63f2d0524afc,images_raw/63f2d0524afc.jpg,陨石,Meteorite,恐惧,theartling.com,,,,unknown,TheArtling painting browsing page,"title_filename_match_source_unresolved: title matched a local working-folder file, but the local folder does not identify the original source site/artist; verify before releasing image files. supplementary_negative_source_fallback: broad website-level source link, not a redistribution license.",https://theartling.com/en/art/painting,source_site_homepage_fallback,broad_source_site_fallback,Fallback broad source-site link assigned for supplementary negative items; use title_zh/title_en to search within the source site. This is not an exact work-page URL.
1b88d140f870,images_raw/1b88d140f870.jpg,失落星辰的追寻,La quête d’un astre perdu,悲伤,artmajeur.com,,,https://github.com/hmer-boop/multistage-affect/blob/main/data/release_subset/images/artmajeur/1b88d140f870.jpg,unknown,Chloe Kaemmerer,Exact title/filename match in local source folders; exact work-page URL and license still require verification.,https://www.artmajeur.com/chloe-kaemmerer?view=grid&collections%5B%5D=2320546,blocked_or_dynamic_manual_check_needed,,Artmajeur pages returned Cloudflare/browser challenge during command-line access; exact work URL requires manual browser verification.
530bdc8efbc0,images_raw/530bdc8efbc0.jpg,闇谷,Dark Valley,惊奇,artist.artron.net,https://artist.artron.net/artists23471/2-383986.html#w,,,unknown,尘三,Exact title/filename match in local source folders; exact work-page URL and license still require verification.,https://artist.artron.net/artists23471/sale-0-0-0-7-1/,exact_work_url_candidate,title_match_on_source_collection_page,Matched collection-page work title: 闇谷
e2bcfbd50bd1,images_raw/e2bcfbd50bd1.jpg,游戏,Game,惊奇,artmajeur.com,,,https://github.com/hmer-boop/multistage-affect/blob/main/data/release_subset/images/artmajeur/e2bcfbd50bd1.jpg,unknown,Jean-Humbert Savoldelli,Exact title/filename match in local source folders; exact work-page URL and license still require verification.,https://www.artmajeur.com/jean-humbert-savoldelli?view=grid&collections%5B%5D=1607818,blocked_or_dynamic_manual_check_needed,,Artmajeur pages returned Cloudflare/browser challenge during command-line access; exact work URL requires manual browser verification.
3f4d866d8210,images_raw/3f4d866d8210.jpg,繁茂,Flourishing,宁静,artmajeur.com,,,https://github.com/hmer-boop/multistage-affect/blob/main/data/release_subset/images/artmajeur/3f4d866d8210.jpg,unknown,Jean-Humbert Savoldelli,Exact title/filename match in local source folders; exact work-page URL and license still require verification.,https://www.artmajeur.com/jean-humbert-savoldelli?view=grid&collections%5B%5D=1607818,blocked_or_dynamic_manual_check_needed,,Artmajeur pages returned Cloudflare/browser challenge during command-line access; exact work URL requires manual browser verification.
5c8a823a1628,images_raw/5c8a823a1628.jpg,自然的脉动,Pulse of Nature,敬畏,artmajeur.com,,,https://github.com/hmer-boop/multistage-affect/blob/main/data/release_subset/images/artmajeur/5c8a823a1628.jpg,unknown,Alex Senchenko,Exact title/filename match in local source folders; exact work-page URL and license still require verification.,https://www.artmajeur.com/senchenko?view=grid&collections%5B%5D=1872680,blocked_or_dynamic_manual_check_needed,,Artmajeur pages returned Cloudflare/browser challenge during command-line access; exact work URL requires manual browser verification.
27ed1b1b7073,images_raw/27ed1b1b7073.jpg,离谱的红色残余,Absurd Red Remnants,愤怒,artmajeur.com,,,https://github.com/hmer-boop/multistage-affect/blob/main/data/release_subset/images/artmajeur/27ed1b1b7073.jpg,unknown,Artmajeur painting browsing page,"title_filename_match_source_unresolved: title matched a local working-folder file, but the local folder does not identify the original source site/artist; verify before releasing image files. supplementary_negative_source_fallback: broad website-level source link, not a redistribution license.",https://www.artmajeur.com/zh/yi-shu-pin/hui-hua,source_site_homepage_fallback,broad_source_site_fallback,Fallback broad source-site link assigned for supplementary negative items; use title_zh/title_en to search within the source site. This is not an exact work-page URL.
fc6792dea129,images_raw/fc6792dea129.jpg,跑,Run,厌恶,theartling.com,,,,unknown,TheArtling painting browsing page,"title_filename_match_source_unresolved: title matched a local working-folder file, but the local folder does not identify the original source site/artist; verify before releasing image files. supplementary_negative_source_fallback: broad website-level source link, not a redistribution license.",https://theartling.com/en/art/painting,source_site_homepage_fallback,broad_source_site_fallback,Fallback broad source-site link assigned for supplementary negative items; use title_zh/title_en to search within the source site. This is not an exact work-page URL.
f2fc6edc033e,images_raw/f2fc6edc033e.jpg,清幽,Tranquility,宁静,mazhangcheng.artron.net,,,,unknown,马章乘,Exact title/filename match in local source folders; exact work-page URL and license still require verification. local_title_source_inference: source attribution checked against add pic folder names and title translation caches; not a redistribution license.,https://mazhangcheng.artron.net/,no_work_url_match_on_collection_pages,,No matching work title found in crawled collection pages. Local add-pic folder confirms title-to-artist/source attribution; exact work-page URL remains unverified.
5a5b370a1336,images_raw/5a5b370a1336.jpg,寺庙高严,Majestic Temple,敬畏,hanyuchen.artron.net,,,,unknown,韩玉臣,Exact title/filename match in local source folders; exact work-page URL and license still require verification. local_title_source_inference: source attribution checked against add pic folder names and title translation caches; not a redistribution license.,https://hanyuchen.artron.net/,no_work_url_match_on_collection_pages,,No matching work title found in crawled collection pages. Local add-pic folder confirms title-to-artist/source attribution; exact work-page URL remains unverified.
d0ed824d516f,images_raw/d0ed824d516f.jpg,压力,Pressure,悲伤,artmajeur.com,,,https://github.com/hmer-boop/multistage-affect/blob/main/data/release_subset/images/artmajeur/d0ed824d516f.jpg,unknown,Milos Hronec,Exact title/filename match in local source folders; exact work-page URL and license still require verification.,https://www.artmajeur.com/milos-hronec?view=grid&collections%5B%5D=2390674,blocked_or_dynamic_manual_check_needed,,Artmajeur pages returned Cloudflare/browser challenge during command-line access; exact work URL requires manual browser verification.
7fd15d3da690,images_raw/7fd15d3da690.jpg,重庆梯归,Chongqing Steps Home,敬畏,daize.artron.net,,,,unknown,戴泽,Exact title/filename match in local source folders; exact work-page URL and license still require verification. local_title_source_inference: source attribution checked against add pic folder names and title translation caches; not a redistribution license.,https://daize.artron.net/,no_work_url_match_on_collection_pages,,No matching work title found in crawled collection pages. Local add-pic folder confirms title-to-artist/source attribution; exact work-page URL remains unverified.
a9ede2db8793,images_raw/a9ede2db8793.jpg,喜悦,Joy,宁静,artmajeur.com,,,https://github.com/hmer-boop/multistage-affect/blob/main/data/release_subset/images/artmajeur/a9ede2db8793.jpg,unknown,Annabelle Amory,Exact title/filename match in local source folders; exact work-page URL and license still require verification.,https://www.artmajeur.com/annabelle-amory?view=grid&collections%5B%5D=2064842,blocked_or_dynamic_manual_check_needed,,Artmajeur pages returned Cloudflare/browser challenge during command-line access; exact work URL requires manual browser verification.
115e1244e766,images_raw/115e1244e766.jpg,移民入侵,Immigrant Invasion,恐惧,artmajeur.com,,,https://github.com/hmer-boop/multistage-affect/blob/main/data/release_subset/images/artmajeur/115e1244e766.jpg,unknown,Dags Vidulejs,"title_filename_match_source_unresolved: title matched a local working-folder file, but the local folder does not identify the original source site/artist; verify before releasing image files. local_title_source_inference: source attribution checked against add pic folder names and title translation caches; not a redistribution license.",https://www.artmajeur.com/dags-vidulejs?view=grid&collections%5B%5D=2194390,source_collection_inferred_from_local_title,local_title_or_translation_match,Source collection inferred from local add-pic folder using title_zh/title_en and translation-cache matching; exact work-page URL remains unverified.
631328243339,images_raw/631328243339.jpg,入侵者,Intruder,恐惧,theartling.com,,,,unknown,TheArtling painting browsing page,"title_filename_match_source_unresolved: title matched a local working-folder file, but the local folder does not identify the original source site/artist; verify before releasing image files. supplementary_negative_source_fallback: broad website-level source link, not a redistribution license.",https://theartling.com/en/art/painting,source_site_homepage_fallback,broad_source_site_fallback,Fallback broad source-site link assigned for supplementary negative items; use title_zh/title_en to search within the source site. This is not an exact work-page URL.
07bdaa59625a,images_raw/07bdaa59625a.jpg,整个宇宙,The Whole Universe,恐惧,artmajeur.com,,,https://github.com/hmer-boop/multistage-affect/blob/main/data/release_subset/images/artmajeur/07bdaa59625a.jpg,unknown,Milos Hronec,Exact title/filename match in local source folders; exact work-page URL and license still require verification.,https://www.artmajeur.com/milos-hronec?view=grid&collections%5B%5D=2390674,blocked_or_dynamic_manual_check_needed,,Artmajeur pages returned Cloudflare/browser challenge during command-line access; exact work URL requires manual browser verification.
ef4b4bde1c17,images_raw/ef4b4bde1c17.jpg,加油泵,Fuel Pump,惊奇,artmajeur.com,,,https://github.com/hmer-boop/multistage-affect/blob/main/data/release_subset/images/artmajeur/ef4b4bde1c17.jpg,unknown,Artmajeur painting browsing page,"title_filename_match_source_unresolved: title matched a local working-folder file, but the local folder does not identify the original source site/artist; verify before releasing image files. supplementary_negative_source_fallback: broad website-level source link, not a redistribution license.",https://www.artmajeur.com/zh/yi-shu-pin/hui-hua,source_site_homepage_fallback,broad_source_site_fallback,Fallback broad source-site link assigned for supplementary negative items; use title_zh/title_en to search within the source site. This is not an exact work-page URL.
39873a36bcf9,images_raw/39873a36bcf9.jpg,胜利之步,Step of Victory,敬畏,artmajeur.com,,,https://github.com/hmer-boop/multistage-affect/blob/main/data/release_subset/images/artmajeur/39873a36bcf9.jpg,unknown,Manolis Maridakis,Exact title/filename match in local source folders; exact work-page URL and license still require verification.,https://www.artmajeur.com/manolis-maridakis?view=grid&collections%5B%5D=2471758,blocked_or_dynamic_manual_check_needed,,Artmajeur pages returned Cloudflare/browser challenge during command-line access; exact work URL requires manual browser verification.
41e97cfdcf7d,images_raw/41e97cfdcf7d.jpg,奉献,Dedication,恐惧,artmajeur.com,,,https://github.com/hmer-boop/multistage-affect/blob/main/data/release_subset/images/artmajeur/41e97cfdcf7d.jpg,unknown,Milos Hronec,Exact title/filename match in local source folders; exact work-page URL and license still require verification.,https://www.artmajeur.com/milos-hronec?view=grid&collections%5B%5D=2390674,blocked_or_dynamic_manual_check_needed,,Artmajeur pages returned Cloudflare/browser challenge during command-line access; exact work URL requires manual browser verification.
e0b220b5846c,images_raw/e0b220b5846c.jpg,梦里的柠檬,Lemons in a Dream,快乐,artmajeur.com,,,https://github.com/hmer-boop/multistage-affect/blob/main/data/release_subset/images/artmajeur/e0b220b5846c.jpg,unknown,Claire Denarie-Soffietti,Exact title/filename match in local source folders; exact work-page URL and license still require verification.,https://www.artmajeur.com/claire-denarie-soffietti?view=grid&collections%5B%5D=2130209,blocked_or_dynamic_manual_check_needed,,Artmajeur pages returned Cloudflare/browser challenge during command-line access; exact work URL requires manual browser verification.
92fd1878563d,images_raw/92fd1878563d.jpg,国色天香,National Beauty and Heavenly Fragrance,快乐,mazhangcheng.artron.net,,,,unknown,马章乘,Exact title/filename match in local source folders; exact work-page URL and license still require verification. local_title_source_inference: source attribution checked against add pic folder names and title translation caches; not a redistribution license.,https://mazhangcheng.artron.net/,no_work_url_match_on_collection_pages,,No matching work title found in crawled collection pages. Local add-pic folder confirms title-to-artist/source attribution; exact work-page URL remains unverified.
143995e0f218,images_raw/143995e0f218.jpg,黑夜里的黑猫,Black Cat in the Night,惊奇,artist.artron.net,https://artist.artron.net/artists23462/2-381767.html#w,,,unknown,苏大朝,Exact title/filename match in local source folders; exact work-page URL and license still require verification.,https://artist.artron.net/artists23462/sale-0-0-0-1-1/,exact_work_url_candidate,title_match_on_source_collection_page,Matched collection-page work title: 黑夜里的黑猫
4d377634cd30,images_raw/4d377634cd30.jpg,不可能的邂逅,Impossible Encounter,恐惧,theartling.com,,,,unknown,TheArtling painting browsing page,"title_filename_match_source_unresolved: title matched a local working-folder file, but the local folder does not identify the original source site/artist; verify before releasing image files. supplementary_negative_source_fallback: broad website-level source link, not a redistribution license.",https://theartling.com/en/art/painting,source_site_homepage_fallback,broad_source_site_fallback,Fallback broad source-site link assigned for supplementary negative items; use title_zh/title_en to search within the source site. This is not an exact work-page URL.
42f559ba1e60,images_raw/42f559ba1e60.jpg,大地&有意味的形 (2),Earth & Meaningful Form (2),宁静,changshijiang.artron.net,,,,unknown,常世江,"title_filename_match_source_unresolved: title matched a local working-folder file, but the local folder does not identify the original source site/artist; verify before releasing image files. local_title_source_inference: source attribution checked against add pic folder names and title translation caches; not a redistribution license.",https://changshijiang.artron.net/works_index_1,source_collection_inferred_from_local_title,local_title_or_translation_match,Source collection inferred from local add-pic folder using title_zh/title_en and translation-cache matching; exact work-page URL remains unverified.
d02da722fbc0,images_raw/d02da722fbc0.jpg,大众娱乐,Mass Entertainment,厌恶,baike.artron.net,,,,unknown,焦小健,Exact title/filename match in local source folders; exact work-page URL and license still require verification. local_title_source_inference: source attribution checked against add pic folder names and title translation caches; not a redistribution license.,https://baike.artron.net/artist?id=1958,no_work_url_match_on_collection_pages,,No matching work title found in crawled collection pages. Local add-pic folder confirms title-to-artist/source attribution; exact work-page URL remains unverified.
88341da6f333,images_raw/88341da6f333.jpg,耸山云闲,Clouds Resting on Lofty Mountains,厌恶,artist.artron.net,https://artist.artron.net/artists23471/2-383853.html#w,,,unknown,尘三,Exact title/filename match in local source folders; exact work-page URL and license still require verification.,https://artist.artron.net/artists23471/sale-0-0-0-7-1/,exact_work_url_candidate,title_match_on_source_collection_page,Matched collection-page work title: 耸山云闲
f862fe0b370a,images_raw/f862fe0b370a.jpg,灰城-微光,Gray City - Glimmer,宁静,tiexin.artron.net,,,,unknown,铁心,Exact title/filename match in local source folders; exact work-page URL and license still require verification. local_title_source_inference: source attribution checked against add pic folder names and title translation caches; not a redistribution license.,https://tiexin.artron.net/,no_work_url_match_on_collection_pages,,No matching work title found in crawled collection pages. Local add-pic folder confirms title-to-artist/source attribution; exact work-page URL remains unverified.
b2e9ba943c98,images_raw/b2e9ba943c98.jpg,治愈者也需要治愈,Healers Need Healing Too,惊奇,artmajeur.com,,,https://github.com/hmer-boop/multistage-affect/blob/main/data/release_subset/images/artmajeur/b2e9ba943c98.jpg,unknown,Ganiyat Abdulazeez,Exact title/filename match in local source folders; exact work-page URL and license still require verification.,https://www.artmajeur.com/ganiyat-abdulazeez?view=grid&collections%5B%5D=2121668,blocked_or_dynamic_manual_check_needed,,Artmajeur pages returned Cloudflare/browser challenge during command-line access; exact work URL requires manual browser verification.
85f90c5f8af2,images_raw/85f90c5f8af2.jpg,力量,Strength,敬畏,artmajeur.com,,,https://github.com/hmer-boop/multistage-affect/blob/main/data/release_subset/images/artmajeur/85f90c5f8af2.jpg,unknown,Shepard Fairey,"title_filename_match_source_unresolved: title matched a local working-folder file, but the local folder does not identify the original source site/artist; verify before releasing image files. local_title_source_inference: source attribution checked against add pic folder names and title translation caches; not a redistribution license.",https://www.artmajeur.com/obey-shepard-fairey,source_collection_inferred_from_local_title,local_title_or_translation_match,Source collection inferred from local add-pic folder using title_zh/title_en and translation-cache matching; exact work-page URL remains unverified.
a4e6fec56298,images_raw/a4e6fec56298.jpg,芙蓉葵,Hibiscus,惊奇,yueminjun.artron.net,,,,unknown,岳敏君,Exact title/filename match in local source folders; exact work-page URL and license still require verification. local_title_source_inference: source attribution checked against add pic folder names and title translation caches; not a redistribution license.,https://yueminjun.artron.net/,no_work_url_match_on_collection_pages,,No matching work title found in crawled collection pages. Local add-pic folder confirms title-to-artist/source attribution; exact work-page URL remains unverified.
9d7a11e43bc7,images_raw/9d7a11e43bc7.jpg,吉祥长白山 (2),Auspicious Changbai Mountain (2),敬畏,changshijiang.artron.net,,,,unknown,常世江,"title_filename_match_source_unresolved: title matched a local working-folder file, but the local folder does not identify the original source site/artist; verify before releasing image files. local_title_source_inference: source attribution checked against add pic folder names and title translation caches; not a redistribution license.",https://changshijiang.artron.net/works_index_1,source_collection_inferred_from_local_title,local_title_or_translation_match,Source collection inferred from local add-pic folder using title_zh/title_en and translation-cache matching; exact work-page URL remains unverified.
9d10103ab892,images_raw/9d10103ab892.jpg,水边人家,Waterside Dwellings,宁静,artist.artron.net,https://artist.artron.net/artists5391/2-143910.html#w,,,unknown,苏阳阳,Exact title/filename match in local source folders; exact work-page URL and license still require verification.,https://artist.artron.net/artists5391/sale-0-0-0-1-1/,exact_work_url_candidate,title_match_on_source_collection_page,Matched collection-page work title: 水粉-- 水边人家-苏州
8a3efc48d07b,images_raw/8a3efc48d07b.jpg,舞者,Dancer,恐惧,theartling.com,,,,unknown,TheArtling painting browsing page,"title_filename_match_source_unresolved: title matched a local working-folder file, but the local folder does not identify the original source site/artist; verify before releasing image files. supplementary_negative_source_fallback: broad website-level source link, not a redistribution license.",https://theartling.com/en/art/painting,source_site_homepage_fallback,broad_source_site_fallback,Fallback broad source-site link assigned for supplementary negative items; use title_zh/title_en to search within the source site. This is not an exact work-page URL.
632097cca1de,images_raw/632097cca1de.jpg,母亲斯瓦,Mother Sva,惊奇,artmajeur.com,,,https://github.com/hmer-boop/multistage-affect/blob/main/data/release_subset/images/artmajeur/632097cca1de.jpg,unknown,Bogdan Dide,Exact title/filename match in local source folders; exact work-page URL and license still require verification.,https://www.artmajeur.com/bogdan-dide?view=grid&collections%5B%5D=1714582,blocked_or_dynamic_manual_check_needed,,Artmajeur pages returned Cloudflare/browser challenge during command-line access; exact work URL requires manual browser verification.
07d027dd41c4,images_raw/07d027dd41c4.jpg,阳光中的故事,Story in the Sunlight,快乐,artmajeur.com,,,https://github.com/hmer-boop/multistage-affect/blob/main/data/release_subset/images/artmajeur/07d027dd41c4.jpg,unknown,Robert Van Den Herik,Exact title/filename match in local source folders; exact work-page URL and license still require verification.,https://www.artmajeur.com/robert-van-den-herik?view=grid&collections%5B0%5D=1744639&page=2,blocked_or_dynamic_manual_check_needed,,Artmajeur pages returned Cloudflare/browser challenge during command-line access; exact work URL requires manual browser verification.
249f7c52bd5d,images_raw/249f7c52bd5d.jpg,以梦为马,Ride the Dream,惊奇,theartling.com,,,,unknown,TheArtling painting browsing page,"No local title/filename source match found yet. supplementary_negative_source_fallback: broad website-level source link, not a redistribution license.",https://theartling.com/en/art/painting,source_site_homepage_fallback,broad_source_site_fallback,Fallback broad source-site link assigned for supplementary negative items; use title_zh/title_en to search within the source site. This is not an exact work-page URL.
748bb34ebcd9,images_raw/748bb34ebcd9.jpg,一个错误,A Mistake,悲伤,artmajeur.com,,,https://github.com/hmer-boop/multistage-affect/blob/main/data/release_subset/images/artmajeur/748bb34ebcd9.jpg,unknown,Milos Hronec,Exact title/filename match in local source folders; exact work-page URL and license still require verification.,https://www.artmajeur.com/milos-hronec?view=grid&collections%5B%5D=2390674,blocked_or_dynamic_manual_check_needed,,Artmajeur pages returned Cloudflare/browser challenge during command-line access; exact work URL requires manual browser verification.
799739f79c3f,images_raw/799739f79c3f.jpg,抓住公牛的角,Prendre le taureau par les cornes,快乐,artmajeur.com,,,https://github.com/hmer-boop/multistage-affect/blob/main/data/release_subset/images/artmajeur/799739f79c3f.jpg,unknown,Antoine Alran,Exact title/filename match in local source folders; exact work-page URL and license still require verification.,https://www.artmajeur.com/antoine-alran?view=grid&collections%5B%5D=2199799,blocked_or_dynamic_manual_check_needed,,Artmajeur pages returned Cloudflare/browser challenge during command-line access; exact work URL requires manual browser verification.
2d6a67998ee2,images_raw/2d6a67998ee2.jpg,老胡同别有洞天,Hidden Charms of Old Hutongs,惊奇,daize.artron.net,,,,unknown,戴泽,Exact title/filename match in local source folders; exact work-page URL and license still require verification. local_title_source_inference: source attribution checked against add pic folder names and title translation caches; not a redistribution license.,https://daize.artron.net/,no_work_url_match_on_collection_pages,,No matching work title found in crawled collection pages. Local add-pic folder confirms title-to-artist/source attribution; exact work-page URL remains unverified.
fc9b38daa21c,images_raw/fc9b38daa21c.jpg,寂,Silence,宁静,guanpuxue.artron.net,,,,unknown,管朴学,Exact title/filename match in local source folders; exact work-page URL and license still require verification. local_title_source_inference: source attribution checked against add pic folder names and title translation caches; not a redistribution license.,https://guanpuxue.artron.net/,no_work_url_match_on_collection_pages,,No matching work title found in crawled collection pages. Local add-pic folder confirms title-to-artist/source attribution; exact work-page URL remains unverified.
2bed6c4e4715,images_raw/2bed6c4e4715.jpg,我保护你，我的儿子,"I Protect You, My Son",厌恶,theartling.com,,,,unknown,TheArtling painting browsing page,"title_filename_match_source_unresolved: title matched a local working-folder file, but the local folder does not identify the original source site/artist; verify before releasing image files. supplementary_negative_source_fallback: broad website-level source link, not a redistribution license.",https://theartling.com/en/art/painting,source_site_homepage_fallback,broad_source_site_fallback,Fallback broad source-site link assigned for supplementary negative items; use title_zh/title_en to search within the source site. This is not an exact work-page URL.
5b11d0fc4518,images_raw/5b11d0fc4518.jpg,分裂的人,Divided Man,愤怒,artmajeur.com,,,https://github.com/hmer-boop/multistage-affect/blob/main/data/release_subset/images/artmajeur/5b11d0fc4518.jpg,unknown,Milos Hronec,Exact title/filename match in local source folders; exact work-page URL and license still require verification.,https://www.artmajeur.com/milos-hronec?view=grid&collections%5B%5D=2390674,blocked_or_dynamic_manual_check_needed,,Artmajeur pages returned Cloudflare/browser challenge during command-line access; exact work URL requires manual browser verification.
23ec133d3d4e,images_raw/23ec133d3d4e.jpg,圣泉云烟,Sacred Spring Mist,悲伤,hanyuchen.artron.net,,,,unknown,韩玉臣,Exact title/filename match in local source folders; exact work-page URL and license still require verification. local_title_source_inference: source attribution checked against add pic folder names and title translation caches; not a redistribution license.,https://hanyuchen.artron.net/,no_work_url_match_on_collection_pages,,No matching work title found in crawled collection pages. Local add-pic folder confirms title-to-artist/source attribution; exact work-page URL remains unverified.
fa62a47efda1,images_raw/fa62a47efda1.jpg,愚人类,Foolish Humanity,快乐,artmajeur.com,,,,unknown,Artmajeur painting browsing page,"No local title/filename source match found yet. supplementary_negative_source_fallback: broad website-level source link, not a redistribution license.",https://www.artmajeur.com/zh/yi-shu-pin/hui-hua,source_site_homepage_fallback,broad_source_site_fallback,Fallback broad source-site link assigned for supplementary negative items; use title_zh/title_en to search within the source site. This is not an exact work-page URL.
9aa30ffddf51,images_raw/9aa30ffddf51.jpg,和平与混沌,Peace and Chaos,悲伤,artmajeur.com,,,https://github.com/hmer-boop/multistage-affect/blob/main/data/release_subset/images/artmajeur/9aa30ffddf51.jpg,unknown,Milos Hronec,Exact title/filename match in local source folders; exact work-page URL and license still require verification.,https://www.artmajeur.com/milos-hronec?view=grid&collections%5B%5D=2390674,blocked_or_dynamic_manual_check_needed,,Artmajeur pages returned Cloudflare/browser challenge during command-line access; exact work URL requires manual browser verification.
e160446a1747,images_raw/e160446a1747.jpg,占有,Possession,厌恶,theartling.com,,,,unknown,TheArtling painting browsing page,"title_filename_match_source_unresolved: title matched a local working-folder file, but the local folder does not identify the original source site/artist; verify before releasing image files. supplementary_negative_source_fallback: broad website-level source link, not a redistribution license.",https://theartling.com/en/art/painting,source_site_homepage_fallback,broad_source_site_fallback,Fallback broad source-site link assigned for supplementary negative items; use title_zh/title_en to search within the source site. This is not an exact work-page URL.
752d3ecc01d4,images_raw/752d3ecc01d4.jpg,他的秘密信息未被听见,His Secret Message Unheard,恐惧,artmajeur.com,,,https://github.com/hmer-boop/multistage-affect/blob/main/data/release_subset/images/artmajeur/752d3ecc01d4.jpg,unknown,Artmajeur painting browsing page,"title_filename_match_source_unresolved: title matched a local working-folder file, but the local folder does not identify the original source site/artist; verify before releasing image files. supplementary_negative_source_fallback: broad website-level source link, not a redistribution license.",https://www.artmajeur.com/zh/yi-shu-pin/hui-hua,source_site_homepage_fallback,broad_source_site_fallback,Fallback broad source-site link assigned for supplementary negative items; use title_zh/title_en to search within the source site. This is not an exact work-page URL.
8f247532821e,images_raw/8f247532821e.jpg,拆,Dismantle,惊奇,theartling.com,,,,unknown,TheArtling painting browsing page,"title_filename_match_source_unresolved: title matched a local working-folder file, but the local folder does not identify the original source site/artist; verify before releasing image files. supplementary_negative_source_fallback: broad website-level source link, not a redistribution license.",https://theartling.com/en/art/painting,source_site_homepage_fallback,broad_source_site_fallback,Fallback broad source-site link assigned for supplementary negative items; use title_zh/title_en to search within the source site. This is not an exact work-page URL.
6e0c819329e8,images_raw/6e0c819329e8.jpg,走向牧场,Heading to the Pasture,快乐,hanyuchen.artron.net,,,,unknown,韩玉臣,Exact title/filename match in local source folders; exact work-page URL and license still require verification. local_title_source_inference: source attribution checked against add pic folder names and title translation caches; not a redistribution license.,https://hanyuchen.artron.net/,no_work_url_match_on_collection_pages,,No matching work title found in crawled collection pages. Local add-pic folder confirms title-to-artist/source attribution; exact work-page URL remains unverified.
788ab7182de5,images_raw/788ab7182de5.jpg,老佟与列宁,Old Tong and Lenin,悲伤,daize.artron.net,,,,unknown,戴泽,Exact title/filename match in local source folders; exact work-page URL and license still require verification. local_title_source_inference: source attribution checked against add pic folder names and title translation caches; not a redistribution license.,https://daize.artron.net/,no_work_url_match_on_collection_pages,,No matching work title found in crawled collection pages. Local add-pic folder confirms title-to-artist/source attribution; exact work-page URL remains unverified.
72a90ad97372,images_raw/72a90ad97372.jpg,神往,Yearning,宁静,hanyuchen.artron.net,,,,unknown,韩玉臣,Exact title/filename match in local source folders; exact work-page URL and license still require verification. local_title_source_inference: source attribution checked against add pic folder names and title translation caches; not a redistribution license.,https://hanyuchen.artron.net/,no_work_url_match_on_collection_pages,,No matching work title found in crawled collection pages. Local add-pic folder confirms title-to-artist/source attribution; exact work-page URL remains unverified.
331d1e490982,images_raw/331d1e490982.jpg,嗷叫,Howl,厌恶,theartling.com,,,,unknown,TheArtling painting browsing page,"title_filename_match_source_unresolved: title matched a local working-folder file, but the local folder does not identify the original source site/artist; verify before releasing image files. supplementary_negative_source_fallback: broad website-level source link, not a redistribution license.",https://theartling.com/en/art/painting,source_site_homepage_fallback,broad_source_site_fallback,Fallback broad source-site link assigned for supplementary negative items; use title_zh/title_en to search within the source site. This is not an exact work-page URL.
11ea18f629ba,images_raw/11ea18f629ba.jpg,当时间成为偶像,When Time Becomes an Idol,恐惧,artmajeur.com,,,https://github.com/hmer-boop/multistage-affect/blob/main/data/release_subset/images/artmajeur/11ea18f629ba.jpg,unknown,Oluwapelumi Olaosun,Exact title/filename match in local source folders; exact work-page URL and license still require verification.,https://www.artmajeur.com/oluwapelumi-olaosun?view=grid&collections%5B%5D=2301889,blocked_or_dynamic_manual_check_needed,,Artmajeur pages returned Cloudflare/browser challenge during command-line access; exact work URL requires manual browser verification.
01293d780b87,images_raw/01293d780b87.jpg,君子大成,Noble Perfection,敬畏,mazhangcheng.artron.net,,,,unknown,马章乘,Exact title/filename match in local source folders; exact work-page URL and license still require verification. local_title_source_inference: source attribution checked against add pic folder names and title translation caches; not a redistribution license.,https://mazhangcheng.artron.net/,no_work_url_match_on_collection_pages,,No matching work title found in crawled collection pages. Local add-pic folder confirms title-to-artist/source attribution; exact work-page URL remains unverified.
5d2e000b99ed,images_raw/5d2e000b99ed.jpg,沉重的行李箱,Heavy Suitcase,宁静,artmajeur.com,,,https://github.com/hmer-boop/multistage-affect/blob/main/data/release_subset/images/artmajeur/5d2e000b99ed.jpg,unknown,Igor Shulman,Exact title/filename match in local source folders; exact work-page URL and license still require verification.,https://www.artmajeur.com/igor-shulman?view=grid&collections%5B%5D=1286191,blocked_or_dynamic_manual_check_needed,,Artmajeur pages returned Cloudflare/browser challenge during command-line access; exact work URL requires manual browser verification.
a23cc0280622,images_raw/a23cc0280622.jpg,红色文艺复兴,Red Renaissance,惊奇,artmajeur.com,,,https://github.com/hmer-boop/multistage-affect/blob/main/data/release_subset/images/artmajeur/a23cc0280622.jpg,unknown,Viktor Sheleg,Exact title/filename match in local source folders; exact work-page URL and license still require verification.,https://www.artmajeur.com/zh/yi-shu-pin?hybrid_query=%20Viktor%20Sheleg%20,blocked_or_dynamic_manual_check_needed,,Artmajeur pages returned Cloudflare/browser challenge during command-line access; exact work URL requires manual browser verification.
7a67b7debe77,images_raw/7a67b7debe77.jpg,姐妹之爱,Sisterly Love,快乐,artmajeur.com,,,https://github.com/hmer-boop/multistage-affect/blob/main/data/release_subset/images/artmajeur/7a67b7debe77.jpg,unknown,Ganiyat Abdulazeez,Exact title/filename match in local source folders; exact work-page URL and license still require verification.,https://www.artmajeur.com/ganiyat-abdulazeez?view=grid&collections%5B%5D=2121668,blocked_or_dynamic_manual_check_needed,,Artmajeur pages returned Cloudflare/browser challenge during command-line access; exact work URL requires manual browser verification.
e69a9936e666,images_raw/e69a9936e666.jpg,描绘圆圈,Depicting Circles,快乐,artmajeur.com,,,https://github.com/hmer-boop/multistage-affect/blob/main/data/release_subset/images/artmajeur/e69a9936e666.jpg,unknown,Artmajeur painting browsing page,"title_filename_match_source_unresolved: title matched a local working-folder file, but the local folder does not identify the original source site/artist; verify before releasing image files. supplementary_negative_source_fallback: broad website-level source link, not a redistribution license.",https://www.artmajeur.com/zh/yi-shu-pin/hui-hua,source_site_homepage_fallback,broad_source_site_fallback,Fallback broad source-site link assigned for supplementary negative items; use title_zh/title_en to search within the source site. This is not an exact work-page URL.
a16ab781ce1e,images_raw/a16ab781ce1e.jpg,春消息,Spring Tidings,快乐,artist.artron.net,https://artist.artron.net/artists5391/1-143917.html#w,,,unknown,苏阳阳,Exact title/filename match in local source folders; exact work-page URL and license still require verification.,https://artist.artron.net/artists5391/sale-0-0-0-1-1/,exact_work_url_candidate,title_match_on_source_collection_page,Matched collection-page work title: 油画-- 春消息
982beaefa8b9,images_raw/982beaefa8b9.jpg,缓解,Rémission,恐惧,artmajeur.com,,,https://github.com/hmer-boop/multistage-affect/blob/main/data/release_subset/images/artmajeur/982beaefa8b9.jpg,unknown,Annabelle Amory,Exact title/filename match in local source folders; exact work-page URL and license still require verification.,https://www.artmajeur.com/annabelle-amory?view=grid&collections%5B%5D=2064842,blocked_or_dynamic_manual_check_needed,,Artmajeur pages returned Cloudflare/browser challenge during command-line access; exact work URL requires manual browser verification.
50812cd43d44,images_raw/50812cd43d44.jpg,古峰临泽,Ancient Peaks Over Streams,敬畏,artist.artron.net,https://artist.artron.net/artists23471/2-385697.html#w,,,unknown,尘三,Exact title/filename match in local source folders; exact work-page URL and license still require verification.,https://artist.artron.net/artists23471/sale-0-0-0-7-1/,exact_work_url_candidate,title_match_on_source_collection_page,Matched collection-page work title: 古峰临泽
590fa755bc93,images_raw/590fa755bc93.jpg,安静,Quiet,快乐,artmajeur.com,,,https://github.com/hmer-boop/multistage-affect/blob/main/data/release_subset/images/artmajeur/590fa755bc93.jpg,unknown,Claire Denarie-Soffietti,Exact title/filename match in local source folders; exact work-page URL and license still require verification.,https://www.artmajeur.com/claire-denarie-soffietti?view=grid&collections%5B%5D=2130209,blocked_or_dynamic_manual_check_needed,,Artmajeur pages returned Cloudflare/browser challenge during command-line access; exact work URL requires manual browser verification.
efe5131a57bc,images_raw/efe5131a57bc.jpg,哺乳动物,Mammal,愤怒,artmajeur.com,,,https://github.com/hmer-boop/multistage-affect/blob/main/data/release_subset/images/artmajeur/efe5131a57bc.jpg,unknown,Milos Hronec,Exact title/filename match in local source folders; exact work-page URL and license still require verification.,https://www.artmajeur.com/milos-hronec?view=grid&collections%5B%5D=2390674,blocked_or_dynamic_manual_check_needed,,Artmajeur pages returned Cloudflare/browser challenge during command-line access; exact work URL requires manual browser verification.
ff71212c1d6f,images_raw/ff71212c1d6f.jpg,如铅般的滋味,A Leaden Taste,厌恶,artmajeur.com,,,https://github.com/hmer-boop/multistage-affect/blob/main/data/release_subset/images/artmajeur/ff71212c1d6f.jpg,unknown,Jean-Humbert Savoldelli,Exact title/filename match in local source folders; exact work-page URL and license still require verification.,https://www.artmajeur.com/jean-humbert-savoldelli?view=grid&collections%5B%5D=1607818,blocked_or_dynamic_manual_check_needed,,Artmajeur pages returned Cloudflare/browser challenge during command-line access; exact work URL requires manual browser verification.
cf6b89c7b86b,images_raw/cf6b89c7b86b.jpg,往昔的记忆,Memories of the Past,宁静,artmajeur.com,,,https://github.com/hmer-boop/multistage-affect/blob/main/data/release_subset/images/artmajeur/cf6b89c7b86b.jpg,unknown,Ganiyat Abdulazeez,Exact title/filename match in local source folders; exact work-page URL and license still require verification.,https://www.artmajeur.com/ganiyat-abdulazeez?view=grid&collections%5B%5D=2121668,blocked_or_dynamic_manual_check_needed,,Artmajeur pages returned Cloudflare/browser challenge during command-line access; exact work URL requires manual browser verification.
42a87679d424,images_raw/42a87679d424.jpg,农民小组会,Farmers' Group Meeting,惊奇,daize.artron.net,,,,unknown,戴泽,Exact title/filename match in local source folders; exact work-page URL and license still require verification. local_title_source_inference: source attribution checked against add pic folder names and title translation caches; not a redistribution license.,https://daize.artron.net/,no_work_url_match_on_collection_pages,,No matching work title found in crawled collection pages. Local add-pic folder confirms title-to-artist/source attribution; exact work-page URL remains unverified.
789c11c8dbf2,images_raw/789c11c8dbf2.jpg,山水,Landscape,惊奇,mazhangcheng.artron.net,,,,unknown,马章乘,Exact title/filename match in local source folders; exact work-page URL and license still require verification. local_title_source_inference: source attribution checked against add pic folder names and title translation caches; not a redistribution license.,https://mazhangcheng.artron.net/,no_work_url_match_on_collection_pages,,No matching work title found in crawled collection pages. Local add-pic folder confirms title-to-artist/source attribution; exact work-page URL remains unverified.
9f87604a5cec,images_raw/9f87604a5cec.jpg,过渡期,Transition Period,惊奇,artmajeur.com,,,https://github.com/hmer-boop/multistage-affect/blob/main/data/release_subset/images/artmajeur/9f87604a5cec.jpg,unknown,Oluwapelumi Olaosun,Exact title/filename match in local source folders; exact work-page URL and license still require verification.,https://www.artmajeur.com/oluwapelumi-olaosun?view=grid&collections%5B%5D=2301889,blocked_or_dynamic_manual_check_needed,,Artmajeur pages returned Cloudflare/browser challenge during command-line access; exact work URL requires manual browser verification.
ed50f3c2a5b9,images_raw/ed50f3c2a5b9.jpg,疯狂的人,Madman,厌恶,artmajeur.com,,,https://github.com/hmer-boop/multistage-affect/blob/main/data/release_subset/images/artmajeur/ed50f3c2a5b9.jpg,unknown,Milos Hronec,Exact title/filename match in local source folders; exact work-page URL and license still require verification.,https://www.artmajeur.com/milos-hronec?view=grid&collections%5B%5D=2390674,blocked_or_dynamic_manual_check_needed,,Artmajeur pages returned Cloudflare/browser challenge during command-line access; exact work URL requires manual browser verification.
4608fd34f358,images_raw/4608fd34f358.jpg,美丽的白癜风女士,Beautiful Lady with Vitiligo,宁静,artmajeur.com,,,https://github.com/hmer-boop/multistage-affect/blob/main/data/release_subset/images/artmajeur/4608fd34f358.jpg,unknown,Ganiyat Abdulazeez,Exact title/filename match in local source folders; exact work-page URL and license still require verification.,https://www.artmajeur.com/ganiyat-abdulazeez?view=grid&collections%5B%5D=2121668,blocked_or_dynamic_manual_check_needed,,Artmajeur pages returned Cloudflare/browser challenge during command-line access; exact work URL requires manual browser verification.
2ea9c1d217a9,images_raw/2ea9c1d217a9.jpg,天边草原的来客,Visitor from the Distant Grassland,宁静,artmajeur.com,,,,unknown,Artmajeur painting browsing page,"No local title/filename source match found yet. supplementary_negative_source_fallback: broad website-level source link, not a redistribution license.",https://www.artmajeur.com/zh/yi-shu-pin/hui-hua,source_site_homepage_fallback,broad_source_site_fallback,Fallback broad source-site link assigned for supplementary negative items; use title_zh/title_en to search within the source site. This is not an exact work-page URL.
ecd948f21ee2,images_raw/ecd948f21ee2.jpg,舒服的猫,Comfortable Cat,快乐,artist.artron.net,https://artist.artron.net/artists23462/2-385484.html#w,,,unknown,苏大朝,Exact title/filename match in local source folders; exact work-page URL and license still require verification.,https://artist.artron.net/artists23462/sale-0-0-0-1-1/,exact_work_url_candidate,title_match_on_source_collection_page,Matched collection-page work title: 舒服的猫iPad绘画30*40cm2025.jpg
e85d3cc44e5a,images_raw/e85d3cc44e5a.jpg,绿之奏鸣曲,Green Sonata,惊奇,artist.artron.net,https://artist.artron.net/artists23471/2-385662.html#w,,,unknown,尘三,Exact title/filename match in local source folders; exact work-page URL and license still require verification.,https://artist.artron.net/artists23471/sale-0-0-0-7-1/,exact_work_url_candidate,title_match_on_source_collection_page,Matched collection-page work title: 绿之奏鸣曲
5b06712435a5,images_raw/5b06712435a5.jpg,北海团城,Beihai Round City,悲伤,daize.artron.net,,,,unknown,戴泽,Exact title/filename match in local source folders; exact work-page URL and license still require verification. local_title_source_inference: source attribution checked against add pic folder names and title translation caches; not a redistribution license.,https://daize.artron.net/,no_work_url_match_on_collection_pages,,No matching work title found in crawled collection pages. Local add-pic folder confirms title-to-artist/source attribution; exact work-page URL remains unverified.
14d14c27e978,images_raw/14d14c27e978.jpg,幽灵,Phantom,恐惧,artmajeur.com,,,https://github.com/hmer-boop/multistage-affect/blob/main/data/release_subset/images/artmajeur/14d14c27e978.jpg,unknown,Artmajeur painting browsing page,"title_filename_match_source_unresolved: title matched a local working-folder file, but the local folder does not identify the original source site/artist; verify before releasing image files. supplementary_negative_source_fallback: broad website-level source link, not a redistribution license.",https://www.artmajeur.com/zh/yi-shu-pin/hui-hua,source_site_homepage_fallback,broad_source_site_fallback,Fallback broad source-site link assigned for supplementary negative items; use title_zh/title_en to search within the source site. This is not an exact work-page URL.
4bf5c821834c,images_raw/4bf5c821834c.jpg,北京平原,Beijing Plains,恐惧,daize.artron.net,,,,unknown,戴泽,Exact title/filename match in local source folders; exact work-page URL and license still require verification. local_title_source_inference: source attribution checked against add pic folder names and title translation caches; not a redistribution license.,https://daize.artron.net/,no_work_url_match_on_collection_pages,,No matching work title found in crawled collection pages. Local add-pic folder confirms title-to-artist/source attribution; exact work-page URL remains unverified.
6810b355f688,images_raw/6810b355f688.jpg,月下独钓图,Fishing Alone Under the Moon,悲伤,ading.artron.net,,,,unknown,阿丁,Exact title/filename match in local source folders; exact work-page URL and license still require verification. local_title_source_inference: source attribution checked against add pic folder names and title translation caches; not a redistribution license.,https://ading.artron.net/,no_work_url_match_on_collection_pages,,No matching work title found in crawled collection pages. Local add-pic folder confirms title-to-artist/source attribution; exact work-page URL remains unverified.
6a967efc3802,images_raw/6a967efc3802.jpg,抗议,Protest,宁静,daize.artron.net,,,,unknown,戴泽,Exact title/filename match in local source folders; exact work-page URL and license still require verification. local_title_source_inference: source attribution checked against add pic folder names and title translation caches; not a redistribution license.,https://daize.artron.net/,no_work_url_match_on_collection_pages,,No matching work title found in crawled collection pages. Local add-pic folder confirms title-to-artist/source attribution; exact work-page URL remains unverified.
6195aa32b2eb,images_raw/6195aa32b2eb.jpg,夜之眼,Eye of the Night,惊奇,theartling.com,,,,unknown,TheArtling painting browsing page,"title_filename_match_source_unresolved: title matched a local working-folder file, but the local folder does not identify the original source site/artist; verify before releasing image files. supplementary_negative_source_fallback: broad website-level source link, not a redistribution license.",https://theartling.com/en/art/painting,source_site_homepage_fallback,broad_source_site_fallback,Fallback broad source-site link assigned for supplementary negative items; use title_zh/title_en to search within the source site. This is not an exact work-page URL.
d5932764f0aa,images_raw/d5932764f0aa.jpg,《泪海》,Sea of Tears,恐惧,artist.artron.net,,,,unknown,苏阳阳,Exact title/filename match in local source folders; exact work-page URL and license still require verification.,https://artist.artron.net/artists5391/sale-0-0-0-1-1/,multiple_exact_work_url_candidates,needs_manual_review,Multiple work links matched title on source collection page; verify exact image visually.
abc40582ad32,images_raw/abc40582ad32.jpg,正义,Justice,恐惧,artmajeur.com,,,https://github.com/hmer-boop/multistage-affect/blob/main/data/release_subset/images/artmajeur/abc40582ad32.jpg,unknown,Shepard Fairey,"title_filename_match_source_unresolved: title matched a local working-folder file, but the local folder does not identify the original source site/artist; verify before releasing image files. local_title_source_inference: source attribution checked against add pic folder names and title translation caches; not a redistribution license.",https://www.artmajeur.com/obey-shepard-fairey,source_collection_inferred_from_local_title,local_title_or_translation_match,Source collection inferred from local add-pic folder using title_zh/title_en and translation-cache matching; exact work-page URL remains unverified.
23bc9e46b629,images_raw/23bc9e46b629.jpg,如果我存在,Se io esisto,宁静,artmajeur.com,,,https://github.com/hmer-boop/multistage-affect/blob/main/data/release_subset/images/artmajeur/23bc9e46b629.jpg,unknown,Elisa De Montis,Exact title/filename match in local source folders; exact work-page URL and license still require verification.,https://www.artmajeur.com/elisa-de-montis?view=grid&collections%5B%5D=2450866,blocked_or_dynamic_manual_check_needed,,Artmajeur pages returned Cloudflare/browser challenge during command-line access; exact work URL requires manual browser verification.
f6c940900d0f,images_raw/f6c940900d0f.jpg,向太阳致敬,Salute to the Sun,厌恶,theartling.com,,,,unknown,TheArtling painting browsing page,"title_filename_match_source_unresolved: title matched a local working-folder file, but the local folder does not identify the original source site/artist; verify before releasing image files. supplementary_negative_source_fallback: broad website-level source link, not a redistribution license.",https://theartling.com/en/art/painting,source_site_homepage_fallback,broad_source_site_fallback,Fallback broad source-site link assigned for supplementary negative items; use title_zh/title_en to search within the source site. This is not an exact work-page URL.
ba881c5ae274,images_raw/ba881c5ae274.jpg,鸡里有激素,Hormones in the Chicken,快乐,theartling.com,,,,unknown,TheArtling painting browsing page,"title_filename_match_source_unresolved: title matched a local working-folder file, but the local folder does not identify the original source site/artist; verify before releasing image files. supplementary_negative_source_fallback: broad website-level source link, not a redistribution license.",https://theartling.com/en/art/painting,source_site_homepage_fallback,broad_source_site_fallback,Fallback broad source-site link assigned for supplementary negative items; use title_zh/title_en to search within the source site. This is not an exact work-page URL.
c5c336fbf19a,images_raw/c5c336fbf19a.jpg,浪漫奇克,Romantchik,厌恶,artmajeur.com,,,https://github.com/hmer-boop/multistage-affect/blob/main/data/release_subset/images/artmajeur/c5c336fbf19a.jpg,unknown,Chloe Kaemmerer,Exact title/filename match in local source folders; exact work-page URL and license still require verification.,https://www.artmajeur.com/chloe-kaemmerer?view=grid&collections%5B%5D=2320546,blocked_or_dynamic_manual_check_needed,,Artmajeur pages returned Cloudflare/browser challenge during command-line access; exact work URL requires manual browser verification.
b78ff877a732,images_raw/b78ff877a732.jpg,重聚亲人,Family Reunion,宁静,artmajeur.com,,,https://github.com/hmer-boop/multistage-affect/blob/main/data/release_subset/images/artmajeur/b78ff877a732.jpg,unknown,Picrate,Exact title/filename match in local source folders; exact work-page URL and license still require verification.,https://www.artmajeur.com/picrate?view=grid&collections%5B%5D=1775407,blocked_or_dynamic_manual_check_needed,,Artmajeur pages returned Cloudflare/browser challenge during command-line access; exact work URL requires manual browser verification.
0106d8494646,images_raw/0106d8494646.jpg,侦查甲壳虫,Reconnaissance Beetle,恐惧,artist.artron.net,https://artist.artron.net/artists23462/2-383656.html#w,,,unknown,苏大朝,Exact title/filename match in local source folders; exact work-page URL and license still require verification.,https://artist.artron.net/artists23462/sale-0-0-0-1-1/,exact_work_url_candidate,title_match_on_source_collection_page,Matched collection-page work title: 侦查甲壳虫
6535fb86d150,images_raw/6535fb86d150.jpg,西藏门巴族的小屋,Hut of the Monba People in Tibet,宁静,daize.artron.net,,,,unknown,戴泽,Exact title/filename match in local source folders; exact work-page URL and license still require verification. local_title_source_inference: source attribution checked against add pic folder names and title translation caches; not a redistribution license.,https://daize.artron.net/,no_work_url_match_on_collection_pages,,No matching work title found in crawled collection pages. Local add-pic folder confirms title-to-artist/source attribution; exact work-page URL remains unverified.
f3ed98efeb12,images_raw/f3ed98efeb12.jpg,暴雨来临之前,Before the Storm,悲伤,haiyang.artron.net,,,,unknown,海阳,Exact title/filename match in local source folders; exact work-page URL and license still require verification. local_title_source_inference: source attribution checked against add pic folder names and title translation caches; not a redistribution license.,https://haiyang.artron.net/works_index_1,no_work_url_match_on_collection_pages,,No matching work title found in crawled collection pages. Local add-pic folder confirms title-to-artist/source attribution; exact work-page URL remains unverified.
60bbc823c06c,images_raw/60bbc823c06c.jpg,君子之风,Noble Virtue,宁静,mazhangcheng.artron.net,,,,unknown,马章乘,Exact title/filename match in local source folders; exact work-page URL and license still require verification. local_title_source_inference: source attribution checked against add pic folder names and title translation caches; not a redistribution license.,https://mazhangcheng.artron.net/,no_work_url_match_on_collection_pages,,No matching work title found in crawled collection pages. Local add-pic folder confirms title-to-artist/source attribution; exact work-page URL remains unverified.
fa877f8b0325,images_raw/fa877f8b0325.jpg,《荷塘追梦系列之八》,Pursuing Dreams in the Lotus Pond Series No. 8,恐惧,tiexin.artron.net,,,,unknown,铁心,Exact title/filename match in local source folders; exact work-page URL and license still require verification. local_title_source_inference: source attribution checked against add pic folder names and title translation caches; not a redistribution license.,https://tiexin.artron.net/,no_work_url_match_on_collection_pages,,No matching work title found in crawled collection pages. Local add-pic folder confirms title-to-artist/source attribution; exact work-page URL remains unverified.
0230024c3033,images_raw/0230024c3033.jpg,曾经的故事,Past Stories,愤怒,artmajeur.com,,,https://github.com/hmer-boop/multistage-affect/blob/main/data/release_subset/images/artmajeur/0230024c3033.jpg,unknown,Robert Van Den Herik,Exact title/filename match in local source folders; exact work-page URL and license still require verification.,https://www.artmajeur.com/robert-van-den-herik?view=grid&collections%5B0%5D=1744639&page=2,blocked_or_dynamic_manual_check_needed,,Artmajeur pages returned Cloudflare/browser challenge during command-line access; exact work URL requires manual browser verification.
336ff7e5ccf8,images_raw/336ff7e5ccf8.jpg,记忆,Memory,宁静,theartling.com,,,,unknown,TheArtling painting browsing page,"No local title/filename source match found yet. supplementary_negative_source_fallback: broad website-level source link, not a redistribution license.",https://theartling.com/en/art/painting,source_site_homepage_fallback,broad_source_site_fallback,Fallback broad source-site link assigned for supplementary negative items; use title_zh/title_en to search within the source site. This is not an exact work-page URL.
123e3b04176b,images_raw/123e3b04176b.jpg,树上的诗人,Poet in the Tree,快乐,theartling.com,,,,unknown,TheArtling painting browsing page,"title_filename_match_source_unresolved: title matched a local working-folder file, but the local folder does not identify the original source site/artist; verify before releasing image files. supplementary_negative_source_fallback: broad website-level source link, not a redistribution license.",https://theartling.com/en/art/painting,source_site_homepage_fallback,broad_source_site_fallback,Fallback broad source-site link assigned for supplementary negative items; use title_zh/title_en to search within the source site. This is not an exact work-page URL.
670c9e355f02,images_raw/670c9e355f02.jpg,历史仍在继续,History Continues,悲伤,artmajeur.com,,,https://github.com/hmer-boop/multistage-affect/blob/main/data/release_subset/images/artmajeur/670c9e355f02.jpg,unknown,Picrate,Exact title/filename match in local source folders; exact work-page URL and license still require verification.,https://www.artmajeur.com/picrate?view=grid&collections%5B%5D=1775407,blocked_or_dynamic_manual_check_needed,,Artmajeur pages returned Cloudflare/browser challenge during command-line access; exact work URL requires manual browser verification.
9fd8b50fced7,images_raw/9fd8b50fced7.jpg,沧浪之石,Stone of the Canglang,厌恶,artmajeur.com,,,https://github.com/hmer-boop/multistage-affect/blob/main/data/release_subset/images/artmajeur/9fd8b50fced7.jpg,unknown,Artmajeur painting browsing page,"title_filename_match_source_unresolved: title matched a local working-folder file, but the local folder does not identify the original source site/artist; verify before releasing image files. supplementary_negative_source_fallback: broad website-level source link, not a redistribution license.",https://www.artmajeur.com/zh/yi-shu-pin/hui-hua,source_site_homepage_fallback,broad_source_site_fallback,Fallback broad source-site link assigned for supplementary negative items; use title_zh/title_en to search within the source site. This is not an exact work-page URL.
9bd8813df63d,images_raw/9bd8813df63d.jpg,太行山下,Beneath the Taihang Mountains,敬畏,daize.artron.net,,,,unknown,戴泽,Exact title/filename match in local source folders; exact work-page URL and license still require verification. local_title_source_inference: source attribution checked against add pic folder names and title translation caches; not a redistribution license.,https://daize.artron.net/,no_work_url_match_on_collection_pages,,No matching work title found in crawled collection pages. Local add-pic folder confirms title-to-artist/source attribution; exact work-page URL remains unverified.
83a6e1055dff,images_raw/83a6e1055dff.jpg,静默力量,Silent Strength,宁静,artmajeur.com,,,https://github.com/hmer-boop/multistage-affect/blob/main/data/release_subset/images/artmajeur/83a6e1055dff.jpg,unknown,Bogdan Dide,Exact title/filename match in local source folders; exact work-page URL and license still require verification.,https://www.artmajeur.com/bogdan-dide?view=grid&collections%5B%5D=1714582,blocked_or_dynamic_manual_check_needed,,Artmajeur pages returned Cloudflare/browser challenge during command-line access; exact work URL requires manual browser verification.
d9f5f942c824,images_raw/d9f5f942c824.jpg,骄傲,Pride,悲伤,artmajeur.com,,,https://github.com/hmer-boop/multistage-affect/blob/main/data/release_subset/images/artmajeur/d9f5f942c824.jpg,unknown,Milos Hronec,Exact title/filename match in local source folders; exact work-page URL and license still require verification.,https://www.artmajeur.com/milos-hronec?view=grid&collections%5B%5D=2390674,blocked_or_dynamic_manual_check_needed,,Artmajeur pages returned Cloudflare/browser challenge during command-line access; exact work URL requires manual browser verification.
fdef53084dda,images_raw/fdef53084dda.jpg,日出,Sunrise,快乐,theartling.com,,,,unknown,TheArtling painting browsing page,"title_filename_match_source_unresolved: title matched a local working-folder file, but the local folder does not identify the original source site/artist; verify before releasing image files. supplementary_negative_source_fallback: broad website-level source link, not a redistribution license.",https://theartling.com/en/art/painting,source_site_homepage_fallback,broad_source_site_fallback,Fallback broad source-site link assigned for supplementary negative items; use title_zh/title_en to search within the source site. This is not an exact work-page URL.
1d28721e715a,images_raw/1d28721e715a.jpg,水乡小镇,Waterside Town,悲伤,artist.artron.net,,,,unknown,苏阳阳,Exact title/filename match in local source folders; exact work-page URL and license still require verification.,https://artist.artron.net/artists5391/sale-0-0-0-1-1/,multiple_exact_work_url_candidates,needs_manual_review,Multiple work links matched title on source collection page; verify exact image visually.
53c456dcc8c5,images_raw/53c456dcc8c5.jpg,空间地标,Spatial Landmark,惊奇,artmajeur.com,,,https://github.com/hmer-boop/multistage-affect/blob/main/data/release_subset/images/artmajeur/53c456dcc8c5.jpg,unknown,Robert Van Den Herik,Exact title/filename match in local source folders; exact work-page URL and license still require verification.,https://www.artmajeur.com/robert-van-den-herik?view=grid&collections%5B0%5D=1744639&page=2,blocked_or_dynamic_manual_check_needed,,Artmajeur pages returned Cloudflare/browser challenge during command-line access; exact work URL requires manual browser verification.
42719eb12cd8,images_raw/42719eb12cd8.jpg,魔法之夜,Magic Night,快乐,artmajeur.com,,,https://github.com/hmer-boop/multistage-affect/blob/main/data/release_subset/images/artmajeur/42719eb12cd8.jpg,unknown,Artmajeur painting browsing page,"title_filename_match_source_unresolved: title matched a local working-folder file, but the local folder does not identify the original source site/artist; verify before releasing image files. supplementary_negative_source_fallback: broad website-level source link, not a redistribution license.",https://www.artmajeur.com/zh/yi-shu-pin/hui-hua,source_site_homepage_fallback,broad_source_site_fallback,Fallback broad source-site link assigned for supplementary negative items; use title_zh/title_en to search within the source site. This is not an exact work-page URL.
00ee7ace34be,images_raw/00ee7ace34be.jpg,朋友间的钓鱼游戏,Fishing Game Among Friends,恐惧,artmajeur.com,,,https://github.com/hmer-boop/multistage-affect/blob/main/data/release_subset/images/artmajeur/00ee7ace34be.jpg,unknown,Picrate,Exact title/filename match in local source folders; exact work-page URL and license still require verification.,https://www.artmajeur.com/picrate?view=grid&collections%5B%5D=1775407,blocked_or_dynamic_manual_check_needed,,Artmajeur pages returned Cloudflare/browser challenge during command-line access; exact work URL requires manual browser verification.
4e9b28043484,images_raw/4e9b28043484.jpg,冬季,Winter,恐惧,artist.artron.net; artmajeur.com,,,https://github.com/hmer-boop/multistage-affect/blob/main/data/release_subset/images/artmajeur/4e9b28043484.jpg,unknown,Annabelle Amory; Giancarlo Colombo; 党中华,needs_manual_review: title matches multiple local source-folder files; verify exact image before releasing image files.,https://artist.artron.net/artists314; https://www.artmajeur.com/annabelle-amory?view=grid&collections%5B%5D=2064842; https://www.artmajeur.com/giancarlo-colombo?view=grid&collections%5B%5D=2426074,multiple_exact_work_url_candidates,needs_manual_review,Multiple work links matched title on source collection page; verify exact image visually.
a232f0ae3120,images_raw/a232f0ae3120.jpg,憧憬,Longing,快乐,hanyuchen.artron.net,,,,unknown,韩玉臣,Exact title/filename match in local source folders; exact work-page URL and license still require verification. local_title_source_inference: source attribution checked against add pic folder names and title translation caches; not a redistribution license.,https://hanyuchen.artron.net/,no_work_url_match_on_collection_pages,,No matching work title found in crawled collection pages. Local add-pic folder confirms title-to-artist/source attribution; exact work-page URL remains unverified.
27a5455d0df0,images_raw/27a5455d0df0.jpg,新波普 1,New Pop 1,惊奇,artmajeur.com,,,https://github.com/hmer-boop/multistage-affect/blob/main/data/release_subset/images/artmajeur/27a5455d0df0.jpg,unknown,Jean Luc Michon,Exact title/filename match in local source folders; exact work-page URL and license still require verification.,https://www.artmajeur.com/jean-luc-michon?view=grid&collections%5B%5D=2220361,blocked_or_dynamic_manual_check_needed,,Artmajeur pages returned Cloudflare/browser challenge during command-line access; exact work URL requires manual browser verification.
c97b54472654,images_raw/c97b54472654.jpg,植物夜曲,Notturno vegetale,厌恶,artmajeur.com,,,https://github.com/hmer-boop/multistage-affect/blob/main/data/release_subset/images/artmajeur/c97b54472654.jpg,unknown,Elisa De Montis,Exact title/filename match in local source folders; exact work-page URL and license still require verification.,https://www.artmajeur.com/elisa-de-montis?view=grid&collections%5B%5D=2450866,blocked_or_dynamic_manual_check_needed,,Artmajeur pages returned Cloudflare/browser challenge during command-line access; exact work URL requires manual browser verification.
a091be5aafe2,images_raw/a091be5aafe2.jpg,生命的最后一天,The Last Day of Life,悲伤,artmajeur.com,,,https://github.com/hmer-boop/multistage-affect/blob/main/data/release_subset/images/artmajeur/a091be5aafe2.jpg,unknown,Igor Shulman,Exact title/filename match in local source folders; exact work-page URL and license still require verification.,https://www.artmajeur.com/igor-shulman?view=grid&collections%5B%5D=1286191,blocked_or_dynamic_manual_check_needed,,Artmajeur pages returned Cloudflare/browser challenge during command-line access; exact work URL requires manual browser verification.
8e74b6358482,images_raw/8e74b6358482.jpg,无色鹦鹉,Colorless Parrot,恐惧,artist.artron.net,https://artist.artron.net/artists23462/2-383909.html#w,,,unknown,苏大朝,Exact title/filename match in local source folders; exact work-page URL and license still require verification.,https://artist.artron.net/artists23462/sale-0-0-0-1-1/,exact_work_url_candidate,title_match_on_source_collection_page,Matched collection-page work title: 无色鹦鹉
1326b9be9daf,images_raw/1326b9be9daf.jpg,绿色和谐,Green Harmony,快乐,artmajeur.com,,,https://github.com/hmer-boop/multistage-affect/blob/main/data/release_subset/images/artmajeur/1326b9be9daf.jpg,unknown,Jean-Humbert Savoldelli,Exact title/filename match in local source folders; exact work-page URL and license still require verification.,https://www.artmajeur.com/jean-humbert-savoldelli?view=grid&collections%5B%5D=1607818,blocked_or_dynamic_manual_check_needed,,Artmajeur pages returned Cloudflare/browser challenge during command-line access; exact work URL requires manual browser verification.
0f4e949d7fb4,images_raw/0f4e949d7fb4.jpg,童年的气息,Scent of Childhood,惊奇,artmajeur.com,,,https://github.com/hmer-boop/multistage-affect/blob/main/data/release_subset/images/artmajeur/0f4e949d7fb4.jpg,unknown,Milos Hronec,Exact title/filename match in local source folders; exact work-page URL and license still require verification.,https://www.artmajeur.com/milos-hronec?view=grid&collections%5B%5D=2390674,blocked_or_dynamic_manual_check_needed,,Artmajeur pages returned Cloudflare/browser challenge during command-line access; exact work URL requires manual browser verification.
bb1d425f0631,images_raw/bb1d425f0631.jpg,老人的幼稚悲伤,An Old Man’s Childlike Sadness,愤怒,artmajeur.com,,,https://github.com/hmer-boop/multistage-affect/blob/main/data/release_subset/images/artmajeur/bb1d425f0631.jpg,unknown,Milos Hronec,Exact title/filename match in local source folders; exact work-page URL and license still require verification.,https://www.artmajeur.com/milos-hronec?view=grid&collections%5B%5D=2390674,blocked_or_dynamic_manual_check_needed,,Artmajeur pages returned Cloudflare/browser challenge during command-line access; exact work URL requires manual browser verification.
4cfa5d634d89,images_raw/4cfa5d634d89.jpg,沙坪坝,Shapingba,宁静,daize.artron.net,,,,unknown,戴泽,Exact title/filename match in local source folders; exact work-page URL and license still require verification. local_title_source_inference: source attribution checked against add pic folder names and title translation caches; not a redistribution license.,https://daize.artron.net/,no_work_url_match_on_collection_pages,,No matching work title found in crawled collection pages. Local add-pic folder confirms title-to-artist/source attribution; exact work-page URL remains unverified.
c1fd207b005e,images_raw/c1fd207b005e.jpg,梦中的地方,Place in a Dream,宁静,artmajeur.com,,,https://github.com/hmer-boop/multistage-affect/blob/main/data/release_subset/images/artmajeur/c1fd207b005e.jpg,unknown,Claire Denarie-Soffietti,Exact title/filename match in local source folders; exact work-page URL and license still require verification.,https://www.artmajeur.com/claire-denarie-soffietti?view=grid&collections%5B%5D=2130209,blocked_or_dynamic_manual_check_needed,,Artmajeur pages returned Cloudflare/browser challenge during command-line access; exact work URL requires manual browser verification.
4affcc120492,images_raw/4affcc120492.jpg,休憩,Repose,宁静,hanyuchen.artron.net,,,,unknown,韩玉臣,Exact title/filename match in local source folders; exact work-page URL and license still require verification. local_title_source_inference: source attribution checked against add pic folder names and title translation caches; not a redistribution license.,https://hanyuchen.artron.net/,no_work_url_match_on_collection_pages,,No matching work title found in crawled collection pages. Local add-pic folder confirms title-to-artist/source attribution; exact work-page URL remains unverified.
54ca36a15c14,images_raw/54ca36a15c14.jpg,艾中信先生,Mr. Ai Zhongxin,宁静,daize.artron.net,,,,unknown,戴泽,Exact title/filename match in local source folders; exact work-page URL and license still require verification. local_title_source_inference: source attribution checked against add pic folder names and title translation caches; not a redistribution license.,https://daize.artron.net/,no_work_url_match_on_collection_pages,,No matching work title found in crawled collection pages. Local add-pic folder confirms title-to-artist/source attribution; exact work-page URL remains unverified.
080e3d2b16d1,images_raw/080e3d2b16d1.jpg,马兰村的小姑娘,The Little Girl from Malan Village,宁静,daize.artron.net,,,,unknown,戴泽,Exact title/filename match in local source folders; exact work-page URL and license still require verification. local_title_source_inference: source attribution checked against add pic folder names and title translation caches; not a redistribution license.,https://daize.artron.net/,no_work_url_match_on_collection_pages,,No matching work title found in crawled collection pages. Local add-pic folder confirms title-to-artist/source attribution; exact work-page URL remains unverified.
81a96f053e8f,images_raw/81a96f053e8f.jpg,帆,Sail,快乐,artmajeur.com,,,https://github.com/hmer-boop/multistage-affect/blob/main/data/release_subset/images/artmajeur/81a96f053e8f.jpg,unknown,Jean-Humbert Savoldelli,Exact title/filename match in local source folders; exact work-page URL and license still require verification.,https://www.artmajeur.com/jean-humbert-savoldelli?view=grid&collections%5B%5D=1607818,blocked_or_dynamic_manual_check_needed,,Artmajeur pages returned Cloudflare/browser challenge during command-line access; exact work URL requires manual browser verification.
183674d32892,images_raw/183674d32892.jpg,摔跤者,Wrestler,悲伤,theartling.com,,,,unknown,TheArtling painting browsing page,"title_filename_match_source_unresolved: title matched a local working-folder file, but the local folder does not identify the original source site/artist; verify before releasing image files. supplementary_negative_source_fallback: broad website-level source link, not a redistribution license.",https://theartling.com/en/art/painting,source_site_homepage_fallback,broad_source_site_fallback,Fallback broad source-site link assigned for supplementary negative items; use title_zh/title_en to search within the source site. This is not an exact work-page URL.
c4013276a121,images_raw/c4013276a121.jpg,所有的表演都有结束！,Every Performance Has an End!,厌恶,theartling.com,,,,unknown,TheArtling painting browsing page,"title_filename_match_source_unresolved: title matched a local working-folder file, but the local folder does not identify the original source site/artist; verify before releasing image files. supplementary_negative_source_fallback: broad website-level source link, not a redistribution license.",https://theartling.com/en/art/painting,source_site_homepage_fallback,broad_source_site_fallback,Fallback broad source-site link assigned for supplementary negative items; use title_zh/title_en to search within the source site. This is not an exact work-page URL.
71262447b9c5,images_raw/71262447b9c5.jpg,生活,Life,恐惧,artmajeur.com,,,https://github.com/hmer-boop/multistage-affect/blob/main/data/release_subset/images/artmajeur/71262447b9c5.jpg,unknown,Awe Haiwe,"title_filename_match_source_unresolved: title matched a local working-folder file, but the local folder does not identify the original source site/artist; verify before releasing image files. local_title_source_inference: source attribution checked against add pic folder names and title translation caches; not a redistribution license.",https://www.artmajeur.com/awe-haiwe?view=grid&collections%5B%5D=2197639,source_collection_inferred_from_local_title,local_title_or_translation_match,Source collection inferred from local add-pic folder using title_zh/title_en and translation-cache matching; exact work-page URL remains unverified.
c17bb6b8e44e,images_raw/c17bb6b8e44e.jpg,光的闪耀,Sparkle of Light,宁静,theartling.com,,,,unknown,TheArtling painting browsing page,"No local title/filename source match found yet. supplementary_negative_source_fallback: broad website-level source link, not a redistribution license.",https://theartling.com/en/art/painting,source_site_homepage_fallback,broad_source_site_fallback,Fallback broad source-site link assigned for supplementary negative items; use title_zh/title_en to search within the source site. This is not an exact work-page URL.
c19529de59b1,images_raw/c19529de59b1.jpg,母爱(1),Maternal Love (1),快乐,artist.artron.net,,,,unknown,苏大朝,Exact title/filename match in local source folders; exact work-page URL and license still require verification. local_title_source_inference: source attribution checked against add pic folder names and title translation caches; not a redistribution license.,https://artist.artron.net/artists23462/sale-0-0-0-1-1/,no_work_url_match_on_collection_pages,,No matching work title found in crawled collection pages. Local add-pic folder confirms title-to-artist/source attribution; exact work-page URL remains unverified.
65c87f971f0a,images_raw/65c87f971f0a.jpg,小恶魔的玩具,Little Devil’s Toy,恐惧,theartling.com,,,,unknown,TheArtling painting browsing page,"No local title/filename source match found yet. supplementary_negative_source_fallback: broad website-level source link, not a redistribution license.",https://theartling.com/en/art/painting,source_site_homepage_fallback,broad_source_site_fallback,Fallback broad source-site link assigned for supplementary negative items; use title_zh/title_en to search within the source site. This is not an exact work-page URL.
0fb2edbb4285,images_raw/0fb2edbb4285.jpg,卡特兰海滩,Catalan Beach,厌恶,theartling.com,,,,unknown,TheArtling painting browsing page,"title_filename_match_source_unresolved: title matched a local working-folder file, but the local folder does not identify the original source site/artist; verify before releasing image files. supplementary_negative_source_fallback: broad website-level source link, not a redistribution license.",https://theartling.com/en/art/painting,source_site_homepage_fallback,broad_source_site_fallback,Fallback broad source-site link assigned for supplementary negative items; use title_zh/title_en to search within the source site. This is not an exact work-page URL.
d6733b01bc37,images_raw/d6733b01bc37.jpg,在肩头的一角,On the Corner of the Shoulder,快乐,artmajeur.com,,,https://github.com/hmer-boop/multistage-affect/blob/main/data/release_subset/images/artmajeur/d6733b01bc37.jpg,unknown,Picrate,Exact title/filename match in local source folders; exact work-page URL and license still require verification.,https://www.artmajeur.com/picrate?view=grid&collections%5B%5D=1775407,blocked_or_dynamic_manual_check_needed,,Artmajeur pages returned Cloudflare/browser challenge during command-line access; exact work URL requires manual browser verification.
278e7fc8093e,images_raw/278e7fc8093e.jpg,美丽的邂逅（波普艺术系列）,Beautiful Encounter (Pop Art Series),快乐,artmajeur.com,,,https://github.com/hmer-boop/multistage-affect/blob/main/data/release_subset/images/artmajeur/278e7fc8093e.jpg,unknown,Jean-Humbert Savoldelli,Exact title/filename match in local source folders; exact work-page URL and license still require verification.,https://www.artmajeur.com/jean-humbert-savoldelli?view=grid&collections%5B%5D=1607818,blocked_or_dynamic_manual_check_needed,,Artmajeur pages returned Cloudflare/browser challenge during command-line access; exact work URL requires manual browser verification.
0a54c75717ec,images_raw/0a54c75717ec.jpg,几乎某种东西,Almost Something,宁静,artmajeur.com,,,https://github.com/hmer-boop/multistage-affect/blob/main/data/release_subset/images/artmajeur/0a54c75717ec.jpg,unknown,Jean-Humbert Savoldelli,Exact title/filename match in local source folders; exact work-page URL and license still require verification.,https://www.artmajeur.com/jean-humbert-savoldelli?view=grid&collections%5B%5D=1607818,blocked_or_dynamic_manual_check_needed,,Artmajeur pages returned Cloudflare/browser challenge during command-line access; exact work URL requires manual browser verification.
264c9ff6dc63,images_raw/264c9ff6dc63.jpg,潮流,Trend,快乐,artmajeur.com,,,https://github.com/hmer-boop/multistage-affect/blob/main/data/release_subset/images/artmajeur/264c9ff6dc63.jpg,unknown,Jean-Humbert Savoldelli,Exact title/filename match in local source folders; exact work-page URL and license still require verification.,https://www.artmajeur.com/jean-humbert-savoldelli?view=grid&collections%5B%5D=1607818,blocked_or_dynamic_manual_check_needed,,Artmajeur pages returned Cloudflare/browser challenge during command-line access; exact work URL requires manual browser verification.
7c548d73776a,images_raw/7c548d73776a.jpg,困局,Predicament,恐惧,theartling.com,,,,unknown,TheArtling painting browsing page,"title_filename_match_source_unresolved: title matched a local working-folder file, but the local folder does not identify the original source site/artist; verify before releasing image files. supplementary_negative_source_fallback: broad website-level source link, not a redistribution license.",https://theartling.com/en/art/painting,source_site_homepage_fallback,broad_source_site_fallback,Fallback broad source-site link assigned for supplementary negative items; use title_zh/title_en to search within the source site. This is not an exact work-page URL.
0b7ce89bacbf,images_raw/0b7ce89bacbf.jpg,随它去！,Let It Go!,恐惧,theartling.com,,,,unknown,TheArtling painting browsing page,"title_filename_match_source_unresolved: title matched a local working-folder file, but the local folder does not identify the original source site/artist; verify before releasing image files. supplementary_negative_source_fallback: broad website-level source link, not a redistribution license.",https://theartling.com/en/art/painting,source_site_homepage_fallback,broad_source_site_fallback,Fallback broad source-site link assigned for supplementary negative items; use title_zh/title_en to search within the source site. This is not an exact work-page URL.
ca42e95c3b3b,images_raw/ca42e95c3b3b.jpg,岁月悠悠,The Passage of Time,恐惧,hanyuchen.artron.net,,,,unknown,韩玉臣,Exact title/filename match in local source folders; exact work-page URL and license still require verification. local_title_source_inference: source attribution checked against add pic folder names and title translation caches; not a redistribution license.,https://hanyuchen.artron.net/,no_work_url_match_on_collection_pages,,No matching work title found in crawled collection pages. Local add-pic folder confirms title-to-artist/source attribution; exact work-page URL remains unverified.
5e63a0d80f1f,images_raw/5e63a0d80f1f.jpg,新家的诞生,Birth of a New Home,惊奇,artmajeur.com,,,https://github.com/hmer-boop/multistage-affect/blob/main/data/release_subset/images/artmajeur/5e63a0d80f1f.jpg,unknown,Robert Van Den Herik,Exact title/filename match in local source folders; exact work-page URL and license still require verification.,https://www.artmajeur.com/robert-van-den-herik?view=grid&collections%5B0%5D=1744639&page=2,blocked_or_dynamic_manual_check_needed,,Artmajeur pages returned Cloudflare/browser challenge during command-line access; exact work URL requires manual browser verification.
f1e60bf147cb,images_raw/f1e60bf147cb.jpg,困惑,Confusion,恐惧,artmajeur.com,,,https://github.com/hmer-boop/multistage-affect/blob/main/data/release_subset/images/artmajeur/f1e60bf147cb.jpg,unknown,Milos Hronec,Exact title/filename match in local source folders; exact work-page URL and license still require verification.,https://www.artmajeur.com/milos-hronec?view=grid&collections%5B%5D=2390674,blocked_or_dynamic_manual_check_needed,,Artmajeur pages returned Cloudflare/browser challenge during command-line access; exact work URL requires manual browser verification.
074618c0df66,images_raw/074618c0df66.jpg,百丈飞泉,Hundred-Foot Waterfall,惊奇,ading.artron.net,,,,unknown,阿丁,Exact title/filename match in local source folders; exact work-page URL and license still require verification. local_title_source_inference: source attribution checked against add pic folder names and title translation caches; not a redistribution license.,https://ading.artron.net/,no_work_url_match_on_collection_pages,,No matching work title found in crawled collection pages. Local add-pic folder confirms title-to-artist/source attribution; exact work-page URL remains unverified.
1f30ff99f96b,images_raw/1f30ff99f96b.jpg,米开朗基罗的海岸幻影,Michelangelo's Coastal Phantom,惊奇,artmajeur.com,,,https://github.com/hmer-boop/multistage-affect/blob/main/data/release_subset/images/artmajeur/1f30ff99f96b.jpg,unknown,Robert Van Den Herik,Exact title/filename match in local source folders; exact work-page URL and license still require verification.,https://www.artmajeur.com/robert-van-den-herik?view=grid&collections%5B0%5D=1744639&page=2,blocked_or_dynamic_manual_check_needed,,Artmajeur pages returned Cloudflare/browser challenge during command-line access; exact work URL requires manual browser verification.
9b6d4abbdc6d,images_raw/9b6d4abbdc6d.jpg,秋收,Autumn Harvest,悲伤,daize.artron.net,,,,unknown,戴泽,Exact title/filename match in local source folders; exact work-page URL and license still require verification. local_title_source_inference: source attribution checked against add pic folder names and title translation caches; not a redistribution license.,https://daize.artron.net/,no_work_url_match_on_collection_pages,,No matching work title found in crawled collection pages. Local add-pic folder confirms title-to-artist/source attribution; exact work-page URL remains unverified.
bea7ee674fa1,images_raw/bea7ee674fa1.jpg,开心的狗,Happy Dog,恐惧,artist.artron.net,https://artist.artron.net/artists23462/2-382916.html#w,,,unknown,苏大朝,Exact title/filename match in local source folders; exact work-page URL and license still require verification.,https://artist.artron.net/artists23462/sale-0-0-0-1-1/,exact_work_url_candidate,title_match_on_source_collection_page,Matched collection-page work title: 开心的狗.jpg
2b70b23d92f2,images_raw/2b70b23d92f2.jpg,《苍穹》,Firmament,厌恶,huangjiannan.artron.net,,,,unknown,黄建南,needs_manual_review: title matches multiple local source-folder files; verify exact image before releasing image files. local_title_source_inference: source attribution checked against add pic folder names and title translation caches; not a redistribution license.,https://huangjiannan.artron.net/works_index_21,no_work_url_match_on_collection_pages,,No matching work title found in crawled collection pages. Local add-pic folder confirms title-to-artist/source attribution; exact work-page URL remains unverified.
971d6817ce95,images_raw/971d6817ce95.jpg,壮山,Majestic Mountain,惊奇,artist.artron.net,https://artist.artron.net/artists23471/2-385658.html#w,,,unknown,尘三,Exact title/filename match in local source folders; exact work-page URL and license still require verification.,https://artist.artron.net/artists23471/sale-0-0-0-7-1/,exact_work_url_candidate,title_match_on_source_collection_page,Matched collection-page work title: 壮山
021ccbdcfcdc,images_raw/021ccbdcfcdc.jpg,《有格调》,Sophisticated,宁静,huangjiannan.artron.net,,,,unknown,黄建南,needs_manual_review: title matches multiple local source-folder files; verify exact image before releasing image files. local_title_source_inference: source attribution checked against add pic folder names and title translation caches; not a redistribution license.,https://huangjiannan.artron.net/works_index_21,no_work_url_match_on_collection_pages,,No matching work title found in crawled collection pages. Local add-pic folder confirms title-to-artist/source attribution; exact work-page URL remains unverified.
4ae8128f6886,images_raw/4ae8128f6886.jpg,藏匿游戏,Hide-and-Seek,惊奇,artmajeur.com,,,https://github.com/hmer-boop/multistage-affect/blob/main/data/release_subset/images/artmajeur/4ae8128f6886.jpg,unknown,Claire Denarie-Soffietti,Exact title/filename match in local source folders; exact work-page URL and license still require verification.,https://www.artmajeur.com/claire-denarie-soffietti?view=grid&collections%5B%5D=2130209,blocked_or_dynamic_manual_check_needed,,Artmajeur pages returned Cloudflare/browser challenge during command-line access; exact work URL requires manual browser verification.
3a4939593c36,images_raw/3a4939593c36.jpg,在我皮肤上,Sur ma peau,宁静,artmajeur.com,,,https://github.com/hmer-boop/multistage-affect/blob/main/data/release_subset/images/artmajeur/3a4939593c36.jpg,unknown,Annabelle Amory,Exact title/filename match in local source folders; exact work-page URL and license still require verification.,https://www.artmajeur.com/annabelle-amory?view=grid&collections%5B%5D=2064842,blocked_or_dynamic_manual_check_needed,,Artmajeur pages returned Cloudflare/browser challenge during command-line access; exact work URL requires manual browser verification.
007cddd25db4,images_raw/007cddd25db4.jpg,创世纪,Genesis,快乐,artmajeur.com,,,https://github.com/hmer-boop/multistage-affect/blob/main/data/release_subset/images/artmajeur/007cddd25db4.jpg,unknown,Oluwapelumi Olaosun,Exact title/filename match in local source folders; exact work-page URL and license still require verification.,https://www.artmajeur.com/oluwapelumi-olaosun?view=grid&collections%5B%5D=2301889,blocked_or_dynamic_manual_check_needed,,Artmajeur pages returned Cloudflare/browser challenge during command-line access; exact work URL requires manual browser verification.
8b65e0c18de3,images_raw/8b65e0c18de3.jpg,早市,Morning Market,快乐,artist.artron.net; artmajeur.com,,,https://github.com/hmer-boop/multistage-affect/blob/main/data/release_subset/images/artmajeur/8b65e0c18de3.jpg,unknown,Nga Tran; 党中华,needs_manual_review: title matches multiple local source-folder files; verify exact image before releasing image files.,https://artist.artron.net/artists314; https://www.artmajeur.com/nga-tran?view=grid&collections%5B%5D=2287606,multiple_exact_work_url_candidates,needs_manual_review,Multiple work links matched title on source collection page; verify exact image visually.
b060131fcfd8,images_raw/b060131fcfd8.jpg,最后的酒吧,The Last Bar,厌恶,artmajeur.com,,,https://github.com/hmer-boop/multistage-affect/blob/main/data/release_subset/images/artmajeur/b060131fcfd8.jpg,unknown,Milos Hronec,Exact title/filename match in local source folders; exact work-page URL and license still require verification.,https://www.artmajeur.com/milos-hronec?view=grid&collections%5B%5D=2390674,blocked_or_dynamic_manual_check_needed,,Artmajeur pages returned Cloudflare/browser challenge during command-line access; exact work URL requires manual browser verification.
72a078c649f4,images_raw/72a078c649f4.jpg,南尼巴,Nanny Bar,快乐,artmajeur.com,,,https://github.com/hmer-boop/multistage-affect/blob/main/data/release_subset/images/artmajeur/72a078c649f4.jpg,unknown,Awe Haiwe,"title_filename_match_source_unresolved: title matched a local working-folder file, but the local folder does not identify the original source site/artist; verify before releasing image files. local_title_source_inference: source attribution checked against add pic folder names and title translation caches; not a redistribution license.",https://www.artmajeur.com/awe-haiwe?view=grid&collections%5B%5D=2197639,source_collection_inferred_from_local_title,local_title_or_translation_match,Source collection inferred from local add-pic folder using title_zh/title_en and translation-cache matching; exact work-page URL remains unverified.
f842d398a03b,images_raw/f842d398a03b.jpg,感知的天界线索,Perceived Celestial Clues,敬畏,artmajeur.com,,,https://github.com/hmer-boop/multistage-affect/blob/main/data/release_subset/images/artmajeur/f842d398a03b.jpg,unknown,Bogdan Dide,Exact title/filename match in local source folders; exact work-page URL and license still require verification.,https://www.artmajeur.com/bogdan-dide?view=grid&collections%5B%5D=1714582,blocked_or_dynamic_manual_check_needed,,Artmajeur pages returned Cloudflare/browser challenge during command-line access; exact work URL requires manual browser verification.
c82ef27f1f7e,images_raw/c82ef27f1f7e.jpg,喜迎东方日出,Welcoming the Eastern Sunrise,宁静,artmajeur.com,,,https://github.com/hmer-boop/multistage-affect/blob/main/data/release_subset/images/artmajeur/c82ef27f1f7e.jpg,unknown,Artmajeur painting browsing page,"title_filename_match_source_unresolved: title matched a local working-folder file, but the local folder does not identify the original source site/artist; verify before releasing image files. supplementary_negative_source_fallback: broad website-level source link, not a redistribution license.",https://www.artmajeur.com/zh/yi-shu-pin/hui-hua,source_site_homepage_fallback,broad_source_site_fallback,Fallback broad source-site link assigned for supplementary negative items; use title_zh/title_en to search within the source site. This is not an exact work-page URL.
8e6c65fee62a,images_raw/8e6c65fee62a.jpg,兰心如君子,Orchid Heart Like a Gentleman,宁静,mazhangcheng.artron.net,,,,unknown,马章乘,Exact title/filename match in local source folders; exact work-page URL and license still require verification. local_title_source_inference: source attribution checked against add pic folder names and title translation caches; not a redistribution license.,https://mazhangcheng.artron.net/,no_work_url_match_on_collection_pages,,No matching work title found in crawled collection pages. Local add-pic folder confirms title-to-artist/source attribution; exact work-page URL remains unverified.
be2e4aa15c3e,images_raw/be2e4aa15c3e.jpg,阳光,Sunshine,惊奇,artist.artron.net; artmajeur.com,,,https://github.com/hmer-boop/multistage-affect/blob/main/data/release_subset/images/artmajeur/be2e4aa15c3e.jpg,unknown,Claire Denarie-Soffietti; 党中华,needs_manual_review: title matches multiple local source-folder files; verify exact image before releasing image files.,https://artist.artron.net/artists314; https://www.artmajeur.com/claire-denarie-soffietti?view=grid&collections%5B%5D=2130209,multiple_exact_work_url_candidates,needs_manual_review,Multiple work links matched title on source collection page; verify exact image visually.
30ce1b91bbc2,images_raw/30ce1b91bbc2.jpg,孩子与蓝鸟,Child and Bluebird,愤怒,artmajeur.com,,,https://github.com/hmer-boop/multistage-affect/blob/main/data/release_subset/images/artmajeur/30ce1b91bbc2.jpg,unknown,Artmajeur painting browsing page,"title_filename_match_source_unresolved: title matched a local working-folder file, but the local folder does not identify the original source site/artist; verify before releasing image files. supplementary_negative_source_fallback: broad website-level source link, not a redistribution license.",https://www.artmajeur.com/zh/yi-shu-pin/hui-hua,source_site_homepage_fallback,broad_source_site_fallback,Fallback broad source-site link assigned for supplementary negative items; use title_zh/title_en to search within the source site. This is not an exact work-page URL.
150d2290490e,images_raw/150d2290490e.jpg,懂得如何着手,Knowing How to Begin,惊奇,artmajeur.com,,,https://github.com/hmer-boop/multistage-affect/blob/main/data/release_subset/images/artmajeur/150d2290490e.jpg,unknown,Artmajeur painting browsing page,"title_filename_match_source_unresolved: title matched a local working-folder file, but the local folder does not identify the original source site/artist; verify before releasing image files. supplementary_negative_source_fallback: broad website-level source link, not a redistribution license.",https://www.artmajeur.com/zh/yi-shu-pin/hui-hua,source_site_homepage_fallback,broad_source_site_fallback,Fallback broad source-site link assigned for supplementary negative items; use title_zh/title_en to search within the source site. This is not an exact work-page URL.
cd4dd577dc2a,images_raw/cd4dd577dc2a.jpg,反向的鱼,Fish in Reverse,恐惧,theartling.com,,,,unknown,TheArtling painting browsing page,"title_filename_match_source_unresolved: title matched a local working-folder file, but the local folder does not identify the original source site/artist; verify before releasing image files. supplementary_negative_source_fallback: broad website-level source link, not a redistribution license.",https://theartling.com/en/art/painting,source_site_homepage_fallback,broad_source_site_fallback,Fallback broad source-site link assigned for supplementary negative items; use title_zh/title_en to search within the source site. This is not an exact work-page URL.
0e1d769d2be4,images_raw/0e1d769d2be4.jpg,穿着古老服装的女人,Woman in Ancient Attire,悲伤,theartling.com,,,,unknown,TheArtling painting browsing page,"title_filename_match_source_unresolved: title matched a local working-folder file, but the local folder does not identify the original source site/artist; verify before releasing image files. supplementary_negative_source_fallback: broad website-level source link, not a redistribution license.",https://theartling.com/en/art/painting,source_site_homepage_fallback,broad_source_site_fallback,Fallback broad source-site link assigned for supplementary negative items; use title_zh/title_en to search within the source site. This is not an exact work-page URL.
18736aee017b,images_raw/18736aee017b.jpg,海滩日,Beach Day,快乐,artmajeur.com,,,https://github.com/hmer-boop/multistage-affect/blob/main/data/release_subset/images/artmajeur/18736aee017b.jpg,unknown,Ta,Exact title/filename match in local source folders; exact work-page URL and license still require verification.,https://www.artmajeur.com/ta00?view=grid&collections%5B0%5D=2214331&page=1,blocked_or_dynamic_manual_check_needed,,Artmajeur pages returned Cloudflare/browser challenge during command-line access; exact work URL requires manual browser verification.
b8c12223ba60,images_raw/b8c12223ba60.jpg,松江水镇,Songjiang Water Town,悲伤,daize.artron.net,,,,unknown,戴泽,Exact title/filename match in local source folders; exact work-page URL and license still require verification. local_title_source_inference: source attribution checked against add pic folder names and title translation caches; not a redistribution license.,https://daize.artron.net/,no_work_url_match_on_collection_pages,,No matching work title found in crawled collection pages. Local add-pic folder confirms title-to-artist/source attribution; exact work-page URL remains unverified.
86f653917ec2,images_raw/86f653917ec2.jpg,成都青羊宫茶馆,"Teahouse at Qingyang Palace, Chengdu",宁静,daize.artron.net,,,,unknown,戴泽,Exact title/filename match in local source folders; exact work-page URL and license still require verification. local_title_source_inference: source attribution checked against add pic folder names and title translation caches; not a redistribution license.,https://daize.artron.net/,no_work_url_match_on_collection_pages,,No matching work title found in crawled collection pages. Local add-pic folder confirms title-to-artist/source attribution; exact work-page URL remains unverified.
4fa23acb4c42,images_raw/4fa23acb4c42.jpg,当中国觉醒，整个世界将颤抖,"When China Awakens, the World Will Tremble",恐惧,artmajeur.com,,,https://github.com/hmer-boop/multistage-affect/blob/main/data/release_subset/images/artmajeur/4fa23acb4c42.jpg,unknown,Artmajeur painting browsing page,"title_filename_match_source_unresolved: title matched a local working-folder file, but the local folder does not identify the original source site/artist; verify before releasing image files. supplementary_negative_source_fallback: broad website-level source link, not a redistribution license.",https://www.artmajeur.com/zh/yi-shu-pin/hui-hua,source_site_homepage_fallback,broad_source_site_fallback,Fallback broad source-site link assigned for supplementary negative items; use title_zh/title_en to search within the source site. This is not an exact work-page URL.
436d3a4b0b8d,images_raw/436d3a4b0b8d.jpg,感知回望,Looking Back in Perception,宁静,artmajeur.com,,,https://github.com/hmer-boop/multistage-affect/blob/main/data/release_subset/images/artmajeur/436d3a4b0b8d.jpg,unknown,Ta,Exact title/filename match in local source folders; exact work-page URL and license still require verification.,https://www.artmajeur.com/ta00?view=grid&collections%5B0%5D=2214331&page=1,blocked_or_dynamic_manual_check_needed,,Artmajeur pages returned Cloudflare/browser challenge during command-line access; exact work URL requires manual browser verification.
a21c1775247d,images_raw/a21c1775247d.jpg,七位王子,I sette principáti,厌恶,artmajeur.com,,,https://github.com/hmer-boop/multistage-affect/blob/main/data/release_subset/images/artmajeur/a21c1775247d.jpg,unknown,Elisa De Montis,Exact title/filename match in local source folders; exact work-page URL and license still require verification.,https://www.artmajeur.com/elisa-de-montis?view=grid&collections%5B%5D=2450866,blocked_or_dynamic_manual_check_needed,,Artmajeur pages returned Cloudflare/browser challenge during command-line access; exact work URL requires manual browser verification.
49fe8df26017,images_raw/49fe8df26017.jpg,他从远方归来,He Returned from Afar,恐惧,artmajeur.com,,,https://github.com/hmer-boop/multistage-affect/blob/main/data/release_subset/images/artmajeur/49fe8df26017.jpg,unknown,Picrate,Exact title/filename match in local source folders; exact work-page URL and license still require verification.,https://www.artmajeur.com/picrate?view=grid&collections%5B%5D=1775407,blocked_or_dynamic_manual_check_needed,,Artmajeur pages returned Cloudflare/browser challenge during command-line access; exact work URL requires manual browser verification.
4dddc8a5d7d9,images_raw/4dddc8a5d7d9.jpg,抓住机会,Seize the Opportunity,惊奇,artmajeur.com,,,https://github.com/hmer-boop/multistage-affect/blob/main/data/release_subset/images/artmajeur/4dddc8a5d7d9.jpg,unknown,Picrate,Exact title/filename match in local source folders; exact work-page URL and license still require verification.,https://www.artmajeur.com/picrate?view=grid&collections%5B%5D=1775407,blocked_or_dynamic_manual_check_needed,,Artmajeur pages returned Cloudflare/browser challenge during command-line access; exact work URL requires manual browser verification.
a2d46b3cb4d1,images_raw/a2d46b3cb4d1.jpg,茶时光,Tea Time,快乐,artmajeur.com,,,https://github.com/hmer-boop/multistage-affect/blob/main/data/release_subset/images/artmajeur/a2d46b3cb4d1.jpg,unknown,Robert Van Den Herik,Exact title/filename match in local source folders; exact work-page URL and license still require verification.,https://www.artmajeur.com/robert-van-den-herik?view=grid&collections%5B0%5D=1744639&page=2,blocked_or_dynamic_manual_check_needed,,Artmajeur pages returned Cloudflare/browser challenge during command-line access; exact work URL requires manual browser verification.
8b92b6d285f6,images_raw/8b92b6d285f6.jpg,慈祥,Kindness,敬畏,hanyuchen.artron.net,,,,unknown,韩玉臣,Exact title/filename match in local source folders; exact work-page URL and license still require verification. local_title_source_inference: source attribution checked against add pic folder names and title translation caches; not a redistribution license.,https://hanyuchen.artron.net/,no_work_url_match_on_collection_pages,,No matching work title found in crawled collection pages. Local add-pic folder confirms title-to-artist/source attribution; exact work-page URL remains unverified.
6b7d864c888e,images_raw/6b7d864c888e.jpg,山中隐者,Hermit in the Mountains,恐惧,yueminjun.artron.net,,,,unknown,岳敏君,Exact title/filename match in local source folders; exact work-page URL and license still require verification. local_title_source_inference: source attribution checked against add pic folder names and title translation caches; not a redistribution license.,https://yueminjun.artron.net/,no_work_url_match_on_collection_pages,,No matching work title found in crawled collection pages. Local add-pic folder confirms title-to-artist/source attribution; exact work-page URL remains unverified.
19b57d09297c,images_raw/19b57d09297c.jpg,爱的科学,Sciences d'Amour,快乐,artmajeur.com,,,https://github.com/hmer-boop/multistage-affect/blob/main/data/release_subset/images/artmajeur/19b57d09297c.jpg,unknown,Antoine Alran,Exact title/filename match in local source folders; exact work-page URL and license still require verification.,https://www.artmajeur.com/antoine-alran?view=grid&collections%5B%5D=2199799,blocked_or_dynamic_manual_check_needed,,Artmajeur pages returned Cloudflare/browser challenge during command-line access; exact work URL requires manual browser verification.
8abe9c81c826,images_raw/8abe9c81c826.jpg,他乡的回忆,Memories of Another Land,宁静,artmajeur.com,,,https://github.com/hmer-boop/multistage-affect/blob/main/data/release_subset/images/artmajeur/8abe9c81c826.jpg,unknown,Picrate,Exact title/filename match in local source folders; exact work-page URL and license still require verification.,https://www.artmajeur.com/picrate?view=grid&collections%5B%5D=1775407,blocked_or_dynamic_manual_check_needed,,Artmajeur pages returned Cloudflare/browser challenge during command-line access; exact work URL requires manual browser verification.
062f326b8e98,images_raw/062f326b8e98.jpg,玄山,Mysterious Mountain,惊奇,artist.artron.net,https://artist.artron.net/artists23471/2-385665.html#w,,,unknown,尘三,Exact title/filename match in local source folders; exact work-page URL and license still require verification.,https://artist.artron.net/artists23471/sale-0-0-0-7-1/,exact_work_url_candidate,title_match_on_source_collection_page,Matched collection-page work title: 玄山
893aad54af49,images_raw/893aad54af49.jpg,炊烟倒入船,Smoke Pours into the Boat,厌恶,guanpuxue.artron.net,,,,unknown,管朴学,Exact title/filename match in local source folders; exact work-page URL and license still require verification. local_title_source_inference: source attribution checked against add pic folder names and title translation caches; not a redistribution license.,https://guanpuxue.artron.net/,no_work_url_match_on_collection_pages,,No matching work title found in crawled collection pages. Local add-pic folder confirms title-to-artist/source attribution; exact work-page URL remains unverified.
9a1e0ee6d44a,images_raw/9a1e0ee6d44a.jpg,城市。清晨。,City. Morning.,悲伤,artmajeur.com,,,https://github.com/hmer-boop/multistage-affect/blob/main/data/release_subset/images/artmajeur/9a1e0ee6d44a.jpg,unknown,Igor Shulman,Exact title/filename match in local source folders; exact work-page URL and license still require verification.,https://www.artmajeur.com/igor-shulman?view=grid&collections%5B%5D=1286191,blocked_or_dynamic_manual_check_needed,,Artmajeur pages returned Cloudflare/browser challenge during command-line access; exact work URL requires manual browser verification.
df7b2dba5cdd,images_raw/df7b2dba5cdd.jpg,太庙,Imperial Ancestral Temple,恐惧,daize.artron.net,,,,unknown,戴泽,Exact title/filename match in local source folders; exact work-page URL and license still require verification. local_title_source_inference: source attribution checked against add pic folder names and title translation caches; not a redistribution license.,https://daize.artron.net/,no_work_url_match_on_collection_pages,,No matching work title found in crawled collection pages. Local add-pic folder confirms title-to-artist/source attribution; exact work-page URL remains unverified.
ab33bbd55ad5,images_raw/ab33bbd55ad5.jpg,奇妙的逃避,Marvelous Escape,悲伤,theartling.com,,,,unknown,TheArtling painting browsing page,"title_filename_match_source_unresolved: title matched a local working-folder file, but the local folder does not identify the original source site/artist; verify before releasing image files. supplementary_negative_source_fallback: broad website-level source link, not a redistribution license.",https://theartling.com/en/art/painting,source_site_homepage_fallback,broad_source_site_fallback,Fallback broad source-site link assigned for supplementary negative items; use title_zh/title_en to search within the source site. This is not an exact work-page URL.
a7d5207f9ea6,images_raw/a7d5207f9ea6.jpg,闭嘴！,Shut Up!,愤怒,artmajeur.com,,,https://github.com/hmer-boop/multistage-affect/blob/main/data/release_subset/images/artmajeur/a7d5207f9ea6.jpg,unknown,Artmajeur painting browsing page,"title_filename_match_source_unresolved: title matched a local working-folder file, but the local folder does not identify the original source site/artist; verify before releasing image files. supplementary_negative_source_fallback: broad website-level source link, not a redistribution license.",https://www.artmajeur.com/zh/yi-shu-pin/hui-hua,source_site_homepage_fallback,broad_source_site_fallback,Fallback broad source-site link assigned for supplementary negative items; use title_zh/title_en to search within the source site. This is not an exact work-page URL.
77275c1a67bd,images_raw/77275c1a67bd.jpg,橙色光辉,Orange Radiance,快乐,artmajeur.com,,,https://github.com/hmer-boop/multistage-affect/blob/main/data/release_subset/images/artmajeur/77275c1a67bd.jpg,unknown,Viktor Sheleg,Exact title/filename match in local source folders; exact work-page URL and license still require verification.,https://www.artmajeur.com/zh/yi-shu-pin?hybrid_query=%20Viktor%20Sheleg%20,blocked_or_dynamic_manual_check_needed,,Artmajeur pages returned Cloudflare/browser challenge during command-line access; exact work URL requires manual browser verification.
4283fc65cf83,images_raw/4283fc65cf83.jpg,信仰赋予翅膀,Faith Gives Wings,敬畏,theartling.com,,,,unknown,TheArtling painting browsing page,"No local title/filename source match found yet. supplementary_negative_source_fallback: broad website-level source link, not a redistribution license.",https://theartling.com/en/art/painting,source_site_homepage_fallback,broad_source_site_fallback,Fallback broad source-site link assigned for supplementary negative items; use title_zh/title_en to search within the source site. This is not an exact work-page URL.
8551ae7f80f7,images_raw/8551ae7f80f7.jpg,亿万恩典拯救世界,Billions of Graces Save the World,恐惧,artmajeur.com,,,https://github.com/hmer-boop/multistage-affect/blob/main/data/release_subset/images/artmajeur/8551ae7f80f7.jpg,unknown,Dags Vidulejs,"title_filename_match_source_unresolved: title matched a local working-folder file, but the local folder does not identify the original source site/artist; verify before releasing image files. local_title_source_inference: source attribution checked against add pic folder names and title translation caches; not a redistribution license.",https://www.artmajeur.com/dags-vidulejs?view=grid&collections%5B%5D=2194390,source_collection_inferred_from_local_title,local_title_or_translation_match,Source collection inferred from local add-pic folder using title_zh/title_en and translation-cache matching; exact work-page URL remains unverified.
9a4dae4d2820,images_raw/9a4dae4d2820.jpg,湛蓝微光,Azure Glow,恐惧,artist.artron.net,https://artist.artron.net/artists23471/2-385670.html#w,,,unknown,尘三,Exact title/filename match in local source folders; exact work-page URL and license still require verification.,https://artist.artron.net/artists23471/sale-0-0-0-7-1/,exact_work_url_candidate,title_match_on_source_collection_page,Matched collection-page work title: 湛蓝微光
a62f9fc50576,images_raw/a62f9fc50576.jpg,盲目于时光,Blind to Time,悲伤,artmajeur.com,,,https://github.com/hmer-boop/multistage-affect/blob/main/data/release_subset/images/artmajeur/a62f9fc50576.jpg,unknown,Oluwapelumi Olaosun,Exact title/filename match in local source folders; exact work-page URL and license still require verification.,https://www.artmajeur.com/oluwapelumi-olaosun?view=grid&collections%5B%5D=2301889,blocked_or_dynamic_manual_check_needed,,Artmajeur pages returned Cloudflare/browser challenge during command-line access; exact work URL requires manual browser verification.
1ab9ad174c36,images_raw/1ab9ad174c36.jpg,《大地歌谣》,Ode to the Earth,快乐,huangjiannan.artron.net,,,,unknown,黄建南,needs_manual_review: title matches multiple local source-folder files; verify exact image before releasing image files. local_title_source_inference: source attribution checked against add pic folder names and title translation caches; not a redistribution license.,https://huangjiannan.artron.net/works_index_21,no_work_url_match_on_collection_pages,,No matching work title found in crawled collection pages. Local add-pic folder confirms title-to-artist/source attribution; exact work-page URL remains unverified.
cc2a8b43be5b,images_raw/cc2a8b43be5b.jpg,思考者,Thinker,厌恶,artmajeur.com,,,https://github.com/hmer-boop/multistage-affect/blob/main/data/release_subset/images/artmajeur/cc2a8b43be5b.jpg,unknown,Ta,Exact title/filename match in local source folders; exact work-page URL and license still require verification.,https://www.artmajeur.com/ta00?view=grid&collections%5B0%5D=2214331&page=1,blocked_or_dynamic_manual_check_needed,,Artmajeur pages returned Cloudflare/browser challenge during command-line access; exact work URL requires manual browser verification.
aa5e88096417,images_raw/aa5e88096417.jpg,被拒者,The Rejected,悲伤,theartling.com,,,,unknown,TheArtling painting browsing page,"title_filename_match_source_unresolved: title matched a local working-folder file, but the local folder does not identify the original source site/artist; verify before releasing image files. supplementary_negative_source_fallback: broad website-level source link, not a redistribution license.",https://theartling.com/en/art/painting,source_site_homepage_fallback,broad_source_site_fallback,Fallback broad source-site link assigned for supplementary negative items; use title_zh/title_en to search within the source site. This is not an exact work-page URL.
814713f5d813,images_raw/814713f5d813.jpg,竹石相依,Bamboo and Rock Harmony,惊奇,mazhangcheng.artron.net,,,,unknown,马章乘,Exact title/filename match in local source folders; exact work-page URL and license still require verification. local_title_source_inference: source attribution checked against add pic folder names and title translation caches; not a redistribution license.,https://mazhangcheng.artron.net/,no_work_url_match_on_collection_pages,,No matching work title found in crawled collection pages. Local add-pic folder confirms title-to-artist/source attribution; exact work-page URL remains unverified.
40012f7f4cee,images_raw/40012f7f4cee.jpg,竞赛,Competition,厌恶,artmajeur.com,,,https://github.com/hmer-boop/multistage-affect/blob/main/data/release_subset/images/artmajeur/40012f7f4cee.jpg,unknown,Jean-Humbert Savoldelli,Exact title/filename match in local source folders; exact work-page URL and license still require verification.,https://www.artmajeur.com/jean-humbert-savoldelli?view=grid&collections%5B%5D=1607818,blocked_or_dynamic_manual_check_needed,,Artmajeur pages returned Cloudflare/browser challenge during command-line access; exact work URL requires manual browser verification.
30853fcb8d32,images_raw/30853fcb8d32.jpg,情侣与红鸟,Couple and Red Bird,悲伤,artmajeur.com,,,https://github.com/hmer-boop/multistage-affect/blob/main/data/release_subset/images/artmajeur/30853fcb8d32.jpg,unknown,Picrate,Exact title/filename match in local source folders; exact work-page URL and license still require verification.,https://www.artmajeur.com/picrate?view=grid&collections%5B%5D=1775407,blocked_or_dynamic_manual_check_needed,,Artmajeur pages returned Cloudflare/browser challenge during command-line access; exact work URL requires manual browser verification.
dca21e3fef6e,images_raw/dca21e3fef6e.jpg,可爱的一家人,A Lovely Family,厌恶,artist.artron.net,,,,unknown,苏大朝,Exact title/filename match in local source folders; exact work-page URL and license still require verification.,https://artist.artron.net/artists23462/sale-0-0-0-1-1/,multiple_exact_work_url_candidates,needs_manual_review,Multiple work links matched title on source collection page; verify exact image visually.
fea17cf6dcb3,images_raw/fea17cf6dcb3.jpg,我们回来了,We Are Back,宁静,artmajeur.com,,,https://github.com/hmer-boop/multistage-affect/blob/main/data/release_subset/images/artmajeur/fea17cf6dcb3.jpg,unknown,Jean-Humbert Savoldelli,Exact title/filename match in local source folders; exact work-page URL and license still require verification.,https://www.artmajeur.com/jean-humbert-savoldelli?view=grid&collections%5B%5D=1607818,blocked_or_dynamic_manual_check_needed,,Artmajeur pages returned Cloudflare/browser challenge during command-line access; exact work URL requires manual browser verification.
aadc301ec51c,images_raw/aadc301ec51c.jpg,景山,Scenic Mountain,敬畏,daize.artron.net,,,,unknown,戴泽,Exact title/filename match in local source folders; exact work-page URL and license still require verification. local_title_source_inference: source attribution checked against add pic folder names and title translation caches; not a redistribution license.,https://daize.artron.net/,no_work_url_match_on_collection_pages,,No matching work title found in crawled collection pages. Local add-pic folder confirms title-to-artist/source attribution; exact work-page URL remains unverified.
7c5ed693e0b8,images_raw/7c5ed693e0b8.jpg,《奇异空间》,Strange Space,惊奇,huangjiannan.artron.net,,,,unknown,黄建南,needs_manual_review: title matches multiple local source-folder files; verify exact image before releasing image files. local_title_source_inference: source attribution checked against add pic folder names and title translation caches; not a redistribution license.,https://huangjiannan.artron.net/works_index_21,no_work_url_match_on_collection_pages,,No matching work title found in crawled collection pages. Local add-pic folder confirms title-to-artist/source attribution; exact work-page URL remains unverified.
2f6707c3b847,images_raw/2f6707c3b847.jpg,起飞与坠落 2,Takeoff and Fall 2,悲伤,artmajeur.com,,,https://github.com/hmer-boop/multistage-affect/blob/main/data/release_subset/images/artmajeur/2f6707c3b847.jpg,unknown,Milos Hronec,Exact title/filename match in local source folders; exact work-page URL and license still require verification.,https://www.artmajeur.com/milos-hronec?view=grid&collections%5B%5D=2390674,blocked_or_dynamic_manual_check_needed,,Artmajeur pages returned Cloudflare/browser challenge during command-line access; exact work URL requires manual browser verification.
609f3fd152a4,images_raw/609f3fd152a4.jpg,神光,Divine Light,悲伤,artist.artron.net,https://artist.artron.net/artists23471/2-385671.html#w,,,unknown,尘三,Exact title/filename match in local source folders; exact work-page URL and license still require verification.,https://artist.artron.net/artists23471/sale-0-0-0-7-1/,exact_work_url_candidate,title_match_on_source_collection_page,Matched collection-page work title: 神光
1b07328324b1,images_raw/1b07328324b1.jpg,路漫漫,Long Journey,敬畏,hanyuchen.artron.net,,,,unknown,韩玉臣,Exact title/filename match in local source folders; exact work-page URL and license still require verification. local_title_source_inference: source attribution checked against add pic folder names and title translation caches; not a redistribution license.,https://hanyuchen.artron.net/,no_work_url_match_on_collection_pages,,No matching work title found in crawled collection pages. Local add-pic folder confirms title-to-artist/source attribution; exact work-page URL remains unverified.
215a472ccd19,images_raw/215a472ccd19.jpg,紧急情况,Emergency,厌恶,artmajeur.com,,,https://github.com/hmer-boop/multistage-affect/blob/main/data/release_subset/images/artmajeur/215a472ccd19.jpg,unknown,Jean-Humbert Savoldelli,Exact title/filename match in local source folders; exact work-page URL and license still require verification.,https://www.artmajeur.com/jean-humbert-savoldelli?view=grid&collections%5B%5D=1607818,blocked_or_dynamic_manual_check_needed,,Artmajeur pages returned Cloudflare/browser challenge during command-line access; exact work URL requires manual browser verification.
c98ca76d543c,images_raw/c98ca76d543c.jpg,疯狂的腿,Crazy Legs,厌恶,artmajeur.com,,,,unknown,Artmajeur painting browsing page,"No local title/filename source match found yet. supplementary_negative_source_fallback: broad website-level source link, not a redistribution license.",https://www.artmajeur.com/zh/yi-shu-pin/hui-hua,source_site_homepage_fallback,broad_source_site_fallback,Fallback broad source-site link assigned for supplementary negative items; use title_zh/title_en to search within the source site. This is not an exact work-page URL.
d52e0cbba086,images_raw/d52e0cbba086.jpg,边界,Boundaries,厌恶,artmajeur.com,,,https://github.com/hmer-boop/multistage-affect/blob/main/data/release_subset/images/artmajeur/d52e0cbba086.jpg,unknown,Igor Shulman,needs_manual_review: title matches multiple local source-folder files; verify exact image before releasing image files.,https://www.artmajeur.com/igor-shulman?view=grid&collections%5B%5D=1286191,blocked_or_dynamic_manual_check_needed,,Artmajeur pages returned Cloudflare/browser challenge during command-line access; exact work URL requires manual browser verification.
91f50c23fc2f,images_raw/91f50c23fc2f.jpg,夜晚的紫,Purple Night,惊奇,daize.artron.net,,,,unknown,戴泽,Exact title/filename match in local source folders; exact work-page URL and license still require verification. local_title_source_inference: source attribution checked against add pic folder names and title translation caches; not a redistribution license.,https://daize.artron.net/,no_work_url_match_on_collection_pages,,No matching work title found in crawled collection pages. Local add-pic folder confirms title-to-artist/source attribution; exact work-page URL remains unverified.
70f76e38d988,images_raw/70f76e38d988.jpg,扬帆远航,Setting Sail,宁静,mazhangcheng.artron.net,,,,unknown,马章乘,Exact title/filename match in local source folders; exact work-page URL and license still require verification. local_title_source_inference: source attribution checked against add pic folder names and title translation caches; not a redistribution license.,https://mazhangcheng.artron.net/,no_work_url_match_on_collection_pages,,No matching work title found in crawled collection pages. Local add-pic folder confirms title-to-artist/source attribution; exact work-page URL remains unverified.
aeef57584fe0,images_raw/aeef57584fe0.jpg,草堂,Thatched Cottage,宁静,artmajeur.com,,,,unknown,Artmajeur painting browsing page,"No local title/filename source match found yet. supplementary_negative_source_fallback: broad website-level source link, not a redistribution license.",https://www.artmajeur.com/zh/yi-shu-pin/hui-hua,source_site_homepage_fallback,broad_source_site_fallback,Fallback broad source-site link assigned for supplementary negative items; use title_zh/title_en to search within the source site. This is not an exact work-page URL.
edd2983324cc,images_raw/edd2983324cc.jpg,改变不会在等待中到来,Change Will Not Come by Waiting,敬畏,artmajeur.com,,,https://github.com/hmer-boop/multistage-affect/blob/main/data/release_subset/images/artmajeur/edd2983324cc.jpg,unknown,Ganiyat Abdulazeez,Exact title/filename match in local source folders; exact work-page URL and license still require verification.,https://www.artmajeur.com/ganiyat-abdulazeez?view=grid&collections%5B%5D=2121668,blocked_or_dynamic_manual_check_needed,,Artmajeur pages returned Cloudflare/browser challenge during command-line access; exact work URL requires manual browser verification.
4f56f0d1a737,images_raw/4f56f0d1a737.jpg,别有天地,Another World,宁静,ading.artron.net,,,,unknown,阿丁,Exact title/filename match in local source folders; exact work-page URL and license still require verification. local_title_source_inference: source attribution checked against add pic folder names and title translation caches; not a redistribution license.,https://ading.artron.net/,no_work_url_match_on_collection_pages,,No matching work title found in crawled collection pages. Local add-pic folder confirms title-to-artist/source attribution; exact work-page URL remains unverified.
74fcf37aaf27,images_raw/74fcf37aaf27.jpg,外太空贺卡 4,Space Postcard 4,惊奇,theartling.com,,,,unknown,TheArtling painting browsing page,"title_filename_match_source_unresolved: title matched a local working-folder file, but the local folder does not identify the original source site/artist; verify before releasing image files. supplementary_negative_source_fallback: broad website-level source link, not a redistribution license.",https://theartling.com/en/art/painting,source_site_homepage_fallback,broad_source_site_fallback,Fallback broad source-site link assigned for supplementary negative items; use title_zh/title_en to search within the source site. This is not an exact work-page URL.
385c5d207b62,images_raw/385c5d207b62.jpg,海阔天空,Boundless Sky,宁静,daize.artron.net,,,,unknown,戴泽,Exact title/filename match in local source folders; exact work-page URL and license still require verification. local_title_source_inference: source attribution checked against add pic folder names and title translation caches; not a redistribution license.,https://daize.artron.net/,no_work_url_match_on_collection_pages,,No matching work title found in crawled collection pages. Local add-pic folder confirms title-to-artist/source attribution; exact work-page URL remains unverified.
a211e992d223,images_raw/a211e992d223.jpg,人生的思考,Reflections on Life,宁静,haiyang.artron.net,,,,unknown,海阳,Exact title/filename match in local source folders; exact work-page URL and license still require verification. local_title_source_inference: source attribution checked against add pic folder names and title translation caches; not a redistribution license.,https://haiyang.artron.net/works_index_1,no_work_url_match_on_collection_pages,,No matching work title found in crawled collection pages. Local add-pic folder confirms title-to-artist/source attribution; exact work-page URL remains unverified.
5bebb336604e,images_raw/5bebb336604e.jpg,都市脉动1,Urban Pulse 1,惊奇,theartling.com,,,,unknown,TheArtling painting browsing page,"No local title/filename source match found yet. supplementary_negative_source_fallback: broad website-level source link, not a redistribution license.",https://theartling.com/en/art/painting,source_site_homepage_fallback,broad_source_site_fallback,Fallback broad source-site link assigned for supplementary negative items; use title_zh/title_en to search within the source site. This is not an exact work-page URL.
e4b69a80f90c,images_raw/e4b69a80f90c.jpg,冲动,Impulse,愤怒,theartling.com,,,,unknown,TheArtling painting browsing page,"No local title/filename source match found yet. supplementary_negative_source_fallback: broad website-level source link, not a redistribution license.",https://theartling.com/en/art/painting,source_site_homepage_fallback,broad_source_site_fallback,Fallback broad source-site link assigned for supplementary negative items; use title_zh/title_en to search within the source site. This is not an exact work-page URL.
c53fef756797,images_raw/c53fef756797.jpg,疯狂,Madness,恐惧,artmajeur.com,,,https://github.com/hmer-boop/multistage-affect/blob/main/data/release_subset/images/artmajeur/c53fef756797.jpg,unknown,Milos Hronec,Exact title/filename match in local source folders; exact work-page URL and license still require verification.,https://www.artmajeur.com/milos-hronec?view=grid&collections%5B%5D=2390674,blocked_or_dynamic_manual_check_needed,,Artmajeur pages returned Cloudflare/browser challenge during command-line access; exact work URL requires manual browser verification.
f586cfcc206e,images_raw/f586cfcc206e.jpg,夜色（黑龙江畔）,Nightscape (Banks of the Heilongjiang),悲伤,daize.artron.net,,,,unknown,戴泽,Exact title/filename match in local source folders; exact work-page URL and license still require verification. local_title_source_inference: source attribution checked against add pic folder names and title translation caches; not a redistribution license.,https://daize.artron.net/,no_work_url_match_on_collection_pages,,No matching work title found in crawled collection pages. Local add-pic folder confirms title-to-artist/source attribution; exact work-page URL remains unverified.
3610cd44fa81,images_raw/3610cd44fa81.jpg,悲伤的小丑,Sad Clown,悲伤,theartling.com,,,,unknown,TheArtling painting browsing page,"title_filename_match_source_unresolved: title matched a local working-folder file, but the local folder does not identify the original source site/artist; verify before releasing image files. supplementary_negative_source_fallback: broad website-level source link, not a redistribution license.",https://theartling.com/en/art/painting,source_site_homepage_fallback,broad_source_site_fallback,Fallback broad source-site link assigned for supplementary negative items; use title_zh/title_en to search within the source site. This is not an exact work-page URL.
909c949dad25,images_raw/909c949dad25.jpg,《静谧》,Serenity,恐惧,huangjiannan.artron.net,,,,unknown,Huang Jiannan (黄建南),Exact visual duplicate verified in the local Artron source folder; image file is not redistributed in this release.,https://huangjiannan.artron.net/works_index_21,collection_page_verified,high,Exact visual duplicate verified in the local Artron source folder; image file is not redistributed in this release.
936ee0ee21e4,images_raw/936ee0ee21e4.jpg,歌剧歌手,Opera Singer,厌恶,artmajeur.com,,,,unknown,Artmajeur painting browsing page,"No local title/filename source match found yet. supplementary_negative_source_fallback: broad website-level source link, not a redistribution license.",https://www.artmajeur.com/zh/yi-shu-pin/hui-hua,source_site_homepage_fallback,broad_source_site_fallback,Fallback broad source-site link assigned for supplementary negative items; use title_zh/title_en to search within the source site. This is not an exact work-page URL.
4672188789a7,images_raw/4672188789a7.jpg,哈尔滨街头,Harbin Streets,宁静,daize.artron.net,,,,unknown,戴泽,Exact title/filename match in local source folders; exact work-page URL and license still require verification. local_title_source_inference: source attribution checked against add pic folder names and title translation caches; not a redistribution license.,https://daize.artron.net/,no_work_url_match_on_collection_pages,,No matching work title found in crawled collection pages. Local add-pic folder confirms title-to-artist/source attribution; exact work-page URL remains unverified.
43137ec12098,images_raw/43137ec12098.jpg,双影,Dual Shadows,恐惧,artmajeur.com,,,https://github.com/hmer-boop/multistage-affect/blob/main/data/release_subset/images/artmajeur/43137ec12098.jpg,unknown,Artmajeur painting browsing page,"title_filename_match_source_unresolved: title matched a local working-folder file, but the local folder does not identify the original source site/artist; verify before releasing image files. supplementary_negative_source_fallback: broad website-level source link, not a redistribution license.",https://www.artmajeur.com/zh/yi-shu-pin/hui-hua,source_site_homepage_fallback,broad_source_site_fallback,Fallback broad source-site link assigned for supplementary negative items; use title_zh/title_en to search within the source site. This is not an exact work-page URL.
eab52362c481,images_raw/eab52362c481.jpg,王家坪,Wangjiaping,敬畏,daize.artron.net,,,,unknown,戴泽,Exact title/filename match in local source folders; exact work-page URL and license still require verification. local_title_source_inference: source attribution checked against add pic folder names and title translation caches; not a redistribution license.,https://daize.artron.net/,no_work_url_match_on_collection_pages,,No matching work title found in crawled collection pages. Local add-pic folder confirms title-to-artist/source attribution; exact work-page URL remains unverified.
b116e801f0aa,images_raw/b116e801f0aa.jpg,呼吉野的家,Home of Yoshino,快乐,haiyang.artron.net,,,,unknown,海阳,Exact title/filename match in local source folders; exact work-page URL and license still require verification. local_title_source_inference: source attribution checked against add pic folder names and title translation caches; not a redistribution license.,https://haiyang.artron.net/works_index_1,no_work_url_match_on_collection_pages,,No matching work title found in crawled collection pages. Local add-pic folder confirms title-to-artist/source attribution; exact work-page URL remains unverified.
8d8a52eda4c8,images_raw/8d8a52eda4c8.jpg,东坡游春图,Dongpo's Spring Outing Painting,悲伤,ading.artron.net,,,,unknown,阿丁,Exact title/filename match in local source folders; exact work-page URL and license still require verification. local_title_source_inference: source attribution checked against add pic folder names and title translation caches; not a redistribution license.,https://ading.artron.net/,no_work_url_match_on_collection_pages,,No matching work title found in crawled collection pages. Local add-pic folder confirms title-to-artist/source attribution; exact work-page URL remains unverified.
5424c12442b9,images_raw/5424c12442b9.jpg,德格牧人家,Home of the Dege Shepherds,宁静,hanyuchen.artron.net,,,,unknown,韩玉臣,Exact title/filename match in local source folders; exact work-page URL and license still require verification. local_title_source_inference: source attribution checked against add pic folder names and title translation caches; not a redistribution license.,https://hanyuchen.artron.net/,no_work_url_match_on_collection_pages,,No matching work title found in crawled collection pages. Local add-pic folder confirms title-to-artist/source attribution; exact work-page URL remains unverified.
d4addde2ca14,images_raw/d4addde2ca14.jpg,不宜居的星球,Uninhabitable Planet,恐惧,artmajeur.com,,,https://github.com/hmer-boop/multistage-affect/blob/main/data/release_subset/images/artmajeur/d4addde2ca14.jpg,unknown,Artmajeur painting browsing page,"title_filename_match_source_unresolved: title matched a local working-folder file, but the local folder does not identify the original source site/artist; verify before releasing image files. supplementary_negative_source_fallback: broad website-level source link, not a redistribution license.",https://www.artmajeur.com/zh/yi-shu-pin/hui-hua,source_site_homepage_fallback,broad_source_site_fallback,Fallback broad source-site link assigned for supplementary negative items; use title_zh/title_en to search within the source site. This is not an exact work-page URL.
00bb39eeacb3,images_raw/00bb39eeacb3.jpg,迷宫,Maze,快乐,artmajeur.com,,,https://github.com/hmer-boop/multistage-affect/blob/main/data/release_subset/images/artmajeur/00bb39eeacb3.jpg,unknown,Ta,Exact title/filename match in local source folders; exact work-page URL and license still require verification.,https://www.artmajeur.com/ta00?view=grid&collections%5B0%5D=2214331&page=1,blocked_or_dynamic_manual_check_needed,,Artmajeur pages returned Cloudflare/browser challenge during command-line access; exact work URL requires manual browser verification.
0195f572e5f8,images_raw/0195f572e5f8.jpg,是否应牵着一条飞鱼,Should One Hold a Flying Fish?,恐惧,artmajeur.com,,,https://github.com/hmer-boop/multistage-affect/blob/main/data/release_subset/images/artmajeur/0195f572e5f8.jpg,unknown,Picrate,Exact title/filename match in local source folders; exact work-page URL and license still require verification.,https://www.artmajeur.com/picrate?view=grid&collections%5B%5D=1775407,blocked_or_dynamic_manual_check_needed,,Artmajeur pages returned Cloudflare/browser challenge during command-line access; exact work URL requires manual browser verification.
30db275aa068,images_raw/30db275aa068.jpg,白色交响曲,White Symphony,悲伤,artmajeur.com,,,https://github.com/hmer-boop/multistage-affect/blob/main/data/release_subset/images/artmajeur/30db275aa068.jpg,unknown,Chloe Kaemmerer,Exact title/filename match in local source folders; exact work-page URL and license still require verification.,https://www.artmajeur.com/chloe-kaemmerer?view=grid&collections%5B%5D=2320546,blocked_or_dynamic_manual_check_needed,,Artmajeur pages returned Cloudflare/browser challenge during command-line access; exact work URL requires manual browser verification.
3d4549820546,images_raw/3d4549820546.jpg,春山远去,Spring Mountains Recede,敬畏,artist.artron.net,https://artist.artron.net/artists23471/2-384941.html#w,,,unknown,尘三,Exact title/filename match in local source folders; exact work-page URL and license still require verification.,https://artist.artron.net/artists23471/sale-0-0-0-7-1/,exact_work_url_candidate,title_match_on_source_collection_page,Matched collection-page work title: 春山远去
0ed104c16158,images_raw/0ed104c16158.jpg,黑鸟,Blackbird,悲伤,artmajeur.com,,,https://github.com/hmer-boop/multistage-affect/blob/main/data/release_subset/images/artmajeur/0ed104c16158.jpg,unknown,Milos Hronec,Exact title/filename match in local source folders; exact work-page URL and license still require verification.,https://www.artmajeur.com/milos-hronec?view=grid&collections%5B%5D=2390674,blocked_or_dynamic_manual_check_needed,,Artmajeur pages returned Cloudflare/browser challenge during command-line access; exact work URL requires manual browser verification.
349710bdf95b,images_raw/349710bdf95b.jpg,大地灵魂 2,大地灵魂 2,敬畏,theartling.com,,,,unknown,TheArtling painting browsing page,"title_filename_match_source_unresolved: title matched a local working-folder file, but the local folder does not identify the original source site/artist; verify before releasing image files. supplementary_negative_source_fallback: broad website-level source link, not a redistribution license.",https://theartling.com/en/art/painting,source_site_homepage_fallback,broad_source_site_fallback,Fallback broad source-site link assigned for supplementary negative items; use title_zh/title_en to search within the source site. This is not an exact work-page URL.
c0a819759845,images_raw/c0a819759845.jpg,内外乐园,PARADISE IN & OUT,厌恶,artmajeur.com,,,https://github.com/hmer-boop/multistage-affect/blob/main/data/release_subset/images/artmajeur/c0a819759845.jpg,unknown,Dags Vidulejs,Exact title/filename match in local source folders; exact work-page URL and license still require verification.,https://www.artmajeur.com/dags-vidulejs?view=grid&collections%5B%5D=2194390,blocked_or_dynamic_manual_check_needed,,Artmajeur pages returned Cloudflare/browser challenge during command-line access; exact work URL requires manual browser verification.
06e9042faac1,images_raw/06e9042faac1.jpg,岸,Shore,悲伤,artist.artron.net,https://artist.artron.net/artists23471/2-385699.html#w,,,unknown,尘三,Exact title/filename match in local source folders; exact work-page URL and license still require verification.,https://artist.artron.net/artists23471/sale-0-0-0-7-1/,exact_work_url_candidate,title_match_on_source_collection_page,Matched collection-page work title: 岸
9753bef074d8,images_raw/9753bef074d8.jpg,早春,Early Spring,宁静,artist.artron.net,https://artist.artron.net/artists5391/1-143905.html#w,,,unknown,苏阳阳,Exact title/filename match in local source folders; exact work-page URL and license still require verification.,https://artist.artron.net/artists5391/sale-0-0-0-1-1/,exact_work_url_candidate,title_match_on_source_collection_page,Matched collection-page work title: 水粉-- 早春
46f968491696,images_raw/46f968491696.jpg,低潮,Low Tide,宁静,artmajeur.com,,,https://github.com/hmer-boop/multistage-affect/blob/main/data/release_subset/images/artmajeur/46f968491696.jpg,unknown,Igor Shulman,Exact title/filename match in local source folders; exact work-page URL and license still require verification.,https://www.artmajeur.com/igor-shulman?view=grid&collections%5B%5D=1286191,blocked_or_dynamic_manual_check_needed,,Artmajeur pages returned Cloudflare/browser challenge during command-line access; exact work URL requires manual browser verification.
d23e017b119b,images_raw/d23e017b119b.jpg,幻想,Fantasy,厌恶,artmajeur.com,,,https://github.com/hmer-boop/multistage-affect/blob/main/data/release_subset/images/artmajeur/d23e017b119b.jpg,unknown,Milos Hronec,Exact title/filename match in local source folders; exact work-page URL and license still require verification.,https://www.artmajeur.com/milos-hronec?view=grid&collections%5B%5D=2390674,blocked_or_dynamic_manual_check_needed,,Artmajeur pages returned Cloudflare/browser challenge during command-line access; exact work URL requires manual browser verification.
6a2d57cd5388,images_raw/6a2d57cd5388.jpg,反弹,Rebound,惊奇,artmajeur.com,,,https://github.com/hmer-boop/multistage-affect/blob/main/data/release_subset/images/artmajeur/6a2d57cd5388.jpg,unknown,Jean-Humbert Savoldelli,Exact title/filename match in local source folders; exact work-page URL and license still require verification.,https://www.artmajeur.com/jean-humbert-savoldelli?view=grid&collections%5B%5D=1607818,blocked_or_dynamic_manual_check_needed,,Artmajeur pages returned Cloudflare/browser challenge during command-line access; exact work URL requires manual browser verification.
d547f0d4800f,images_raw/d547f0d4800f.jpg,等待假期,Waiting for the Holidays,恐惧,artmajeur.com,,,https://github.com/hmer-boop/multistage-affect/blob/main/data/release_subset/images/artmajeur/d547f0d4800f.jpg,unknown,Igor Shulman,Exact title/filename match in local source folders; exact work-page URL and license still require verification.,https://www.artmajeur.com/igor-shulman?view=grid&collections%5B%5D=1286191,blocked_or_dynamic_manual_check_needed,,Artmajeur pages returned Cloudflare/browser challenge during command-line access; exact work URL requires manual browser verification.
646eedf4686c,images_raw/646eedf4686c.jpg,青藤书屋,Green Vine Study,宁静,daize.artron.net,,,,unknown,戴泽,Exact title/filename match in local source folders; exact work-page URL and license still require verification. local_title_source_inference: source attribution checked against add pic folder names and title translation caches; not a redistribution license.,https://daize.artron.net/,no_work_url_match_on_collection_pages,,No matching work title found in crawled collection pages. Local add-pic folder confirms title-to-artist/source attribution; exact work-page URL remains unverified.
bb4ca760e4bf,images_raw/bb4ca760e4bf.jpg,艰难的轨迹,Difficult Path,悲伤,artmajeur.com,,,https://github.com/hmer-boop/multistage-affect/blob/main/data/release_subset/images/artmajeur/bb4ca760e4bf.jpg,unknown,Artmajeur painting browsing page,"title_filename_match_source_unresolved: title matched a local working-folder file, but the local folder does not identify the original source site/artist; verify before releasing image files. supplementary_negative_source_fallback: broad website-level source link, not a redistribution license.",https://www.artmajeur.com/zh/yi-shu-pin/hui-hua,source_site_homepage_fallback,broad_source_site_fallback,Fallback broad source-site link assigned for supplementary negative items; use title_zh/title_en to search within the source site. This is not an exact work-page URL.
87cb06976dd9,images_raw/87cb06976dd9.jpg,好山好水好风光,Beautiful Scenery,惊奇,huangjiannan.artron.net,,,,unknown,黄建南,needs_manual_review: title matches multiple local source-folder files; verify exact image before releasing image files. local_title_source_inference: source attribution checked against add pic folder names and title translation caches; not a redistribution license.,https://huangjiannan.artron.net/works_index_21,no_work_url_match_on_collection_pages,,No matching work title found in crawled collection pages. Local add-pic folder confirms title-to-artist/source attribution; exact work-page URL remains unverified.
ba50703eec4d,images_raw/ba50703eec4d.jpg,玉树哈秀的野兔,Jade Tree Hare,恐惧,daize.artron.net,,,,unknown,戴泽,Exact title/filename match in local source folders; exact work-page URL and license still require verification. local_title_source_inference: source attribution checked against add pic folder names and title translation caches; not a redistribution license.,https://daize.artron.net/,no_work_url_match_on_collection_pages,,No matching work title found in crawled collection pages. Local add-pic folder confirms title-to-artist/source attribution; exact work-page URL remains unverified.
2872f2ea39d6,images_raw/2872f2ea39d6.jpg,献给玫瑰,For the Rose,快乐,artmajeur.com,,,https://github.com/hmer-boop/multistage-affect/blob/main/data/release_subset/images/artmajeur/2872f2ea39d6.jpg,unknown,Oluwapelumi Olaosun,Exact title/filename match in local source folders; exact work-page URL and license still require verification.,https://www.artmajeur.com/oluwapelumi-olaosun?view=grid&collections%5B%5D=2301889,blocked_or_dynamic_manual_check_needed,,Artmajeur pages returned Cloudflare/browser challenge during command-line access; exact work URL requires manual browser verification.
a15cc3705b7d,images_raw/a15cc3705b7d.jpg,蛤蜊田,Clam Field,敬畏,artmajeur.com,,,https://github.com/hmer-boop/multistage-affect/blob/main/data/release_subset/images/artmajeur/a15cc3705b7d.jpg,unknown,Nga Tran,Exact title/filename match in local source folders; exact work-page URL and license still require verification.,https://www.artmajeur.com/nga-tran?view=grid&collections%5B%5D=2287606,blocked_or_dynamic_manual_check_needed,,Artmajeur pages returned Cloudflare/browser challenge during command-line access; exact work URL requires manual browser verification.
0cf80c920c66,images_raw/0cf80c920c66.jpg,求救信号,Distress Signal,悲伤,artmajeur.com,,,https://github.com/hmer-boop/multistage-affect/blob/main/data/release_subset/images/artmajeur/0cf80c920c66.jpg,unknown,Jean-Humbert Savoldelli,Exact title/filename match in local source folders; exact work-page URL and license still require verification.,https://www.artmajeur.com/jean-humbert-savoldelli?view=grid&collections%5B%5D=1607818,blocked_or_dynamic_manual_check_needed,,Artmajeur pages returned Cloudflare/browser challenge during command-line access; exact work URL requires manual browser verification.
913dcae8baba,images_raw/913dcae8baba.jpg,拉萨街头,Streets of Lhasa,快乐,daize.artron.net,,,,unknown,戴泽,Exact title/filename match in local source folders; exact work-page URL and license still require verification. local_title_source_inference: source attribution checked against add pic folder names and title translation caches; not a redistribution license.,https://daize.artron.net/,no_work_url_match_on_collection_pages,,No matching work title found in crawled collection pages. Local add-pic folder confirms title-to-artist/source attribution; exact work-page URL remains unverified.
3134c6885767,images_raw/3134c6885767.jpg,自由坠落,Free Fall,恐惧,artmajeur.com,,,https://github.com/hmer-boop/multistage-affect/blob/main/data/release_subset/images/artmajeur/3134c6885767.jpg,unknown,Milos Hronec,Exact title/filename match in local source folders; exact work-page URL and license still require verification.,https://www.artmajeur.com/milos-hronec?view=grid&collections%5B%5D=2390674,blocked_or_dynamic_manual_check_needed,,Artmajeur pages returned Cloudflare/browser challenge during command-line access; exact work URL requires manual browser verification.
5f8e665a317d,images_raw/5f8e665a317d.jpg,麦积山,Maijishan,厌恶,daize.artron.net,,,,unknown,戴泽,Exact title/filename match in local source folders; exact work-page URL and license still require verification. local_title_source_inference: source attribution checked against add pic folder names and title translation caches; not a redistribution license.,https://daize.artron.net/,no_work_url_match_on_collection_pages,,No matching work title found in crawled collection pages. Local add-pic folder confirms title-to-artist/source attribution; exact work-page URL remains unverified.
763b7e1fa7f7,images_raw/763b7e1fa7f7.jpg,反面,Verso,悲伤,artmajeur.com,,,https://github.com/hmer-boop/multistage-affect/blob/main/data/release_subset/images/artmajeur/763b7e1fa7f7.jpg,unknown,Annabelle Amory,Exact title/filename match in local source folders; exact work-page URL and license still require verification.,https://www.artmajeur.com/annabelle-amory?view=grid&collections%5B%5D=2064842,blocked_or_dynamic_manual_check_needed,,Artmajeur pages returned Cloudflare/browser challenge during command-line access; exact work URL requires manual browser verification.
12537dd03549,images_raw/12537dd03549.jpg,月光下,Moonlight,快乐,artmajeur.com,,,https://github.com/hmer-boop/multistage-affect/blob/main/data/release_subset/images/artmajeur/12537dd03549.jpg,unknown,Robert Van Den Herik,Exact title/filename match in local source folders; exact work-page URL and license still require verification.,https://www.artmajeur.com/robert-van-den-herik?view=grid&collections%5B0%5D=1744639&page=2,blocked_or_dynamic_manual_check_needed,,Artmajeur pages returned Cloudflare/browser challenge during command-line access; exact work URL requires manual browser verification.
7555e5463b0c,images_raw/7555e5463b0c.jpg,播种,Sowing,快乐,daize.artron.net,,,,unknown,戴泽,Exact title/filename match in local source folders; exact work-page URL and license still require verification. local_title_source_inference: source attribution checked against add pic folder names and title translation caches; not a redistribution license.,https://daize.artron.net/,no_work_url_match_on_collection_pages,,No matching work title found in crawled collection pages. Local add-pic folder confirms title-to-artist/source attribution; exact work-page URL remains unverified.
6e47216a7a6c,images_raw/6e47216a7a6c.jpg,午后的街口,Afternoon Street Corner,宁静,artmajeur.com,,,,unknown,Artmajeur painting browsing page,"No local title/filename source match found yet. supplementary_negative_source_fallback: broad website-level source link, not a redistribution license.",https://www.artmajeur.com/zh/yi-shu-pin/hui-hua,source_site_homepage_fallback,broad_source_site_fallback,Fallback broad source-site link assigned for supplementary negative items; use title_zh/title_en to search within the source site. This is not an exact work-page URL.
6a0d0a49234a,images_raw/6a0d0a49234a.jpg,下地狱,Descent into Hell,恐惧,artmajeur.com,,,https://github.com/hmer-boop/multistage-affect/blob/main/data/release_subset/images/artmajeur/6a0d0a49234a.jpg,unknown,Artmajeur painting browsing page,"title_filename_match_source_unresolved: title matched a local working-folder file, but the local folder does not identify the original source site/artist; verify before releasing image files. supplementary_negative_source_fallback: broad website-level source link, not a redistribution license.",https://www.artmajeur.com/zh/yi-shu-pin/hui-hua,source_site_homepage_fallback,broad_source_site_fallback,Fallback broad source-site link assigned for supplementary negative items; use title_zh/title_en to search within the source site. This is not an exact work-page URL.
134956295e53,images_raw/134956295e53.jpg,抽烟致死,Smoking Kills,厌恶,artmajeur.com,,,https://github.com/hmer-boop/multistage-affect/blob/main/data/release_subset/images/artmajeur/134956295e53.jpg,unknown,Jean-Humbert Savoldelli,Exact title/filename match in local source folders; exact work-page URL and license still require verification.,https://www.artmajeur.com/jean-humbert-savoldelli?view=grid&collections%5B%5D=1607818,blocked_or_dynamic_manual_check_needed,,Artmajeur pages returned Cloudflare/browser challenge during command-line access; exact work URL requires manual browser verification.
f1ff0c6ffd13,images_raw/f1ff0c6ffd13.jpg,旗帜,Flag,厌恶,artmajeur.com,,,https://github.com/hmer-boop/multistage-affect/blob/main/data/release_subset/images/artmajeur/f1ff0c6ffd13.jpg,unknown,Jean-Humbert Savoldelli,Exact title/filename match in local source folders; exact work-page URL and license still require verification.,https://www.artmajeur.com/jean-humbert-savoldelli?view=grid&collections%5B%5D=1607818,blocked_or_dynamic_manual_check_needed,,Artmajeur pages returned Cloudflare/browser challenge during command-line access; exact work URL requires manual browser verification.
2fbe3007a8eb,images_raw/2fbe3007a8eb.jpg,《如梦似幻》,Dreamlike Illusion,惊奇,huangjiannan.artron.net,,,,unknown,黄建南,needs_manual_review: title matches multiple local source-folder files; verify exact image before releasing image files. local_title_source_inference: source attribution checked against add pic folder names and title translation caches; not a redistribution license.,https://huangjiannan.artron.net/works_index_21,no_work_url_match_on_collection_pages,,No matching work title found in crawled collection pages. Local add-pic folder confirms title-to-artist/source attribution; exact work-page URL remains unverified.
9a91a38ec8f1,images_raw/9a91a38ec8f1.jpg,巅峰 2,Pinnacle 2,宁静,artmajeur.com,,,https://github.com/hmer-boop/multistage-affect/blob/main/data/release_subset/images/artmajeur/9a91a38ec8f1.jpg,unknown,Artmajeur painting browsing page,"title_filename_match_source_unresolved: title matched a local working-folder file, but the local folder does not identify the original source site/artist; verify before releasing image files. supplementary_negative_source_fallback: broad website-level source link, not a redistribution license.",https://www.artmajeur.com/zh/yi-shu-pin/hui-hua,source_site_homepage_fallback,broad_source_site_fallback,Fallback broad source-site link assigned for supplementary negative items; use title_zh/title_en to search within the source site. This is not an exact work-page URL.
cc17613b2be1,images_raw/cc17613b2be1.jpg,就像在下雨一样,As If It Were Raining,惊奇,artmajeur.com,,,https://github.com/hmer-boop/multistage-affect/blob/main/data/release_subset/images/artmajeur/cc17613b2be1.jpg,unknown,Jean-Humbert Savoldelli,Exact title/filename match in local source folders; exact work-page URL and license still require verification.,https://www.artmajeur.com/jean-humbert-savoldelli?view=grid&collections%5B%5D=1607818,blocked_or_dynamic_manual_check_needed,,Artmajeur pages returned Cloudflare/browser challenge during command-line access; exact work URL requires manual browser verification.
fac8930f43d4,images_raw/fac8930f43d4.jpg,我也是宇宙,I Am the Universe Too,惊奇,artmajeur.com,,,https://github.com/hmer-boop/multistage-affect/blob/main/data/release_subset/images/artmajeur/fac8930f43d4.jpg,unknown,Milos Hronec,Exact title/filename match in local source folders; exact work-page URL and license still require verification.,https://www.artmajeur.com/milos-hronec?view=grid&collections%5B%5D=2390674,blocked_or_dynamic_manual_check_needed,,Artmajeur pages returned Cloudflare/browser challenge during command-line access; exact work URL requires manual browser verification.
48cc0b7ae1ec,images_raw/48cc0b7ae1ec.jpg,衍山,Evolving Mountain,惊奇,artist.artron.net,https://artist.artron.net/artists23471/2-384047.html#w,,,unknown,尘三,Exact title/filename match in local source folders; exact work-page URL and license still require verification.,https://artist.artron.net/artists23471/sale-0-0-0-7-1/,exact_work_url_candidate,title_match_on_source_collection_page,Matched collection-page work title: 衍山
f0c4f3857c85,images_raw/f0c4f3857c85.jpg,征服，第二阶段,"Conquest, Second Stage",厌恶,theartling.com,,,,unknown,TheArtling painting browsing page,"No local title/filename source match found yet. supplementary_negative_source_fallback: broad website-level source link, not a redistribution license.",https://theartling.com/en/art/painting,source_site_homepage_fallback,broad_source_site_fallback,Fallback broad source-site link assigned for supplementary negative items; use title_zh/title_en to search within the source site. This is not an exact work-page URL.
3a87827d7ef4,images_raw/3a87827d7ef4.jpg,刺痛,Sting,厌恶,artmajeur.com,,,https://github.com/hmer-boop/multistage-affect/blob/main/data/release_subset/images/artmajeur/3a87827d7ef4.jpg,unknown,Artmajeur painting browsing page,"title_filename_match_source_unresolved: title matched a local working-folder file, but the local folder does not identify the original source site/artist; verify before releasing image files. supplementary_negative_source_fallback: broad website-level source link, not a redistribution license.",https://www.artmajeur.com/zh/yi-shu-pin/hui-hua,source_site_homepage_fallback,broad_source_site_fallback,Fallback broad source-site link assigned for supplementary negative items; use title_zh/title_en to search within the source site. This is not an exact work-page URL.
592133ef1675,images_raw/592133ef1675.jpg,秋日午后,Autumn Afternoon,悲伤,artmajeur.com,,,https://github.com/hmer-boop/multistage-affect/blob/main/data/release_subset/images/artmajeur/592133ef1675.jpg,unknown,Nga Tran,Exact title/filename match in local source folders; exact work-page URL and license still require verification.,https://www.artmajeur.com/nga-tran?view=grid&collections%5B%5D=2287606,blocked_or_dynamic_manual_check_needed,,Artmajeur pages returned Cloudflare/browser challenge during command-line access; exact work URL requires manual browser verification.
2ba6937a648a,images_raw/2ba6937a648a.jpg,舍弃,Abandonment,宁静,yueminjun.artron.net,,,,unknown,岳敏君,Exact title/filename match in local source folders; exact work-page URL and license still require verification. local_title_source_inference: source attribution checked against add pic folder names and title translation caches; not a redistribution license.,https://yueminjun.artron.net/,no_work_url_match_on_collection_pages,,No matching work title found in crawled collection pages. Local add-pic folder confirms title-to-artist/source attribution; exact work-page URL remains unverified.
e0e97436525c,images_raw/e0e97436525c.jpg,《举头三尺有神明》,"Three Feet Above, the Gods Observe",恐惧,huangjiannan.artron.net,,,,unknown,黄建南,needs_manual_review: title matches multiple local source-folder files; verify exact image before releasing image files. local_title_source_inference: source attribution checked against add pic folder names and title translation caches; not a redistribution license.,https://huangjiannan.artron.net/works_index_21,no_work_url_match_on_collection_pages,,No matching work title found in crawled collection pages. Local add-pic folder confirms title-to-artist/source attribution; exact work-page URL remains unverified.
b46fdcbc728d,images_raw/b46fdcbc728d.jpg,码头,Pier,厌恶,artmajeur.com,,,https://github.com/hmer-boop/multistage-affect/blob/main/data/release_subset/images/artmajeur/b46fdcbc728d.jpg,unknown,Nga Tran,Exact title/filename match in local source folders; exact work-page URL and license still require verification.,https://www.artmajeur.com/nga-tran?view=grid&collections%5B%5D=2287606,blocked_or_dynamic_manual_check_needed,,Artmajeur pages returned Cloudflare/browser challenge during command-line access; exact work URL requires manual browser verification.
e0d4ac4604b9,images_raw/e0d4ac4604b9.jpg,白荷,White Lotus,宁静,guanpuxue.artron.net,,,,unknown,管朴学,Exact title/filename match in local source folders; exact work-page URL and license still require verification. local_title_source_inference: source attribution checked against add pic folder names and title translation caches; not a redistribution license.,https://guanpuxue.artron.net/,no_work_url_match_on_collection_pages,,No matching work title found in crawled collection pages. Local add-pic folder confirms title-to-artist/source attribution; exact work-page URL remains unverified.
22369fd59f70,images_raw/22369fd59f70.jpg,梦魇_孵化者,Nightmare Hatcher,恐惧,theartling.com,,,,unknown,TheArtling painting browsing page,"No local title/filename source match found yet. supplementary_negative_source_fallback: broad website-level source link, not a redistribution license.",https://theartling.com/en/art/painting,source_site_homepage_fallback,broad_source_site_fallback,Fallback broad source-site link assigned for supplementary negative items; use title_zh/title_en to search within the source site. This is not an exact work-page URL.
205b0cad1622,images_raw/205b0cad1622.jpg,美丽女孩,Beautiful Girl,惊奇,artmajeur.com,,,https://github.com/hmer-boop/multistage-affect/blob/main/data/release_subset/images/artmajeur/205b0cad1622.jpg,unknown,Jean-Humbert Savoldelli,Exact title/filename match in local source folders; exact work-page URL and license still require verification.,https://www.artmajeur.com/jean-humbert-savoldelli?view=grid&collections%5B%5D=1607818,blocked_or_dynamic_manual_check_needed,,Artmajeur pages returned Cloudflare/browser challenge during command-line access; exact work URL requires manual browser verification.
15b49eba10c4,images_raw/15b49eba10c4.jpg,孩子,Child,惊奇,artmajeur.com,,,https://github.com/hmer-boop/multistage-affect/blob/main/data/release_subset/images/artmajeur/15b49eba10c4.jpg,unknown,Awe Haiwe,"title_filename_match_source_unresolved: title matched a local working-folder file, but the local folder does not identify the original source site/artist; verify before releasing image files. local_title_source_inference: source attribution checked against add pic folder names and title translation caches; not a redistribution license.",https://www.artmajeur.com/awe-haiwe?view=grid&collections%5B%5D=2197639,source_collection_inferred_from_local_title,local_title_or_translation_match,Source collection inferred from local add-pic folder using title_zh/title_en and translation-cache matching; exact work-page URL remains unverified.
4662671554db,images_raw/4662671554db.jpg,锦绣河山,Magnificent Landscape,敬畏,theartling.com,,,,unknown,TheArtling painting browsing page,"No local title/filename source match found yet. supplementary_negative_source_fallback: broad website-level source link, not a redistribution license.",https://theartling.com/en/art/painting,source_site_homepage_fallback,broad_source_site_fallback,Fallback broad source-site link assigned for supplementary negative items; use title_zh/title_en to search within the source site. This is not an exact work-page URL.
57b721da32a8,images_raw/57b721da32a8.jpg,甲虫,Lo Scarabeo,厌恶,artmajeur.com,,,https://github.com/hmer-boop/multistage-affect/blob/main/data/release_subset/images/artmajeur/57b721da32a8.jpg,unknown,Elisa De Montis,Exact title/filename match in local source folders; exact work-page URL and license still require verification.,https://www.artmajeur.com/elisa-de-montis?view=grid&collections%5B%5D=2450866,blocked_or_dynamic_manual_check_needed,,Artmajeur pages returned Cloudflare/browser challenge during command-line access; exact work URL requires manual browser verification.
aec4586d58b1,images_raw/aec4586d58b1.jpg,私语,Whisper,宁静,theartling.com,,,,unknown,TheArtling painting browsing page,"title_filename_match_source_unresolved: title matched a local working-folder file, but the local folder does not identify the original source site/artist; verify before releasing image files. supplementary_negative_source_fallback: broad website-level source link, not a redistribution license.",https://theartling.com/en/art/painting,source_site_homepage_fallback,broad_source_site_fallback,Fallback broad source-site link assigned for supplementary negative items; use title_zh/title_en to search within the source site. This is not an exact work-page URL.
e6c482d8371e,images_raw/e6c482d8371e.jpg,珍藏,Treasure,敬畏,theartling.com,,,,unknown,TheArtling painting browsing page,"No local title/filename source match found yet. supplementary_negative_source_fallback: broad website-level source link, not a redistribution license.",https://theartling.com/en/art/painting,source_site_homepage_fallback,broad_source_site_fallback,Fallback broad source-site link assigned for supplementary negative items; use title_zh/title_en to search within the source site. This is not an exact work-page URL.
58aefb5b0adb,images_raw/58aefb5b0adb.jpg,生命之水,Water of Life,敬畏,daize.artron.net,,,,unknown,戴泽,Exact title/filename match in local source folders; exact work-page URL and license still require verification. local_title_source_inference: source attribution checked against add pic folder names and title translation caches; not a redistribution license.,https://daize.artron.net/,no_work_url_match_on_collection_pages,,No matching work title found in crawled collection pages. Local add-pic folder confirms title-to-artist/source attribution; exact work-page URL remains unverified.
340c9bab3126,images_raw/340c9bab3126.jpg,《生命密码》,Life Code,惊奇,huangjiannan.artron.net,,,,unknown,黄建南,needs_manual_review: title matches multiple local source-folder files; verify exact image before releasing image files. local_title_source_inference: source attribution checked against add pic folder names and title translation caches; not a redistribution license.,https://huangjiannan.artron.net/works_index_21,no_work_url_match_on_collection_pages,,No matching work title found in crawled collection pages. Local add-pic folder confirms title-to-artist/source attribution; exact work-page URL remains unverified.
c741ef3e2d30,images_raw/c741ef3e2d30.jpg,沃野天光,Vast Fields and Heavenly Light,惊奇,artist.artron.net,https://artist.artron.net/artists23471/2-385673.html#w,,,unknown,尘三,Exact title/filename match in local source folders; exact work-page URL and license still require verification.,https://artist.artron.net/artists23471/sale-0-0-0-7-1/,exact_work_url_candidate,title_match_on_source_collection_page,Matched collection-page work title: 沃野天光
b75bd3278387,images_raw/b75bd3278387.jpg,留下的碎片,Fragments Left Behind,惊奇,artmajeur.com,,,https://github.com/hmer-boop/multistage-affect/blob/main/data/release_subset/images/artmajeur/b75bd3278387.jpg,unknown,Ta,Exact title/filename match in local source folders; exact work-page URL and license still require verification.,https://www.artmajeur.com/ta00?view=grid&collections%5B0%5D=2214331&page=1,blocked_or_dynamic_manual_check_needed,,Artmajeur pages returned Cloudflare/browser challenge during command-line access; exact work URL requires manual browser verification.
ce734acc96a2,images_raw/ce734acc96a2.jpg,东方之夜,Eastern Night,宁静,artmajeur.com,,,https://github.com/hmer-boop/multistage-affect/blob/main/data/release_subset/images/artmajeur/ce734acc96a2.jpg,unknown,Jean-Humbert Savoldelli,Exact title/filename match in local source folders; exact work-page URL and license still require verification.,https://www.artmajeur.com/jean-humbert-savoldelli?view=grid&collections%5B%5D=1607818,blocked_or_dynamic_manual_check_needed,,Artmajeur pages returned Cloudflare/browser challenge during command-line access; exact work URL requires manual browser verification.
c3ee5fe292f6,images_raw/c3ee5fe292f6.jpg,莎拉与幽灵,Sarah et les fantômes,恐惧,artmajeur.com,,,https://github.com/hmer-boop/multistage-affect/blob/main/data/release_subset/images/artmajeur/c3ee5fe292f6.jpg,unknown,Chloe Kaemmerer,Exact title/filename match in local source folders; exact work-page URL and license still require verification.,https://www.artmajeur.com/chloe-kaemmerer?view=grid&collections%5B%5D=2320546,blocked_or_dynamic_manual_check_needed,,Artmajeur pages returned Cloudflare/browser challenge during command-line access; exact work URL requires manual browser verification.
a48245b8db6d,images_raw/a48245b8db6d.jpg,呐喊,The Scream,厌恶,artmajeur.com,,,https://github.com/hmer-boop/multistage-affect/blob/main/data/release_subset/images/artmajeur/a48245b8db6d.jpg,unknown,Milos Hronec,needs_manual_review: title matches multiple local source-folder files; verify exact image before releasing image files.,https://www.artmajeur.com/milos-hronec?view=grid&collections%5B%5D=2390674,blocked_or_dynamic_manual_check_needed,,Artmajeur pages returned Cloudflare/browser challenge during command-line access; exact work URL requires manual browser verification.
390d8eaa5b8d,images_raw/390d8eaa5b8d.jpg,比天空广阔的是胸怀,A Heart Broader Than the Sky,快乐,artmajeur.com,,,https://github.com/hmer-boop/multistage-affect/blob/main/data/release_subset/images/artmajeur/390d8eaa5b8d.jpg,unknown,Artmajeur painting browsing page,"title_filename_match_source_unresolved: title matched a local working-folder file, but the local folder does not identify the original source site/artist; verify before releasing image files. supplementary_negative_source_fallback: broad website-level source link, not a redistribution license.",https://www.artmajeur.com/zh/yi-shu-pin/hui-hua,source_site_homepage_fallback,broad_source_site_fallback,Fallback broad source-site link assigned for supplementary negative items; use title_zh/title_en to search within the source site. This is not an exact work-page URL.
51fa35bf4d09,images_raw/51fa35bf4d09.jpg,蓝色的沉思,Blue Contemplation,宁静,theartling.com,,,,unknown,TheArtling painting browsing page,"title_filename_match_source_unresolved: title matched a local working-folder file, but the local folder does not identify the original source site/artist; verify before releasing image files. supplementary_negative_source_fallback: broad website-level source link, not a redistribution license.",https://theartling.com/en/art/painting,source_site_homepage_fallback,broad_source_site_fallback,Fallback broad source-site link assigned for supplementary negative items; use title_zh/title_en to search within the source site. This is not an exact work-page URL.
949c8e718b2a,images_raw/949c8e718b2a.jpg,数字战争,Digital War,恐惧,artmajeur.com,,,https://github.com/hmer-boop/multistage-affect/blob/main/data/release_subset/images/artmajeur/949c8e718b2a.jpg,unknown,Shepard Fairey,"title_filename_match_source_unresolved: title matched a local working-folder file, but the local folder does not identify the original source site/artist; verify before releasing image files. local_title_source_inference: source attribution checked against add pic folder names and title translation caches; not a redistribution license.",https://www.artmajeur.com/obey-shepard-fairey,source_collection_inferred_from_local_title,local_title_or_translation_match,Source collection inferred from local add-pic folder using title_zh/title_en and translation-cache matching; exact work-page URL remains unverified.
bf648976f624,images_raw/bf648976f624.jpg,节日,Festival,快乐,artmajeur.com,,,https://github.com/hmer-boop/multistage-affect/blob/main/data/release_subset/images/artmajeur/bf648976f624.jpg,unknown,Viktor Sheleg,Exact title/filename match in local source folders; exact work-page URL and license still require verification.,https://www.artmajeur.com/zh/yi-shu-pin?hybrid_query=%20Viktor%20Sheleg%20,blocked_or_dynamic_manual_check_needed,,Artmajeur pages returned Cloudflare/browser challenge during command-line access; exact work URL requires manual browser verification.
f2f42e1ee6d2,images_raw/f2f42e1ee6d2.jpg,脆弱,Fragile,厌恶,artmajeur.com,,,https://github.com/hmer-boop/multistage-affect/blob/main/data/release_subset/images/artmajeur/f2f42e1ee6d2.jpg,unknown,Jean-Humbert Savoldelli; Milos Hronec,needs_manual_review: title matches multiple local source-folder files; verify exact image before releasing image files.,https://www.artmajeur.com/jean-humbert-savoldelli?view=grid&collections%5B%5D=1607818; https://www.artmajeur.com/milos-hronec?view=grid&collections%5B%5D=2390674,blocked_or_dynamic_manual_check_needed,,Artmajeur pages returned Cloudflare/browser challenge during command-line access; exact work URL requires manual browser verification.
4f4009806f6f,images_raw/4f4009806f6f.jpg,红色的影响,Red Influence,惊奇,artmajeur.com,,,https://github.com/hmer-boop/multistage-affect/blob/main/data/release_subset/images/artmajeur/4f4009806f6f.jpg,unknown,Jean-Humbert Savoldelli,Exact title/filename match in local source folders; exact work-page URL and license still require verification.,https://www.artmajeur.com/jean-humbert-savoldelli?view=grid&collections%5B%5D=1607818,blocked_or_dynamic_manual_check_needed,,Artmajeur pages returned Cloudflare/browser challenge during command-line access; exact work URL requires manual browser verification.
0b7b583f2dad,images_raw/0b7b583f2dad.jpg,注意，脆弱！,"Caution, Fragile!",恐惧,artmajeur.com,,,https://github.com/hmer-boop/multistage-affect/blob/main/data/release_subset/images/artmajeur/0b7b583f2dad.jpg,unknown,Artmajeur painting browsing page,"title_filename_match_source_unresolved: title matched a local working-folder file, but the local folder does not identify the original source site/artist; verify before releasing image files. supplementary_negative_source_fallback: broad website-level source link, not a redistribution license.",https://www.artmajeur.com/zh/yi-shu-pin/hui-hua,source_site_homepage_fallback,broad_source_site_fallback,Fallback broad source-site link assigned for supplementary negative items; use title_zh/title_en to search within the source site. This is not an exact work-page URL.
987d421e3ec9,images_raw/987d421e3ec9.jpg,在战斗中,In Battle,惊奇,artmajeur.com,,,https://github.com/hmer-boop/multistage-affect/blob/main/data/release_subset/images/artmajeur/987d421e3ec9.jpg,unknown,Jeremie Camus,Exact title/filename match in local source folders; exact work-page URL and license still require verification.,https://www.artmajeur.com/jeremie-camus?view=grid&collections%5B%5D=2238868,blocked_or_dynamic_manual_check_needed,,Artmajeur pages returned Cloudflare/browser challenge during command-line access; exact work URL requires manual browser verification.
b687f93d4e58,images_raw/b687f93d4e58.jpg,在每个地方的中央,At the Center of Every Place,厌恶,artmajeur.com,,,https://github.com/hmer-boop/multistage-affect/blob/main/data/release_subset/images/artmajeur/b687f93d4e58.jpg,unknown,Robert Van Den Herik,Exact title/filename match in local source folders; exact work-page URL and license still require verification.,https://www.artmajeur.com/robert-van-den-herik?view=grid&collections%5B0%5D=1744639&page=2,blocked_or_dynamic_manual_check_needed,,Artmajeur pages returned Cloudflare/browser challenge during command-line access; exact work URL requires manual browser verification.
976844de6774,images_raw/976844de6774.jpg,冰湖渔火,Fishing Lights on the Ice Lake,悲伤,artmajeur.com,,,,unknown,Artmajeur painting browsing page,"No local title/filename source match found yet. supplementary_negative_source_fallback: broad website-level source link, not a redistribution license.",https://www.artmajeur.com/zh/yi-shu-pin/hui-hua,source_site_homepage_fallback,broad_source_site_fallback,Fallback broad source-site link assigned for supplementary negative items; use title_zh/title_en to search within the source site. This is not an exact work-page URL.
1446e96743ef,images_raw/1446e96743ef.jpg,寒山暖阳,"Cold Mountain, Warm Sun",宁静,guanpuxue.artron.net,,,,unknown,管朴学,Exact title/filename match in local source folders; exact work-page URL and license still require verification. local_title_source_inference: source attribution checked against add pic folder names and title translation caches; not a redistribution license.,https://guanpuxue.artron.net/,no_work_url_match_on_collection_pages,,No matching work title found in crawled collection pages. Local add-pic folder confirms title-to-artist/source attribution; exact work-page URL remains unverified.
3d308fb78d69,images_raw/3d308fb78d69.jpg,被绑住的龙虾,Bound Lobster,愤怒,artist.artron.net,https://artist.artron.net/artists23462/2-382363.html#w,,,unknown,苏大朝,Exact title/filename match in local source folders; exact work-page URL and license still require verification.,https://artist.artron.net/artists23462/sale-0-0-0-1-1/,exact_work_url_candidate,title_match_on_source_collection_page,Matched collection-page work title: 被绑住的龙虾
64c1174c0062,images_raw/64c1174c0062.jpg,窗户,Window,宁静,artmajeur.com,,,https://github.com/hmer-boop/multistage-affect/blob/main/data/release_subset/images/artmajeur/64c1174c0062.jpg,unknown,Artmajeur painting browsing page,"title_filename_match_source_unresolved: title matched a local working-folder file, but the local folder does not identify the original source site/artist; verify before releasing image files. supplementary_negative_source_fallback: broad website-level source link, not a redistribution license.",https://www.artmajeur.com/zh/yi-shu-pin/hui-hua,source_site_homepage_fallback,broad_source_site_fallback,Fallback broad source-site link assigned for supplementary negative items; use title_zh/title_en to search within the source site. This is not an exact work-page URL.
ffd85fec7db7,images_raw/ffd85fec7db7.jpg,快乐服从社会,HAPPY OBEDIENT SOCIETY,恐惧,artmajeur.com,,,https://github.com/hmer-boop/multistage-affect/blob/main/data/release_subset/images/artmajeur/ffd85fec7db7.jpg,unknown,Dags Vidulejs,Exact title/filename match in local source folders; exact work-page URL and license still require verification.,https://www.artmajeur.com/dags-vidulejs?view=grid&collections%5B%5D=2194390,blocked_or_dynamic_manual_check_needed,,Artmajeur pages returned Cloudflare/browser challenge during command-line access; exact work URL requires manual browser verification.
ef0d4cfdbb49,images_raw/ef0d4cfdbb49.jpg,狮子王.jpg,Lion King.jpg,敬畏,artist.artron.net,https://artist.artron.net/artists23462/2-382915.html#w,,,unknown,苏大朝,Exact title/filename match in local source folders; exact work-page URL and license still require verification.,https://artist.artron.net/artists23462/sale-0-0-0-1-1/,exact_work_url_candidate,title_match_on_source_collection_page,Matched collection-page work title: 狮子王.jpg
2013aa0c0e73,images_raw/2013aa0c0e73.jpg,远方的阴影,Distant Shadows,宁静,artmajeur.com,,,https://github.com/hmer-boop/multistage-affect/blob/main/data/release_subset/images/artmajeur/2013aa0c0e73.jpg,unknown,Robert Van Den Herik,Exact title/filename match in local source folders; exact work-page URL and license still require verification.,https://www.artmajeur.com/robert-van-den-herik?view=grid&collections%5B0%5D=1744639&page=2,blocked_or_dynamic_manual_check_needed,,Artmajeur pages returned Cloudflare/browser challenge during command-line access; exact work URL requires manual browser verification.
279e5c21ae3e,images_raw/279e5c21ae3e.jpg,白牡丹,White Peony,恐惧,guanpuxue.artron.net,,,,unknown,管朴学,Exact title/filename match in local source folders; exact work-page URL and license still require verification. local_title_source_inference: source attribution checked against add pic folder names and title translation caches; not a redistribution license.,https://guanpuxue.artron.net/,no_work_url_match_on_collection_pages,,No matching work title found in crawled collection pages. Local add-pic folder confirms title-to-artist/source attribution; exact work-page URL remains unverified.
e64dfeaed030,images_raw/e64dfeaed030.jpg,伊卡尔的堕落 2,Fall of Icarus 2,快乐,artmajeur.com,,,https://github.com/hmer-boop/multistage-affect/blob/main/data/release_subset/images/artmajeur/e64dfeaed030.jpg,unknown,Alain Vintenon,Exact title/filename match in local source folders; exact work-page URL and license still require verification.,https://www.artmajeur.com/alain-vintenon?view=grid&collections%5B%5D=2312140,blocked_or_dynamic_manual_check_needed,,Artmajeur pages returned Cloudflare/browser challenge during command-line access; exact work URL requires manual browser verification.
9eb0f59a741f,images_raw/9eb0f59a741f.jpg,穿梭入口门,Portal Gate,宁静,artmajeur.com,,,https://github.com/hmer-boop/multistage-affect/blob/main/data/release_subset/images/artmajeur/9eb0f59a741f.jpg,unknown,Robert Van Den Herik,Exact title/filename match in local source folders; exact work-page URL and license still require verification.,https://www.artmajeur.com/robert-van-den-herik?view=grid&collections%5B0%5D=1744639&page=2,blocked_or_dynamic_manual_check_needed,,Artmajeur pages returned Cloudflare/browser challenge during command-line access; exact work URL requires manual browser verification.
06bd12237c02,images_raw/06bd12237c02.jpg,十二怒汉与红衣女士,Twelve Angry Men and the Lady in Red,愤怒,artmajeur.com,,,https://github.com/hmer-boop/multistage-affect/blob/main/data/release_subset/images/artmajeur/06bd12237c02.jpg,unknown,Artmajeur painting browsing page,"title_filename_match_source_unresolved: title matched a local working-folder file, but the local folder does not identify the original source site/artist; verify before releasing image files. supplementary_negative_source_fallback: broad website-level source link, not a redistribution license.",https://www.artmajeur.com/zh/yi-shu-pin/hui-hua,source_site_homepage_fallback,broad_source_site_fallback,Fallback broad source-site link assigned for supplementary negative items; use title_zh/title_en to search within the source site. This is not an exact work-page URL.
3a9207888e2e,images_raw/3a9207888e2e.jpg,爱将拯救世界,Love Will Save the World,厌恶,artmajeur.com,,,https://github.com/hmer-boop/multistage-affect/blob/main/data/release_subset/images/artmajeur/3a9207888e2e.jpg,unknown,Dags Vidulejs,Exact title/filename match in local source folders; exact work-page URL and license still require verification.,https://www.artmajeur.com/dags-vidulejs?view=grid&collections%5B%5D=2194390,blocked_or_dynamic_manual_check_needed,,Artmajeur pages returned Cloudflare/browser challenge during command-line access; exact work URL requires manual browser verification.
b58dd966280f,images_raw/b58dd966280f.jpg,飞翔吧，春天来了！,"Fly, Spring Has Arrived!",悲伤,artmajeur.com,,,https://github.com/hmer-boop/multistage-affect/blob/main/data/release_subset/images/artmajeur/b58dd966280f.jpg,unknown,Picrate,Exact title/filename match in local source folders; exact work-page URL and license still require verification.,https://www.artmajeur.com/picrate?view=grid&collections%5B%5D=1775407,blocked_or_dynamic_manual_check_needed,,Artmajeur pages returned Cloudflare/browser challenge during command-line access; exact work URL requires manual browser verification.
a8be5b1177b3,images_raw/a8be5b1177b3.jpg,紫色中的死亡,Death in Purple,惊奇,artmajeur.com,,,https://github.com/hmer-boop/multistage-affect/blob/main/data/release_subset/images/artmajeur/a8be5b1177b3.jpg,unknown,Artmajeur painting browsing page,"title_filename_match_source_unresolved: title matched a local working-folder file, but the local folder does not identify the original source site/artist; verify before releasing image files. supplementary_negative_source_fallback: broad website-level source link, not a redistribution license.",https://www.artmajeur.com/zh/yi-shu-pin/hui-hua,source_site_homepage_fallback,broad_source_site_fallback,Fallback broad source-site link assigned for supplementary negative items; use title_zh/title_en to search within the source site. This is not an exact work-page URL.
0ebe4180c160,images_raw/0ebe4180c160.jpg,简单的历史,Simple History,厌恶,artmajeur.com,,,https://github.com/hmer-boop/multistage-affect/blob/main/data/release_subset/images/artmajeur/0ebe4180c160.jpg,unknown,Picrate,Exact title/filename match in local source folders; exact work-page URL and license still require verification.,https://www.artmajeur.com/picrate?view=grid&collections%5B%5D=1775407,blocked_or_dynamic_manual_check_needed,,Artmajeur pages returned Cloudflare/browser challenge during command-line access; exact work URL requires manual browser verification.
bcbe8c65a6bf,images_raw/bcbe8c65a6bf.jpg,时光,Time,宁静,daize.artron.net,,,,unknown,戴泽,Exact title/filename match in local source folders; exact work-page URL and license still require verification. local_title_source_inference: source attribution checked against add pic folder names and title translation caches; not a redistribution license.,https://daize.artron.net/,no_work_url_match_on_collection_pages,,No matching work title found in crawled collection pages. Local add-pic folder confirms title-to-artist/source attribution; exact work-page URL remains unverified.
7c0f26de920c,images_raw/7c0f26de920c.jpg,夜行者,夜行者,恐惧,artmajeur.com,,,https://github.com/hmer-boop/multistage-affect/blob/main/data/release_subset/images/artmajeur/7c0f26de920c.jpg,unknown,Artmajeur painting browsing page,"title_filename_match_source_unresolved: title matched a local working-folder file, but the local folder does not identify the original source site/artist; verify before releasing image files. supplementary_negative_source_fallback: broad website-level source link, not a redistribution license.",https://www.artmajeur.com/zh/yi-shu-pin/hui-hua,source_site_homepage_fallback,broad_source_site_fallback,Fallback broad source-site link assigned for supplementary negative items; use title_zh/title_en to search within the source site. This is not an exact work-page URL.
19973d5d3049,images_raw/19973d5d3049.jpg,班卓琴演奏者,Banjo Player,快乐,artmajeur.com,,,https://github.com/hmer-boop/multistage-affect/blob/main/data/release_subset/images/artmajeur/19973d5d3049.jpg,unknown,Ganiyat Abdulazeez,Exact title/filename match in local source folders; exact work-page URL and license still require verification.,https://www.artmajeur.com/ganiyat-abdulazeez?view=grid&collections%5B%5D=2121668,blocked_or_dynamic_manual_check_needed,,Artmajeur pages returned Cloudflare/browser challenge during command-line access; exact work URL requires manual browser verification.
0eab1a07395f,images_raw/0eab1a07395f.jpg,圣痕,Stigmate,厌恶,artmajeur.com,,,https://github.com/hmer-boop/multistage-affect/blob/main/data/release_subset/images/artmajeur/0eab1a07395f.jpg,unknown,Annabelle Amory,Exact title/filename match in local source folders; exact work-page URL and license still require verification.,https://www.artmajeur.com/annabelle-amory?view=grid&collections%5B%5D=2064842,blocked_or_dynamic_manual_check_needed,,Artmajeur pages returned Cloudflare/browser challenge during command-line access; exact work URL requires manual browser verification.
eede7cad3046,images_raw/eede7cad3046.jpg,穿过夜的我的光,My Light Through the Night,惊奇,artmajeur.com,,,https://github.com/hmer-boop/multistage-affect/blob/main/data/release_subset/images/artmajeur/eede7cad3046.jpg,unknown,Artmajeur painting browsing page,"title_filename_match_source_unresolved: title matched a local working-folder file, but the local folder does not identify the original source site/artist; verify before releasing image files. supplementary_negative_source_fallback: broad website-level source link, not a redistribution license.",https://www.artmajeur.com/zh/yi-shu-pin/hui-hua,source_site_homepage_fallback,broad_source_site_fallback,Fallback broad source-site link assigned for supplementary negative items; use title_zh/title_en to search within the source site. This is not an exact work-page URL.
5cf99f216350,images_raw/5cf99f216350.jpg,水下的里加沉没,Sinking Riga Underwater,厌恶,artmajeur.com,,,https://github.com/hmer-boop/multistage-affect/blob/main/data/release_subset/images/artmajeur/5cf99f216350.jpg,unknown,Dags Vidulejs,Exact title/filename match in local source folders; exact work-page URL and license still require verification.,https://www.artmajeur.com/dags-vidulejs?view=grid&collections%5B%5D=2194390,blocked_or_dynamic_manual_check_needed,,Artmajeur pages returned Cloudflare/browser challenge during command-line access; exact work URL requires manual browser verification.
a25d6a92a788,images_raw/a25d6a92a788.jpg,抢救生命,Saving Lives,敬畏,artmajeur.com,,,https://github.com/hmer-boop/multistage-affect/blob/main/data/release_subset/images/artmajeur/a25d6a92a788.jpg,unknown,Artmajeur painting browsing page,"title_filename_match_source_unresolved: title matched a local working-folder file, but the local folder does not identify the original source site/artist; verify before releasing image files. supplementary_negative_source_fallback: broad website-level source link, not a redistribution license.",https://www.artmajeur.com/zh/yi-shu-pin/hui-hua,source_site_homepage_fallback,broad_source_site_fallback,Fallback broad source-site link assigned for supplementary negative items; use title_zh/title_en to search within the source site. This is not an exact work-page URL.
50d7e202a650,images_raw/50d7e202a650.jpg,在湖边玩耍,Playing by the Lake,厌恶,theartling.com,,,,unknown,TheArtling painting browsing page,"No local title/filename source match found yet. supplementary_negative_source_fallback: broad website-level source link, not a redistribution license.",https://theartling.com/en/art/painting,source_site_homepage_fallback,broad_source_site_fallback,Fallback broad source-site link assigned for supplementary negative items; use title_zh/title_en to search within the source site. This is not an exact work-page URL.
f3251ed259cd,images_raw/f3251ed259cd.jpg,从大鱼岛出发,Departing from Big Fish Island,宁静,daize.artron.net,,,,unknown,戴泽,Exact title/filename match in local source folders; exact work-page URL and license still require verification. local_title_source_inference: source attribution checked against add pic folder names and title translation caches; not a redistribution license.,https://daize.artron.net/,no_work_url_match_on_collection_pages,,No matching work title found in crawled collection pages. Local add-pic folder confirms title-to-artist/source attribution; exact work-page URL remains unverified.
e07a026d6ab4,images_raw/e07a026d6ab4.jpg,鸟笼,Birdcage,悲伤,artmajeur.com,,,https://github.com/hmer-boop/multistage-affect/blob/main/data/release_subset/images/artmajeur/e07a026d6ab4.jpg,unknown,Picrate,Exact title/filename match in local source folders; exact work-page URL and license still require verification.,https://www.artmajeur.com/picrate?view=grid&collections%5B%5D=1775407,blocked_or_dynamic_manual_check_needed,,Artmajeur pages returned Cloudflare/browser challenge during command-line access; exact work URL requires manual browser verification.
a7f82c4a070a,images_raw/a7f82c4a070a.jpg,老工人,Old Worker,快乐,daize.artron.net,,,,unknown,戴泽,Exact title/filename match in local source folders; exact work-page URL and license still require verification. local_title_source_inference: source attribution checked against add pic folder names and title translation caches; not a redistribution license.,https://daize.artron.net/,no_work_url_match_on_collection_pages,,No matching work title found in crawled collection pages. Local add-pic folder confirms title-to-artist/source attribution; exact work-page URL remains unverified.
2e68c13988f9,images_raw/2e68c13988f9.jpg,无处的希望,Hope in Nowhere,恐惧,artmajeur.com,,,https://github.com/hmer-boop/multistage-affect/blob/main/data/release_subset/images/artmajeur/2e68c13988f9.jpg,unknown,Artmajeur painting browsing page,"title_filename_match_source_unresolved: title matched a local working-folder file, but the local folder does not identify the original source site/artist; verify before releasing image files. supplementary_negative_source_fallback: broad website-level source link, not a redistribution license.",https://www.artmajeur.com/zh/yi-shu-pin/hui-hua,source_site_homepage_fallback,broad_source_site_fallback,Fallback broad source-site link assigned for supplementary negative items; use title_zh/title_en to search within the source site. This is not an exact work-page URL.
b7b81ddca3a5,images_raw/b7b81ddca3a5.jpg,圣水洗涤,Holy Water Cleansing,宁静,hanyuchen.artron.net,,,,unknown,韩玉臣,Exact title/filename match in local source folders; exact work-page URL and license still require verification. local_title_source_inference: source attribution checked against add pic folder names and title translation caches; not a redistribution license.,https://hanyuchen.artron.net/,no_work_url_match_on_collection_pages,,No matching work title found in crawled collection pages. Local add-pic folder confirms title-to-artist/source attribution; exact work-page URL remains unverified.
3c9de05cf444,images_raw/3c9de05cf444.jpg,《秘异空间》,Secret Space,恐惧,huangjiannan.artron.net,,,,unknown,黄建南,needs_manual_review: title matches multiple local source-folder files; verify exact image before releasing image files. local_title_source_inference: source attribution checked against add pic folder names and title translation caches; not a redistribution license.,https://huangjiannan.artron.net/works_index_21,no_work_url_match_on_collection_pages,,No matching work title found in crawled collection pages. Local add-pic folder confirms title-to-artist/source attribution; exact work-page URL remains unverified.
231546034e19,images_raw/231546034e19.jpg,永远快乐的士兵！,Forever Happy Soldier!,敬畏,theartling.com,,,,unknown,TheArtling painting browsing page,"title_filename_match_source_unresolved: title matched a local working-folder file, but the local folder does not identify the original source site/artist; verify before releasing image files. supplementary_negative_source_fallback: broad website-level source link, not a redistribution license.",https://theartling.com/en/art/painting,source_site_homepage_fallback,broad_source_site_fallback,Fallback broad source-site link assigned for supplementary negative items; use title_zh/title_en to search within the source site. This is not an exact work-page URL.
74bd3832ade8,images_raw/74bd3832ade8.jpg,满足,Satisfaction,恐惧,artmajeur.com,,,https://github.com/hmer-boop/multistage-affect/blob/main/data/release_subset/images/artmajeur/74bd3832ade8.jpg,unknown,Milos Hronec,Exact title/filename match in local source folders; exact work-page URL and license still require verification.,https://www.artmajeur.com/milos-hronec?view=grid&collections%5B%5D=2390674,blocked_or_dynamic_manual_check_needed,,Artmajeur pages returned Cloudflare/browser challenge during command-line access; exact work URL requires manual browser verification.
de3803386951,images_raw/de3803386951.jpg,遥远的孩子,Distant Child,悲伤,artmajeur.com,,,https://github.com/hmer-boop/multistage-affect/blob/main/data/release_subset/images/artmajeur/de3803386951.jpg,unknown,Oluwapelumi Olaosun,"title_filename_match_source_unresolved: title matched a local working-folder file, but the local folder does not identify the original source site/artist; verify before releasing image files. local_title_source_inference: source attribution checked against add pic folder names and title translation caches; not a redistribution license.",https://www.artmajeur.com/oluwapelumi-olaosun?view=grid&collections%5B%5D=2301889,source_collection_inferred_from_local_title,local_title_or_translation_match,Source collection inferred from local add-pic folder using title_zh/title_en and translation-cache matching; exact work-page URL remains unverified.
7ef5d7f6c97c,images_raw/7ef5d7f6c97c.jpg,没有什么是不可能的,Nothing Is Impossible,宁静,theartling.com,,,,unknown,TheArtling painting browsing page,"title_filename_match_source_unresolved: title matched a local working-folder file, but the local folder does not identify the original source site/artist; verify before releasing image files. supplementary_negative_source_fallback: broad website-level source link, not a redistribution license.",https://theartling.com/en/art/painting,source_site_homepage_fallback,broad_source_site_fallback,Fallback broad source-site link assigned for supplementary negative items; use title_zh/title_en to search within the source site. This is not an exact work-page URL.
c2543cb3ec76,images_raw/c2543cb3ec76.jpg,惬意喵眠.PNG,Content Catnap.PNG,宁静,artist.artron.net,https://artist.artron.net/artists23462/2-385196.html#w,,,unknown,苏大朝,Exact title/filename match in local source folders; exact work-page URL and license still require verification.,https://artist.artron.net/artists23462/sale-0-0-0-1-1/,exact_work_url_candidate,title_match_on_source_collection_page,Matched collection-page work title: 惬意喵眠.PNG
55974b8d0005,images_raw/55974b8d0005.jpg,献祭,Sacrifice,厌恶,theartling.com,,,,unknown,TheArtling painting browsing page,"needs_manual_review: title matches multiple local source-folder files; verify exact image before releasing image files. supplementary_negative_source_fallback: broad website-level source link, not a redistribution license.",https://theartling.com/en/art/painting,source_site_homepage_fallback,broad_source_site_fallback,Fallback broad source-site link assigned for supplementary negative items; use title_zh/title_en to search within the source site. This is not an exact work-page URL.
f899ee99ca43,images_raw/f899ee99ca43.jpg,风景这边独好,The Scenery Here Is Uniquely Beautiful,快乐,huangjiannan.artron.net,,,,unknown,黄建南,needs_manual_review: title matches multiple local source-folder files; verify exact image before releasing image files. local_title_source_inference: source attribution checked against add pic folder names and title translation caches; not a redistribution license.,https://huangjiannan.artron.net/works_index_21,no_work_url_match_on_collection_pages,,No matching work title found in crawled collection pages. Local add-pic folder confirms title-to-artist/source attribution; exact work-page URL remains unverified.
55df3a8a7f8b,images_raw/55df3a8a7f8b.jpg,水滑行,Water Gliding,惊奇,theartling.com,,,,unknown,TheArtling painting browsing page,"No local title/filename source match found yet. supplementary_negative_source_fallback: broad website-level source link, not a redistribution license.",https://theartling.com/en/art/painting,source_site_homepage_fallback,broad_source_site_fallback,Fallback broad source-site link assigned for supplementary negative items; use title_zh/title_en to search within the source site. This is not an exact work-page URL.
7aaac1e1c8c4,images_raw/7aaac1e1c8c4.jpg,洗礼归来,Baptism Return,敬畏,hanyuchen.artron.net,,,,unknown,韩玉臣,Exact title/filename match in local source folders; exact work-page URL and license still require verification. local_title_source_inference: source attribution checked against add pic folder names and title translation caches; not a redistribution license.,https://hanyuchen.artron.net/,no_work_url_match_on_collection_pages,,No matching work title found in crawled collection pages. Local add-pic folder confirms title-to-artist/source attribution; exact work-page URL remains unverified.
38b76c101af4,images_raw/38b76c101af4.jpg,象鸣,Elephant Call,惊奇,artist.artron.net,https://artist.artron.net/artists23462/2-383160.html#w,,,unknown,苏大朝,Exact title/filename match in local source folders; exact work-page URL and license still require verification.,https://artist.artron.net/artists23462/sale-0-0-0-1-1/,exact_work_url_candidate,title_match_on_source_collection_page,Matched collection-page work title: 象鸣
e5ed6f14235a,images_raw/e5ed6f14235a.jpg,月是故乡明,The Moon Shines Brighter in My Hometown,愤怒,chenkezhi.artron.net,,,,unknown,陈可之,Exact title/filename match in local source folders; exact work-page URL and license still require verification. local_title_source_inference: source attribution checked against add pic folder names and title translation caches; not a redistribution license.,https://chenkezhi.artron.net/works_index_1,no_work_url_match_on_collection_pages,,No matching work title found in crawled collection pages. Local add-pic folder confirms title-to-artist/source attribution; exact work-page URL remains unverified.
7efde0416584,images_raw/7efde0416584.jpg,蓝色空间,Blue Space,惊奇,artmajeur.com,,,https://github.com/hmer-boop/multistage-affect/blob/main/data/release_subset/images/artmajeur/7efde0416584.jpg,unknown,Jean-Humbert Savoldelli,Exact title/filename match in local source folders; exact work-page URL and license still require verification.,https://www.artmajeur.com/jean-humbert-savoldelli?view=grid&collections%5B%5D=1607818,blocked_or_dynamic_manual_check_needed,,Artmajeur pages returned Cloudflare/browser challenge during command-line access; exact work URL requires manual browser verification.
51d822cc8545,images_raw/51d822cc8545.jpg,你需要的只是爱,All You Need Is Love,宁静,artmajeur.com,,,https://github.com/hmer-boop/multistage-affect/blob/main/data/release_subset/images/artmajeur/51d822cc8545.jpg,unknown,Picrate,Exact title/filename match in local source folders; exact work-page URL and license still require verification.,https://www.artmajeur.com/picrate?view=grid&collections%5B%5D=1775407,blocked_or_dynamic_manual_check_needed,,Artmajeur pages returned Cloudflare/browser challenge during command-line access; exact work URL requires manual browser verification.
185461e8cdb2,images_raw/185461e8cdb2.jpg,玛曲街景,Street Scene in Maqu,宁静,hanyuchen.artron.net,,,,unknown,韩玉臣,Exact title/filename match in local source folders; exact work-page URL and license still require verification. local_title_source_inference: source attribution checked against add pic folder names and title translation caches; not a redistribution license.,https://hanyuchen.artron.net/,no_work_url_match_on_collection_pages,,No matching work title found in crawled collection pages. Local add-pic folder confirms title-to-artist/source attribution; exact work-page URL remains unverified.
e6b6b08832f1,images_raw/e6b6b08832f1.jpg,村口的小白马,Little White Horse at the Village Entrance,悲伤,haiyang.artron.net,,,,unknown,海阳,Exact title/filename match in local source folders; exact work-page URL and license still require verification. local_title_source_inference: source attribution checked against add pic folder names and title translation caches; not a redistribution license.,https://haiyang.artron.net/works_index_1,no_work_url_match_on_collection_pages,,No matching work title found in crawled collection pages. Local add-pic folder confirms title-to-artist/source attribution; exact work-page URL remains unverified.
890430c0aedf,images_raw/890430c0aedf.jpg,朝圣者,Pilgrim,惊奇,artmajeur.com,,,https://github.com/hmer-boop/multistage-affect/blob/main/data/release_subset/images/artmajeur/890430c0aedf.jpg,unknown,Jean-Humbert Savoldelli,Exact title/filename match in local source folders; exact work-page URL and license still require verification.,https://www.artmajeur.com/jean-humbert-savoldelli?view=grid&collections%5B%5D=1607818,blocked_or_dynamic_manual_check_needed,,Artmajeur pages returned Cloudflare/browser challenge during command-line access; exact work URL requires manual browser verification.
b6da7d70ba51,images_raw/b6da7d70ba51.jpg,从另一个角度看,Another Perspective,快乐,artmajeur.com,,,https://github.com/hmer-boop/multistage-affect/blob/main/data/release_subset/images/artmajeur/b6da7d70ba51.jpg,unknown,Robert Van Den Herik,Exact title/filename match in local source folders; exact work-page URL and license still require verification.,https://www.artmajeur.com/robert-van-den-herik?view=grid&collections%5B0%5D=1744639&page=2,blocked_or_dynamic_manual_check_needed,,Artmajeur pages returned Cloudflare/browser challenge during command-line access; exact work URL requires manual browser verification.
1ed46f60b84c,images_raw/1ed46f60b84c.jpg,红色故事,Red Story,愤怒,artmajeur.com,,,https://github.com/hmer-boop/multistage-affect/blob/main/data/release_subset/images/artmajeur/1ed46f60b84c.jpg,unknown,Jean-Humbert Savoldelli,Exact title/filename match in local source folders; exact work-page URL and license still require verification.,https://www.artmajeur.com/jean-humbert-savoldelli?view=grid&collections%5B%5D=1607818,blocked_or_dynamic_manual_check_needed,,Artmajeur pages returned Cloudflare/browser challenge during command-line access; exact work URL requires manual browser verification.
30efa80e4b86,images_raw/30efa80e4b86.jpg,罂粟花,Poppy Flowers,快乐,artmajeur.com,,,https://github.com/hmer-boop/multistage-affect/blob/main/data/release_subset/images/artmajeur/30efa80e4b86.jpg,unknown,Aurelie Lafourcade,Exact title/filename match in local source folders; exact work-page URL and license still require verification.,https://www.artmajeur.com/aurelie-lafourcade?view=grid&collections%5B%5D=2408860,blocked_or_dynamic_manual_check_needed,,Artmajeur pages returned Cloudflare/browser challenge during command-line access; exact work URL requires manual browser verification.
