item_id,image_filename,title_zh,title_en,source_url,github_image_url
5a602c054c4b,images_raw/5a602c054c4b.jpg,红房子,Red House,https://artist.artron.net/artists314/1-383202.html#w,
0240c1cfde86,images_raw/0240c1cfde86.jpg,《星际》,Interstellar,https://artist.artron.net/artists314/1-383689.html#w,
7a495437dea8,images_raw/7a495437dea8.jpg,《苹果与马》,Apples and Horses,https://artist.artron.net/artists23471/2-385359.html#w,
9b45ce47e3a3,images_raw/9b45ce47e3a3.jpg,俯瞰雪山,Overlooking Snow Mountain,https://artist.artron.net/artists23471/2-384946.html#w,
50812cd43d44,images_raw/50812cd43d44.jpg,古峰临泽,Ancient Peaks Over Streams,https://artist.artron.net/artists23471/2-385697.html#w,
971d6817ce95,images_raw/971d6817ce95.jpg,壮山,Majestic Mountain,https://artist.artron.net/artists23471/2-385658.html#w,
c9ed951462bd,images_raw/c9ed951462bd.jpg,山涧细流,Mountain Stream,https://artist.artron.net/artists23471/2-384948.html#w,
06e9042faac1,images_raw/06e9042faac1.jpg,岸,Shore,https://artist.artron.net/artists23471/2-385699.html#w,
30bba9e0c618,images_raw/30bba9e0c618.jpg,归家,Homecoming,https://artist.artron.net/artists23471/2-383788.html#w,
6c5787c90201,images_raw/6c5787c90201.jpg,昊天,Vast Sky,https://artist.artron.net/artists23471/2-384581.html#w,
3d4549820546,images_raw/3d4549820546.jpg,春山远去,Spring Mountains Recede,https://artist.artron.net/artists23471/2-384941.html#w,
c741ef3e2d30,images_raw/c741ef3e2d30.jpg,沃野天光,Vast Fields and Heavenly Light,https://artist.artron.net/artists23471/2-385673.html#w,
9a4dae4d2820,images_raw/9a4dae4d2820.jpg,湛蓝微光,Azure Glow,https://artist.artron.net/artists23471/2-385670.html#w,
062f326b8e98,images_raw/062f326b8e98.jpg,玄山,Mysterious Mountain,https://artist.artron.net/artists23471/2-385665.html#w,
2910b3ec4bea,images_raw/2910b3ec4bea.jpg,生命的源起,Origin of Life,https://artist.artron.net/artists23471/2-384942.html#w,
609f3fd152a4,images_raw/609f3fd152a4.jpg,神光,Divine Light,https://artist.artron.net/artists23471/2-385671.html#w,
e85d3cc44e5a,images_raw/e85d3cc44e5a.jpg,绿之奏鸣曲,Green Sonata,https://artist.artron.net/artists23471/2-385662.html#w,
faf09d21ad38,images_raw/faf09d21ad38.jpg,翠日,Jade Sun,https://artist.artron.net/artists23471/2-384038.html#w,
88341da6f333,images_raw/88341da6f333.jpg,耸山云闲,Clouds Resting on Lofty Mountains,https://artist.artron.net/artists23471/2-383853.html#w,
48cc0b7ae1ec,images_raw/48cc0b7ae1ec.jpg,衍山,Evolving Mountain,https://artist.artron.net/artists23471/2-384047.html#w,
530bdc8efbc0,images_raw/530bdc8efbc0.jpg,闇谷,Dark Valley,https://artist.artron.net/artists23471/2-383986.html#w,
0106d8494646,images_raw/0106d8494646.jpg,侦查甲壳虫,Reconnaissance Beetle,https://artist.artron.net/artists23462/2-383656.html#w,
6abb98850d1e,images_raw/6abb98850d1e.jpg,子非鱼安知鱼之乐,How Can You Know the Joy of Fish?,https://artist.artron.net/artists23462/2-383193.html#w,
bea7ee674fa1,images_raw/bea7ee674fa1.jpg,开心的狗,Happy Dog,https://artist.artron.net/artists23462/2-382916.html#w,
c2543cb3ec76,images_raw/c2543cb3ec76.jpg,惬意喵眠.PNG,Content Catnap.PNG,https://artist.artron.net/artists23462/2-385196.html#w,
be09a41ed56d,images_raw/be09a41ed56d.jpg,想,Thoughts,https://artist.artron.net/artists23462/2-385480.html#w,
51b28e1848fc,images_raw/51b28e1848fc.jpg,憩,Repose,https://artist.artron.net/artists23462/2-383190.html#w,
8e74b6358482,images_raw/8e74b6358482.jpg,无色鹦鹉,Colorless Parrot,https://artist.artron.net/artists23462/2-383909.html#w,
b08a77016f53,images_raw/b08a77016f53.jpg,毛茸茸的大狗,Fluffy Big Dog,https://artist.artron.net/artists23462/2-383874.html#w,
3714cb01b381,images_raw/3714cb01b381.jpg,爱,Love,https://artist.artron.net/artists23462/2-382364.html#w,
690091d15403,images_raw/690091d15403.jpg,犀之爱,Rhinoceros Love,https://artist.artron.net/artists23462/2-381541.html#w,
8fa40a09a8c2,images_raw/8fa40a09a8c2.jpg,犀牛大哥,Brother Rhino,https://artist.artron.net/artists23462/2-383651.html#w,
ef0d4cfdbb49,images_raw/ef0d4cfdbb49.jpg,狮子王.jpg,Lion King.jpg,https://artist.artron.net/artists23462/2-382915.html#w,
46f42ba64835,images_raw/46f42ba64835.jpg,玩耍的夫妻两,Playing Couple,https://artist.artron.net/artists23462/2-383161.html#w,
b29d63fdc787,images_raw/b29d63fdc787.jpg,羊驼,Alpaca,https://artist.artron.net/artists23462/2-383196.html#w,
4db2d8f5862b,images_raw/4db2d8f5862b.jpg,腾飞.jpg,Soaring.jpg,https://artist.artron.net/artists23462/2-385197.html#w,
ecd948f21ee2,images_raw/ecd948f21ee2.jpg,舒服的猫,Comfortable Cat,https://artist.artron.net/artists23462/2-385484.html#w,
3d308fb78d69,images_raw/3d308fb78d69.jpg,被绑住的龙虾,Bound Lobster,https://artist.artron.net/artists23462/2-382363.html#w,
dbec299f61c3,images_raw/dbec299f61c3.jpg,触,Touch,https://artist.artron.net/artists23462/2-381492.html#w,
38b76c101af4,images_raw/38b76c101af4.jpg,象鸣,Elephant Call,https://artist.artron.net/artists23462/2-383160.html#w,
df732c4410e3,images_raw/df732c4410e3.jpg,避雨的小猪,Pig Sheltering from the Rain,https://artist.artron.net/artists23462/2-383877.html#w,
712e746c036e,images_raw/712e746c036e.jpg,骑猪的小男孩,Boy Riding a Pig,https://artist.artron.net/artists23462/2-383878.html#w,
143995e0f218,images_raw/143995e0f218.jpg,黑夜里的黑猫,Black Cat in the Night,https://artist.artron.net/artists23462/2-381767.html#w,
55fc7242b742,images_raw/55fc7242b742.jpg,《城堡之夜》,Night of the Castle,https://artist.artron.net/artists5391/2-325831.html#w,
b76862d85aa1,images_raw/b76862d85aa1.jpg,《她送我的花》,The Flowers She Gave Me,https://artist.artron.net/artists5391/2-325816.html#w,
817c85485534,images_raw/817c85485534.jpg,中国远征军-老兵李文德,Chinese Expeditionary Force - Veteran Li Wende,https://artist.artron.net/artists5391/1-141760.html#w,
b83d22c85cbc,images_raw/b83d22c85cbc.jpg,坝上春色,Spring Colors on the Dam,https://artist.artron.net/artists5391/1-230309.html#w,
b661535ffe1b,images_raw/b661535ffe1b.jpg,坝上暮色,Evening at Bashang,https://artist.artron.net/artists5391/1-230308.html#w,
1d761e9323fc,images_raw/1d761e9323fc.jpg,基尔海港的粉色回忆,Pink Memories of Kiel Harbor,https://artist.artron.net/artists5391/1-230304.html#w,
df934ec0cfa8,images_raw/df934ec0cfa8.jpg,川流不息,Endless Flow,https://artist.artron.net/artists5391/1-142000.html#w,
cd180a38fc7a,images_raw/cd180a38fc7a.jpg,施塔恩贝格帆影,Sailboats on Lake Starnberg,https://artist.artron.net/artists5391/1-230318.html#w,
9753bef074d8,images_raw/9753bef074d8.jpg,早春,Early Spring,https://artist.artron.net/artists5391/1-143905.html#w,
a16ab781ce1e,images_raw/a16ab781ce1e.jpg,春消息,Spring Tidings,https://artist.artron.net/artists5391/1-143917.html#w,
9d10103ab892,images_raw/9d10103ab892.jpg,水边人家,Waterside Dwellings,https://artist.artron.net/artists5391/2-143910.html#w,
f4a566d593e1,images_raw/f4a566d593e1.jpg,黑白映光,Black and White Reflection,https://artist.artron.net/artists5391/2-245690.html#w,
4e9b28043484,images_raw/4e9b28043484.jpg,冬季,Winter,https://artist.artron.net/artists314; https://www.artmajeur.com/annabelle-amory?view=grid&collections%5B%5D=2064842; https://www.artmajeur.com/giancarlo-colombo?view=grid&collections%5B%5D=2426074,https://github.com/hmer-boop/multistage-affect/blob/main/data/release_subset_760/images/artmajeur/4e9b28043484.jpg
be2e4aa15c3e,images_raw/be2e4aa15c3e.jpg,阳光,Sunshine,https://artist.artron.net/artists314; https://www.artmajeur.com/claire-denarie-soffietti?view=grid&collections%5B%5D=2130209,https://github.com/hmer-boop/multistage-affect/blob/main/data/release_subset_760/images/artmajeur/be2e4aa15c3e.jpg
ee4610588f3f,images_raw/ee4610588f3f.jpg,夏天,Summer,https://artist.artron.net/artists314; https://www.artmajeur.com/igor-shulman?view=grid&collections%5B%5D=1286191; https://www.artmajeur.com/irina-laube?view=grid&collections%5B%5D=1872800,https://github.com/hmer-boop/multistage-affect/blob/main/data/release_subset_760/images/artmajeur/ee4610588f3f.jpg
8b65e0c18de3,images_raw/8b65e0c18de3.jpg,早市,Morning Market,https://artist.artron.net/artists314; https://www.artmajeur.com/nga-tran?view=grid&collections%5B%5D=2287606,https://github.com/hmer-boop/multistage-affect/blob/main/data/release_subset_760/images/artmajeur/8b65e0c18de3.jpg
ff377c0bca2d,images_raw/ff377c0bca2d.jpg,秋水,Autumn Water,https://artist.artron.net/artists314; https://guanpuxue.artron.net/,
dca21e3fef6e,images_raw/dca21e3fef6e.jpg,可爱的一家人,A Lovely Family,https://artist.artron.net/artists23462/sale-0-0-0-1-1/,
1032c94dc26c,images_raw/1032c94dc26c.jpg,怒猫,Furious Cat,https://artist.artron.net/artists23462/sale-0-0-0-1-1/,
625823d46eb1,images_raw/625823d46eb1.jpg,母爱,Maternal Love,https://artist.artron.net/artists23462/sale-0-0-0-1-1/,
221db885cfc0,images_raw/221db885cfc0.jpg,生命之花,Flower of Life,https://artist.artron.net/artists23462/sale-0-0-0-1-1/,
d5932764f0aa,images_raw/d5932764f0aa.jpg,《泪海》,Sea of Tears,https://artist.artron.net/artists5391/sale-0-0-0-1-1/,
1d28721e715a,images_raw/1d28721e715a.jpg,水乡小镇,Waterside Town,https://artist.artron.net/artists5391/sale-0-0-0-1-1/,
853726305a18,images_raw/853726305a18.jpg,快乐,Joy,https://www.artmajeur.com/annabelle-amory?view=grid&collections%5B%5D=2064842,https://github.com/hmer-boop/multistage-affect/blob/main/data/release_subset_760/images/artmajeur/853726305a18.jpg
f7513c4b7f7f,images_raw/f7513c4b7f7f.jpg,爱丽丝,Alice,https://www.artmajeur.com/annabelle-amory?view=grid&collections%5B%5D=2064842,https://github.com/hmer-boop/multistage-affect/blob/main/data/release_subset_760/images/artmajeur/f7513c4b7f7f.jpg
72a078c649f4,images_raw/72a078c649f4.jpg,南尼巴,Nanny Bar,https://www.artmajeur.com/awe-haiwe?view=grid&collections%5B%5D=2197639,https://github.com/hmer-boop/multistage-affect/blob/main/data/release_subset_760/images/artmajeur/72a078c649f4.jpg
15b49eba10c4,images_raw/15b49eba10c4.jpg,孩子,Child,https://www.artmajeur.com/awe-haiwe?view=grid&collections%5B%5D=2197639,https://github.com/hmer-boop/multistage-affect/blob/main/data/release_subset_760/images/artmajeur/15b49eba10c4.jpg
71262447b9c5,images_raw/71262447b9c5.jpg,生活,Life,https://www.artmajeur.com/awe-haiwe?view=grid&collections%5B%5D=2197639,https://github.com/hmer-boop/multistage-affect/blob/main/data/release_subset_760/images/artmajeur/71262447b9c5.jpg
1d2dc99906a8,images_raw/1d2dc99906a8.jpg,《全球化·克隆》,Globalization·Clone,https://www.artmajeur.com/dags-vidulejs?view=grid&collections%5B%5D=2194390,https://github.com/hmer-boop/multistage-affect/blob/main/data/release_subset_760/images/artmajeur/1d2dc99906a8.jpg
8551ae7f80f7,images_raw/8551ae7f80f7.jpg,亿万恩典拯救世界,Billions of Graces Save the World,https://www.artmajeur.com/dags-vidulejs?view=grid&collections%5B%5D=2194390,https://github.com/hmer-boop/multistage-affect/blob/main/data/release_subset_760/images/artmajeur/8551ae7f80f7.jpg
da0956903985,images_raw/da0956903985.jpg,原子战争后的欧盟社会,Post-Atomic War European Union Society,https://www.artmajeur.com/dags-vidulejs?view=grid&collections%5B%5D=2194390,https://github.com/hmer-boop/multistage-affect/blob/main/data/release_subset_760/images/artmajeur/da0956903985.jpg
377ffc885c72,images_raw/377ffc885c72.jpg,和平使命：乌克兰与以色列,Peace Mission: Ukraine and Israel,https://www.artmajeur.com/dags-vidulejs?view=grid&collections%5B%5D=2194390,https://github.com/hmer-boop/multistage-affect/blob/main/data/release_subset_760/images/artmajeur/377ffc885c72.jpg
fdeb5e436b16,images_raw/fdeb5e436b16.jpg,埃隆·马斯克推特带来言论自由的希望,Elon Musk's Twitter Brings Hope for Free Speech,https://www.artmajeur.com/dags-vidulejs?view=grid&collections%5B%5D=2194390,https://github.com/hmer-boop/multistage-affect/blob/main/data/release_subset_760/images/artmajeur/fdeb5e436b16.jpg
a033b6741022,images_raw/a033b6741022.jpg,异恐症,异恐症,https://www.artmajeur.com/dags-vidulejs?view=grid&collections%5B%5D=2194390,https://github.com/hmer-boop/multistage-affect/blob/main/data/release_subset_760/images/artmajeur/a033b6741022.jpg
49491744a221,images_raw/49491744a221.jpg,欧盟议会. 真理部,European Parliament: Ministry of Truth,https://www.artmajeur.com/dags-vidulejs?view=grid&collections%5B%5D=2194390,https://github.com/hmer-boop/multistage-affect/blob/main/data/release_subset_760/images/artmajeur/49491744a221.jpg
2bb48deea443,images_raw/2bb48deea443.jpg,永恒的影响,Eternal Influence,https://www.artmajeur.com/dags-vidulejs?view=grid&collections%5B%5D=2194390,https://github.com/hmer-boop/multistage-affect/blob/main/data/release_subset_760/images/artmajeur/2bb48deea443.jpg
14b6eeb1d5ce,images_raw/14b6eeb1d5ce.jpg,涡轮爱国者的政治提议,Political Proposal of the Turbine Patriot,https://www.artmajeur.com/dags-vidulejs?view=grid&collections%5B%5D=2194390,https://github.com/hmer-boop/multistage-affect/blob/main/data/release_subset_760/images/artmajeur/14b6eeb1d5ce.jpg
115e1244e766,images_raw/115e1244e766.jpg,移民入侵,Immigrant Invasion,https://www.artmajeur.com/dags-vidulejs?view=grid&collections%5B%5D=2194390,https://github.com/hmer-boop/multistage-affect/blob/main/data/release_subset_760/images/artmajeur/115e1244e766.jpg
d5a7c286c606,images_raw/d5a7c286c606.jpg,酷女孩_酷普桑_天才女孩,"Cool Girl, Cool Pusan, Genius Girl",https://www.artmajeur.com/dags-vidulejs?view=grid&collections%5B%5D=2194390,https://github.com/hmer-boop/multistage-affect/blob/main/data/release_subset_760/images/artmajeur/d5a7c286c606.jpg
bfa34097d572,images_raw/bfa34097d572.jpg,救命,Lifesaver,https://www.artmajeur.com/igor-shulman?view=grid&collections%5B%5D=1286191,https://github.com/hmer-boop/multistage-affect/blob/main/data/release_subset_760/images/artmajeur/bfa34097d572.jpg
0d13932ce80b,images_raw/0d13932ce80b.jpg,我们的内心平静,Our Inner Peace,https://www.artmajeur.com/oluwapelumi-olaosun?view=grid&collections%5B%5D=2301889,https://github.com/hmer-boop/multistage-affect/blob/main/data/release_subset_760/images/artmajeur/0d13932ce80b.jpg
de3803386951,images_raw/de3803386951.jpg,遥远的孩子,Distant Child,https://www.artmajeur.com/oluwapelumi-olaosun?view=grid&collections%5B%5D=2301889,https://github.com/hmer-boop/multistage-affect/blob/main/data/release_subset_760/images/artmajeur/de3803386951.jpg
85f90c5f8af2,images_raw/85f90c5f8af2.jpg,力量,Strength,https://www.artmajeur.com/obey-shepard-fairey,https://github.com/hmer-boop/multistage-affect/blob/main/data/release_subset_760/images/artmajeur/85f90c5f8af2.jpg
949c8e718b2a,images_raw/949c8e718b2a.jpg,数字战争,Digital War,https://www.artmajeur.com/obey-shepard-fairey,https://github.com/hmer-boop/multistage-affect/blob/main/data/release_subset_760/images/artmajeur/949c8e718b2a.jpg
00efdeeb5602,images_raw/00efdeeb5602.jpg,暗潮,Undercurrent,https://www.artmajeur.com/obey-shepard-fairey,https://github.com/hmer-boop/multistage-affect/blob/main/data/release_subset_760/images/artmajeur/00efdeeb5602.jpg
abc40582ad32,images_raw/abc40582ad32.jpg,正义,Justice,https://www.artmajeur.com/obey-shepard-fairey,https://github.com/hmer-boop/multistage-affect/blob/main/data/release_subset_760/images/artmajeur/abc40582ad32.jpg
9d7a11e43bc7,images_raw/9d7a11e43bc7.jpg,吉祥长白山 (2),Auspicious Changbai Mountain (2),https://changshijiang.artron.net/works_index_1,
42f559ba1e60,images_raw/42f559ba1e60.jpg,大地&有意味的形 (2),Earth & Meaningful Form (2),https://changshijiang.artron.net/works_index_1,
e64dfeaed030,images_raw/e64dfeaed030.jpg,伊卡尔的堕落 2,Fall of Icarus 2,https://www.artmajeur.com/alain-vintenon?view=grid&collections%5B%5D=2312140,https://github.com/hmer-boop/multistage-affect/blob/main/data/release_subset_760/images/artmajeur/e64dfeaed030.jpg
336a7488f17c,images_raw/336a7488f17c.jpg,在乔万泉的沐浴,Bathing at Qiaowan Spring,https://www.artmajeur.com/alain-vintenon?view=grid&collections%5B%5D=2312140,https://github.com/hmer-boop/multistage-affect/blob/main/data/release_subset_760/images/artmajeur/336a7488f17c.jpg
0c4c376fd752,images_raw/0c4c376fd752.jpg,在无花果树荫下,In the Shade of the Fig Tree,https://www.artmajeur.com/alain-vintenon?view=grid&collections%5B%5D=2312140,https://github.com/hmer-boop/multistage-affect/blob/main/data/release_subset_760/images/artmajeur/0c4c376fd752.jpg
1278288f5df4,images_raw/1278288f5df4.jpg,沐浴中的黛安,Diana Bathing,https://www.artmajeur.com/alain-vintenon?view=grid&collections%5B%5D=2312140,https://github.com/hmer-boop/multistage-affect/blob/main/data/release_subset_760/images/artmajeur/1278288f5df4.jpg
5f11912239eb,images_raw/5f11912239eb.jpg,沉默的觉醒,Silent Awakening,https://www.artmajeur.com/senchenko?view=grid&collections%5B%5D=1872680,https://github.com/hmer-boop/multistage-affect/blob/main/data/release_subset_760/images/artmajeur/5f11912239eb.jpg
ab36ee798527,images_raw/ab36ee798527.jpg,泥土的拥抱,Embrace of the Earth,https://www.artmajeur.com/senchenko?view=grid&collections%5B%5D=1872680,https://github.com/hmer-boop/multistage-affect/blob/main/data/release_subset_760/images/artmajeur/ab36ee798527.jpg
23b89883c51a,images_raw/23b89883c51a.jpg,粉彩幻想,Pastel Fantasy,https://www.artmajeur.com/senchenko?view=grid&collections%5B%5D=1872680,https://github.com/hmer-boop/multistage-affect/blob/main/data/release_subset_760/images/artmajeur/23b89883c51a.jpg
fd5edd2aa3ce,images_raw/fd5edd2aa3ce.jpg,自然之路,Path of Nature,https://www.artmajeur.com/senchenko?view=grid&collections%5B%5D=1872680,https://github.com/hmer-boop/multistage-affect/blob/main/data/release_subset_760/images/artmajeur/fd5edd2aa3ce.jpg
5c8a823a1628,images_raw/5c8a823a1628.jpg,自然的脉动,Pulse of Nature,https://www.artmajeur.com/senchenko?view=grid&collections%5B%5D=1872680,https://github.com/hmer-boop/multistage-affect/blob/main/data/release_subset_760/images/artmajeur/5c8a823a1628.jpg
b7968aedadc5,images_raw/b7968aedadc5.jpg,花卉节奏,Floral Rhythm,https://www.artmajeur.com/senchenko?view=grid&collections%5B%5D=1872680,https://github.com/hmer-boop/multistage-affect/blob/main/data/release_subset_760/images/artmajeur/b7968aedadc5.jpg
63f27c874c93,images_raw/63f27c874c93.jpg,衰亡与重生,Decline and Rebirth,https://www.artmajeur.com/senchenko?view=grid&collections%5B%5D=1872680,https://github.com/hmer-boop/multistage-affect/blob/main/data/release_subset_760/images/artmajeur/63f27c874c93.jpg
eb4303a8bb3c,images_raw/eb4303a8bb3c.jpg,金色回声,Golden Echo,https://www.artmajeur.com/senchenko?view=grid&collections%5B%5D=1872680,https://github.com/hmer-boop/multistage-affect/blob/main/data/release_subset_760/images/artmajeur/eb4303a8bb3c.jpg
e28f63fde1bf,images_raw/e28f63fde1bf.jpg,金色降临,Golden Arrival,https://www.artmajeur.com/senchenko?view=grid&collections%5B%5D=1872680,https://github.com/hmer-boop/multistage-affect/blob/main/data/release_subset_760/images/artmajeur/e28f63fde1bf.jpg
438b3376f646,images_raw/438b3376f646.jpg,双生影,Doppelgänger,https://www.artmajeur.com/annabelle-amory?view=grid&collections%5B%5D=2064842,https://github.com/hmer-boop/multistage-affect/blob/main/data/release_subset_760/images/artmajeur/438b3376f646.jpg
763b7e1fa7f7,images_raw/763b7e1fa7f7.jpg,反面,Verso,https://www.artmajeur.com/annabelle-amory?view=grid&collections%5B%5D=2064842,https://github.com/hmer-boop/multistage-affect/blob/main/data/release_subset_760/images/artmajeur/763b7e1fa7f7.jpg
a9ede2db8793,images_raw/a9ede2db8793.jpg,喜悦,Joy,https://www.artmajeur.com/annabelle-amory?view=grid&collections%5B%5D=2064842,https://github.com/hmer-boop/multistage-affect/blob/main/data/release_subset_760/images/artmajeur/a9ede2db8793.jpg
0eab1a07395f,images_raw/0eab1a07395f.jpg,圣痕,Stigmate,https://www.artmajeur.com/annabelle-amory?view=grid&collections%5B%5D=2064842,https://github.com/hmer-boop/multistage-affect/blob/main/data/release_subset_760/images/artmajeur/0eab1a07395f.jpg
3a4939593c36,images_raw/3a4939593c36.jpg,在我皮肤上,Sur ma peau,https://www.artmajeur.com/annabelle-amory?view=grid&collections%5B%5D=2064842,https://github.com/hmer-boop/multistage-affect/blob/main/data/release_subset_760/images/artmajeur/3a4939593c36.jpg
33a514e2e078,images_raw/33a514e2e078.jpg,循环,Le Cycle,https://www.artmajeur.com/annabelle-amory?view=grid&collections%5B%5D=2064842,https://github.com/hmer-boop/multistage-affect/blob/main/data/release_subset_760/images/artmajeur/33a514e2e078.jpg
cf52f1ad0b48,images_raw/cf52f1ad0b48.jpg,日食,Eclipse,https://www.artmajeur.com/annabelle-amory?view=grid&collections%5B%5D=2064842,https://github.com/hmer-boop/multistage-affect/blob/main/data/release_subset_760/images/artmajeur/cf52f1ad0b48.jpg
982beaefa8b9,images_raw/982beaefa8b9.jpg,缓解,Rémission,https://www.artmajeur.com/annabelle-amory?view=grid&collections%5B%5D=2064842,https://github.com/hmer-boop/multistage-affect/blob/main/data/release_subset_760/images/artmajeur/982beaefa8b9.jpg
97ed6cda79b4,images_raw/97ed6cda79b4.jpg,耐心,Patient,https://www.artmajeur.com/annabelle-amory?view=grid&collections%5B%5D=2064842,https://github.com/hmer-boop/multistage-affect/blob/main/data/release_subset_760/images/artmajeur/97ed6cda79b4.jpg
2ebc385753bb,images_raw/2ebc385753bb.jpg,向上,Vers le haut,https://www.artmajeur.com/antoine-alran?view=grid&collections%5B%5D=2199799,https://github.com/hmer-boop/multistage-affect/blob/main/data/release_subset_760/images/artmajeur/2ebc385753bb.jpg
27f70741ed56,images_raw/27f70741ed56.jpg,我爱你,Ti Amo,https://www.artmajeur.com/antoine-alran?view=grid&collections%5B%5D=2199799,https://github.com/hmer-boop/multistage-affect/blob/main/data/release_subset_760/images/artmajeur/27f70741ed56.jpg
1312bd181e76,images_raw/1312bd181e76.jpg,找到你的光芒,Trouve ta lumière,https://www.artmajeur.com/antoine-alran?view=grid&collections%5B%5D=2199799,https://github.com/hmer-boop/multistage-affect/blob/main/data/release_subset_760/images/artmajeur/1312bd181e76.jpg
799739f79c3f,images_raw/799739f79c3f.jpg,抓住公牛的角,Prendre le taureau par les cornes,https://www.artmajeur.com/antoine-alran?view=grid&collections%5B%5D=2199799,https://github.com/hmer-boop/multistage-affect/blob/main/data/release_subset_760/images/artmajeur/799739f79c3f.jpg
19b57d09297c,images_raw/19b57d09297c.jpg,爱的科学,Sciences d'Amour,https://www.artmajeur.com/antoine-alran?view=grid&collections%5B%5D=2199799,https://github.com/hmer-boop/multistage-affect/blob/main/data/release_subset_760/images/artmajeur/19b57d09297c.jpg
e20f640cb640,images_raw/e20f640cb640.jpg,融合,Fusion,https://www.artmajeur.com/antoine-alran?view=grid&collections%5B%5D=2199799; https://www.artmajeur.com/robert-van-den-herik?view=grid&collections%5B0%5D=1744639&page=2,https://github.com/hmer-boop/multistage-affect/blob/main/data/release_subset_760/images/artmajeur/e20f640cb640.jpg
9d1567dbc357,images_raw/9d1567dbc357.jpg,梦幻风景,Dreamlike Landscape,https://www.artmajeur.com/aurelie-lafourcade?view=grid&collections%5B%5D=2408860,https://github.com/hmer-boop/multistage-affect/blob/main/data/release_subset_760/images/artmajeur/9d1567dbc357.jpg
30efa80e4b86,images_raw/30efa80e4b86.jpg,罂粟花,Poppy Flowers,https://www.artmajeur.com/aurelie-lafourcade?view=grid&collections%5B%5D=2408860,https://github.com/hmer-boop/multistage-affect/blob/main/data/release_subset_760/images/artmajeur/30efa80e4b86.jpg
7d6b6daa25ee,images_raw/7d6b6daa25ee.jpg,云豹,Clouded Leopard,https://www.artmajeur.com/bogdan-dide?view=grid&collections%5B%5D=1714582,https://github.com/hmer-boop/multistage-affect/blob/main/data/release_subset_760/images/artmajeur/7d6b6daa25ee.jpg
f842d398a03b,images_raw/f842d398a03b.jpg,感知的天界线索,Perceived Celestial Clues,https://www.artmajeur.com/bogdan-dide?view=grid&collections%5B%5D=1714582,https://github.com/hmer-boop/multistage-affect/blob/main/data/release_subset_760/images/artmajeur/f842d398a03b.jpg
632097cca1de,images_raw/632097cca1de.jpg,母亲斯瓦,Mother Sva,https://www.artmajeur.com/bogdan-dide?view=grid&collections%5B%5D=1714582,https://github.com/hmer-boop/multistage-affect/blob/main/data/release_subset_760/images/artmajeur/632097cca1de.jpg
a2cddf0e6eeb,images_raw/a2cddf0e6eeb.jpg,自我之蚀,Eclipse of the Self,https://www.artmajeur.com/bogdan-dide?view=grid&collections%5B%5D=1714582,https://github.com/hmer-boop/multistage-affect/blob/main/data/release_subset_760/images/artmajeur/a2cddf0e6eeb.jpg
83a6e1055dff,images_raw/83a6e1055dff.jpg,静默力量,Silent Strength,https://www.artmajeur.com/bogdan-dide?view=grid&collections%5B%5D=1714582,https://github.com/hmer-boop/multistage-affect/blob/main/data/release_subset_760/images/artmajeur/83a6e1055dff.jpg
1b88d140f870,images_raw/1b88d140f870.jpg,失落星辰的追寻,La quête d’un astre perdu,https://www.artmajeur.com/chloe-kaemmerer?view=grid&collections%5B%5D=2320546,https://github.com/hmer-boop/multistage-affect/blob/main/data/release_subset_760/images/artmajeur/1b88d140f870.jpg
c5c336fbf19a,images_raw/c5c336fbf19a.jpg,浪漫奇克,Romantchik,https://www.artmajeur.com/chloe-kaemmerer?view=grid&collections%5B%5D=2320546,https://github.com/hmer-boop/multistage-affect/blob/main/data/release_subset_760/images/artmajeur/c5c336fbf19a.jpg
30db275aa068,images_raw/30db275aa068.jpg,白色交响曲,White Symphony,https://www.artmajeur.com/chloe-kaemmerer?view=grid&collections%5B%5D=2320546,https://github.com/hmer-boop/multistage-affect/blob/main/data/release_subset_760/images/artmajeur/30db275aa068.jpg
c3ee5fe292f6,images_raw/c3ee5fe292f6.jpg,莎拉与幽灵,Sarah et les fantômes,https://www.artmajeur.com/chloe-kaemmerer?view=grid&collections%5B%5D=2320546,https://github.com/hmer-boop/multistage-affect/blob/main/data/release_subset_760/images/artmajeur/c3ee5fe292f6.jpg
824073da84f8,images_raw/824073da84f8.jpg,催眠,Hypnosis,https://www.artmajeur.com/claire-denarie-soffietti?view=grid&collections%5B%5D=2130209,https://github.com/hmer-boop/multistage-affect/blob/main/data/release_subset_760/images/artmajeur/824073da84f8.jpg
590fa755bc93,images_raw/590fa755bc93.jpg,安静,Quiet,https://www.artmajeur.com/claire-denarie-soffietti?view=grid&collections%5B%5D=2130209,https://github.com/hmer-boop/multistage-affect/blob/main/data/release_subset_760/images/artmajeur/590fa755bc93.jpg
7135699f8c2c,images_raw/7135699f8c2c.jpg,梦与睡衣,Dreams and Pajamas,https://www.artmajeur.com/claire-denarie-soffietti?view=grid&collections%5B%5D=2130209,https://github.com/hmer-boop/multistage-affect/blob/main/data/release_subset_760/images/artmajeur/7135699f8c2c.jpg
c1fd207b005e,images_raw/c1fd207b005e.jpg,梦中的地方,Place in a Dream,https://www.artmajeur.com/claire-denarie-soffietti?view=grid&collections%5B%5D=2130209,https://github.com/hmer-boop/multistage-affect/blob/main/data/release_subset_760/images/artmajeur/c1fd207b005e.jpg
e0b220b5846c,images_raw/e0b220b5846c.jpg,梦里的柠檬,Lemons in a Dream,https://www.artmajeur.com/claire-denarie-soffietti?view=grid&collections%5B%5D=2130209,https://github.com/hmer-boop/multistage-affect/blob/main/data/release_subset_760/images/artmajeur/e0b220b5846c.jpg
73991c17113e,images_raw/73991c17113e.jpg,绽放之潮,Tide of Bloom,https://www.artmajeur.com/claire-denarie-soffietti?view=grid&collections%5B%5D=2130209,https://github.com/hmer-boop/multistage-affect/blob/main/data/release_subset_760/images/artmajeur/73991c17113e.jpg
4ae8128f6886,images_raw/4ae8128f6886.jpg,藏匿游戏,Hide-and-Seek,https://www.artmajeur.com/claire-denarie-soffietti?view=grid&collections%5B%5D=2130209,https://github.com/hmer-boop/multistage-affect/blob/main/data/release_subset_760/images/artmajeur/4ae8128f6886.jpg
9c7819d47c8a,images_raw/9c7819d47c8a.jpg,为爱。蝴蝶舞。欣喜,PAR AMOUR. BUTTERFLIES DANCE. EIFORIA,https://www.artmajeur.com/dags-vidulejs?view=grid&collections%5B%5D=2194390,https://github.com/hmer-boop/multistage-affect/blob/main/data/release_subset_760/images/artmajeur/9c7819d47c8a.jpg
fc34ffd73288,images_raw/fc34ffd73288.jpg,人性生命探戈,HUMANITY LIFE TANGO,https://www.artmajeur.com/dags-vidulejs?view=grid&collections%5B%5D=2194390,https://github.com/hmer-boop/multistage-affect/blob/main/data/release_subset_760/images/artmajeur/fc34ffd73288.jpg
3c4d26a24330,images_raw/3c4d26a24330.jpg,全球化克隆,GLOBALISATION CLONES,https://www.artmajeur.com/dags-vidulejs?view=grid&collections%5B%5D=2194390,https://github.com/hmer-boop/multistage-affect/blob/main/data/release_subset_760/images/artmajeur/3c4d26a24330.jpg
c0a819759845,images_raw/c0a819759845.jpg,内外乐园,PARADISE IN & OUT,https://www.artmajeur.com/dags-vidulejs?view=grid&collections%5B%5D=2194390,https://github.com/hmer-boop/multistage-affect/blob/main/data/release_subset_760/images/artmajeur/c0a819759845.jpg
4950385295e8,images_raw/4950385295e8.jpg,只剩下欧洲，再次是革命,"Il ne reste plus que l'EUROPE, c'est à nouveau la Révolution",https://www.artmajeur.com/dags-vidulejs?view=grid&collections%5B%5D=2194390,https://github.com/hmer-boop/multistage-affect/blob/main/data/release_subset_760/images/artmajeur/4950385295e8.jpg
21b748333617,images_raw/21b748333617.jpg,圣诞童话,CHRISTMAS FAIRY TALE,https://www.artmajeur.com/dags-vidulejs?view=grid&collections%5B%5D=2194390,https://github.com/hmer-boop/multistage-affect/blob/main/data/release_subset_760/images/artmajeur/21b748333617.jpg
ffd85fec7db7,images_raw/ffd85fec7db7.jpg,快乐服从社会,HAPPY OBEDIENT SOCIETY,https://www.artmajeur.com/dags-vidulejs?view=grid&collections%5B%5D=2194390,https://github.com/hmer-boop/multistage-affect/blob/main/data/release_subset_760/images/artmajeur/ffd85fec7db7.jpg
5cf99f216350,images_raw/5cf99f216350.jpg,水下的里加沉没,Sinking Riga Underwater,https://www.artmajeur.com/dags-vidulejs?view=grid&collections%5B%5D=2194390,https://github.com/hmer-boop/multistage-affect/blob/main/data/release_subset_760/images/artmajeur/5cf99f216350.jpg
70c32c033765,images_raw/70c32c033765.jpg,火星的征服,Conquest of Mars,https://www.artmajeur.com/dags-vidulejs?view=grid&collections%5B%5D=2194390,https://github.com/hmer-boop/multistage-affect/blob/main/data/release_subset_760/images/artmajeur/70c32c033765.jpg
3a9207888e2e,images_raw/3a9207888e2e.jpg,爱将拯救世界,Love Will Save the World,https://www.artmajeur.com/dags-vidulejs?view=grid&collections%5B%5D=2194390,https://github.com/hmer-boop/multistage-affect/blob/main/data/release_subset_760/images/artmajeur/3a9207888e2e.jpg
24ba661732cd,images_raw/24ba661732cd.jpg,邻居的日常生活,EVERY DAY LIFE of NEIGHBORS,https://www.artmajeur.com/dags-vidulejs?view=grid&collections%5B%5D=2194390,https://github.com/hmer-boop/multistage-affect/blob/main/data/release_subset_760/images/artmajeur/24ba661732cd.jpg
a21c1775247d,images_raw/a21c1775247d.jpg,七位王子,I sette principáti,https://www.artmajeur.com/elisa-de-montis?view=grid&collections%5B%5D=2450866,https://github.com/hmer-boop/multistage-affect/blob/main/data/release_subset_760/images/artmajeur/a21c1775247d.jpg
3e6107998d5b,images_raw/3e6107998d5b.jpg,光,Luce,https://www.artmajeur.com/elisa-de-montis?view=grid&collections%5B%5D=2450866,https://github.com/hmer-boop/multistage-affect/blob/main/data/release_subset_760/images/artmajeur/3e6107998d5b.jpg
23bc9e46b629,images_raw/23bc9e46b629.jpg,如果我存在,Se io esisto,https://www.artmajeur.com/elisa-de-montis?view=grid&collections%5B%5D=2450866,https://github.com/hmer-boop/multistage-affect/blob/main/data/release_subset_760/images/artmajeur/23bc9e46b629.jpg
49d08e279c77,images_raw/49d08e279c77.jpg,时间的联合,L'Unione dei tempi,https://www.artmajeur.com/elisa-de-montis?view=grid&collections%5B%5D=2450866,https://github.com/hmer-boop/multistage-affect/blob/main/data/release_subset_760/images/artmajeur/49d08e279c77.jpg
c97b54472654,images_raw/c97b54472654.jpg,植物夜曲,Notturno vegetale,https://www.artmajeur.com/elisa-de-montis?view=grid&collections%5B%5D=2450866,https://github.com/hmer-boop/multistage-affect/blob/main/data/release_subset_760/images/artmajeur/c97b54472654.jpg
57b721da32a8,images_raw/57b721da32a8.jpg,甲虫,Lo Scarabeo,https://www.artmajeur.com/elisa-de-montis?view=grid&collections%5B%5D=2450866,https://github.com/hmer-boop/multistage-affect/blob/main/data/release_subset_760/images/artmajeur/57b721da32a8.jpg
2459c8d5cb74,images_raw/2459c8d5cb74.jpg,苍鹭,L'airone,https://www.artmajeur.com/elisa-de-montis?view=grid&collections%5B%5D=2450866,https://github.com/hmer-boop/multistage-affect/blob/main/data/release_subset_760/images/artmajeur/2459c8d5cb74.jpg
7a67b7debe77,images_raw/7a67b7debe77.jpg,姐妹之爱,Sisterly Love,https://www.artmajeur.com/ganiyat-abdulazeez?view=grid&collections%5B%5D=2121668,https://github.com/hmer-boop/multistage-affect/blob/main/data/release_subset_760/images/artmajeur/7a67b7debe77.jpg
cf6b89c7b86b,images_raw/cf6b89c7b86b.jpg,往昔的记忆,Memories of the Past,https://www.artmajeur.com/ganiyat-abdulazeez?view=grid&collections%5B%5D=2121668,https://github.com/hmer-boop/multistage-affect/blob/main/data/release_subset_760/images/artmajeur/cf6b89c7b86b.jpg
edd2983324cc,images_raw/edd2983324cc.jpg,改变不会在等待中到来,Change Will Not Come by Waiting,https://www.artmajeur.com/ganiyat-abdulazeez?view=grid&collections%5B%5D=2121668,https://github.com/hmer-boop/multistage-affect/blob/main/data/release_subset_760/images/artmajeur/edd2983324cc.jpg
6e2fe2c082f1,images_raw/6e2fe2c082f1.jpg,母亲的喜悦,Mother’s Joy,https://www.artmajeur.com/ganiyat-abdulazeez?view=grid&collections%5B%5D=2121668,https://github.com/hmer-boop/multistage-affect/blob/main/data/release_subset_760/images/artmajeur/6e2fe2c082f1.jpg
b2e9ba943c98,images_raw/b2e9ba943c98.jpg,治愈者也需要治愈,Healers Need Healing Too,https://www.artmajeur.com/ganiyat-abdulazeez?view=grid&collections%5B%5D=2121668,https://github.com/hmer-boop/multistage-affect/blob/main/data/release_subset_760/images/artmajeur/b2e9ba943c98.jpg
19973d5d3049,images_raw/19973d5d3049.jpg,班卓琴演奏者,Banjo Player,https://www.artmajeur.com/ganiyat-abdulazeez?view=grid&collections%5B%5D=2121668,https://github.com/hmer-boop/multistage-affect/blob/main/data/release_subset_760/images/artmajeur/19973d5d3049.jpg
b6c2cdc191a6,images_raw/b6c2cdc191a6.jpg,美丽无处不在,Beauty Is Everywhere,https://www.artmajeur.com/ganiyat-abdulazeez?view=grid&collections%5B%5D=2121668,https://github.com/hmer-boop/multistage-affect/blob/main/data/release_subset_760/images/artmajeur/b6c2cdc191a6.jpg
4608fd34f358,images_raw/4608fd34f358.jpg,美丽的白癜风女士,Beautiful Lady with Vitiligo,https://www.artmajeur.com/ganiyat-abdulazeez?view=grid&collections%5B%5D=2121668,https://github.com/hmer-boop/multistage-affect/blob/main/data/release_subset_760/images/artmajeur/4608fd34f358.jpg
2b5451ec845e,images_raw/2b5451ec845e.jpg,不是最好的肖像。,Not the Best Portrait,https://www.artmajeur.com/igor-shulman?view=grid&collections%5B%5D=1286191,https://github.com/hmer-boop/multistage-affect/blob/main/data/release_subset_760/images/artmajeur/2b5451ec845e.jpg
46f968491696,images_raw/46f968491696.jpg,低潮,Low Tide,https://www.artmajeur.com/igor-shulman?view=grid&collections%5B%5D=1286191,https://github.com/hmer-boop/multistage-affect/blob/main/data/release_subset_760/images/artmajeur/46f968491696.jpg
37c03019096a,images_raw/37c03019096a.jpg,关于人和鸟,About Humans and Birds,https://www.artmajeur.com/igor-shulman?view=grid&collections%5B%5D=1286191,https://github.com/hmer-boop/multistage-affect/blob/main/data/release_subset_760/images/artmajeur/37c03019096a.jpg
6095f4d7a743,images_raw/6095f4d7a743.jpg,在山丘上行走,Walking on the Hills,https://www.artmajeur.com/igor-shulman?view=grid&collections%5B%5D=1286191,https://github.com/hmer-boop/multistage-affect/blob/main/data/release_subset_760/images/artmajeur/6095f4d7a743.jpg
9a1e0ee6d44a,images_raw/9a1e0ee6d44a.jpg,城市。清晨。,City. Morning.,https://www.artmajeur.com/igor-shulman?view=grid&collections%5B%5D=1286191,https://github.com/hmer-boop/multistage-affect/blob/main/data/release_subset_760/images/artmajeur/9a1e0ee6d44a.jpg
5d2e000b99ed,images_raw/5d2e000b99ed.jpg,沉重的行李箱,Heavy Suitcase,https://www.artmajeur.com/igor-shulman?view=grid&collections%5B%5D=1286191,https://github.com/hmer-boop/multistage-affect/blob/main/data/release_subset_760/images/artmajeur/5d2e000b99ed.jpg
2957000c7eb1,images_raw/2957000c7eb1.jpg,爸爸的喇叭,Dad’s Trumpet,https://www.artmajeur.com/igor-shulman?view=grid&collections%5B%5D=1286191,https://github.com/hmer-boop/multistage-affect/blob/main/data/release_subset_760/images/artmajeur/2957000c7eb1.jpg
a091be5aafe2,images_raw/a091be5aafe2.jpg,生命的最后一天,The Last Day of Life,https://www.artmajeur.com/igor-shulman?view=grid&collections%5B%5D=1286191,https://github.com/hmer-boop/multistage-affect/blob/main/data/release_subset_760/images/artmajeur/a091be5aafe2.jpg
d547f0d4800f,images_raw/d547f0d4800f.jpg,等待假期,Waiting for the Holidays,https://www.artmajeur.com/igor-shulman?view=grid&collections%5B%5D=1286191,https://github.com/hmer-boop/multistage-affect/blob/main/data/release_subset_760/images/artmajeur/d547f0d4800f.jpg
f75c28d0cbee,images_raw/f75c28d0cbee.jpg,跳高,High Jump,https://www.artmajeur.com/igor-shulman?view=grid&collections%5B%5D=1286191,https://github.com/hmer-boop/multistage-affect/blob/main/data/release_subset_760/images/artmajeur/f75c28d0cbee.jpg
d52e0cbba086,images_raw/d52e0cbba086.jpg,边界,Boundaries,https://www.artmajeur.com/igor-shulman?view=grid&collections%5B%5D=1286191,https://github.com/hmer-boop/multistage-affect/blob/main/data/release_subset_760/images/artmajeur/d52e0cbba086.jpg
418d386d3c7f,images_raw/418d386d3c7f.jpg,邻居们,Neighbors,https://www.artmajeur.com/igor-shulman?view=grid&collections%5B%5D=1286191,https://github.com/hmer-boop/multistage-affect/blob/main/data/release_subset_760/images/artmajeur/418d386d3c7f.jpg
27f77a412f5b,images_raw/27f77a412f5b.jpg,项目_车站_ #18,Project Station #18,https://www.artmajeur.com/igor-shulman?view=grid&collections%5B%5D=1286191,https://github.com/hmer-boop/multistage-affect/blob/main/data/release_subset_760/images/artmajeur/27f77a412f5b.jpg
280f3c27a098,images_raw/280f3c27a098.jpg,鱼生 #3,Fish Life #3,https://www.artmajeur.com/igor-shulman?view=grid&collections%5B%5D=1286191,https://github.com/hmer-boop/multistage-affect/blob/main/data/release_subset_760/images/artmajeur/280f3c27a098.jpg
44b1f11fdaae,images_raw/44b1f11fdaae.jpg,三重奏,Trio,https://www.artmajeur.com/jean-luc-michon?view=grid&collections%5B%5D=2220361,https://github.com/hmer-boop/multistage-affect/blob/main/data/release_subset_760/images/artmajeur/44b1f11fdaae.jpg
e74553f57e8e,images_raw/e74553f57e8e.jpg,上瘾 5,Addiction 5,https://www.artmajeur.com/jean-luc-michon?view=grid&collections%5B%5D=2220361,https://github.com/hmer-boop/multistage-affect/blob/main/data/release_subset_760/images/artmajeur/e74553f57e8e.jpg
b17675cc0db9,images_raw/b17675cc0db9.jpg,发型师 1,Hairdresser 1,https://www.artmajeur.com/jean-luc-michon?view=grid&collections%5B%5D=2220361,https://github.com/hmer-boop/multistage-affect/blob/main/data/release_subset_760/images/artmajeur/b17675cc0db9.jpg
00c441a09cf5,images_raw/00c441a09cf5.jpg,教父 1,The Godfather 1,https://www.artmajeur.com/jean-luc-michon?view=grid&collections%5B%5D=2220361,https://github.com/hmer-boop/multistage-affect/blob/main/data/release_subset_760/images/artmajeur/00c441a09cf5.jpg
27a5455d0df0,images_raw/27a5455d0df0.jpg,新波普 1,New Pop 1,https://www.artmajeur.com/jean-luc-michon?view=grid&collections%5B%5D=2220361,https://github.com/hmer-boop/multistage-affect/blob/main/data/release_subset_760/images/artmajeur/27a5455d0df0.jpg
ae1f62637d2b,images_raw/ae1f62637d2b.jpg,爵士乐队 1,Jazz Band 1,https://www.artmajeur.com/jean-luc-michon?view=grid&collections%5B%5D=2220361,https://github.com/hmer-boop/multistage-affect/blob/main/data/release_subset_760/images/artmajeur/ae1f62637d2b.jpg
ec449caa9784,images_raw/ec449caa9784.jpg,琼斯夫人 1,Mrs. Jones 1,https://www.artmajeur.com/jean-luc-michon?view=grid&collections%5B%5D=2220361,https://github.com/hmer-boop/multistage-affect/blob/main/data/release_subset_760/images/artmajeur/ec449caa9784.jpg
ce734acc96a2,images_raw/ce734acc96a2.jpg,东方之夜,Eastern Night,https://www.artmajeur.com/jean-humbert-savoldelli?view=grid&collections%5B%5D=1607818,https://github.com/hmer-boop/multistage-affect/blob/main/data/release_subset_760/images/artmajeur/ce734acc96a2.jpg
7d189d6c0f1a,images_raw/7d189d6c0f1a.jpg,乐队,The Band,https://www.artmajeur.com/jean-humbert-savoldelli?view=grid&collections%5B%5D=1607818,https://github.com/hmer-boop/multistage-affect/blob/main/data/release_subset_760/images/artmajeur/7d189d6c0f1a.jpg
7abd4bc6b427,images_raw/7abd4bc6b427.jpg,交错舞步,Interlaced Dance Steps,https://www.artmajeur.com/jean-humbert-savoldelli?view=grid&collections%5B%5D=1607818,https://github.com/hmer-boop/multistage-affect/blob/main/data/release_subset_760/images/artmajeur/7abd4bc6b427.jpg
ad055fc89458,images_raw/ad055fc89458.jpg,公共花园,Public Garden,https://www.artmajeur.com/jean-humbert-savoldelli?view=grid&collections%5B%5D=1607818,https://github.com/hmer-boop/multistage-affect/blob/main/data/release_subset_760/images/artmajeur/ad055fc89458.jpg
4aab7939c10d,images_raw/4aab7939c10d.jpg,共生,Symbiosis,https://www.artmajeur.com/jean-humbert-savoldelli?view=grid&collections%5B%5D=1607818,https://github.com/hmer-boop/multistage-affect/blob/main/data/release_subset_760/images/artmajeur/4aab7939c10d.jpg
0a54c75717ec,images_raw/0a54c75717ec.jpg,几乎某种东西,Almost Something,https://www.artmajeur.com/jean-humbert-savoldelli?view=grid&collections%5B%5D=1607818,https://github.com/hmer-boop/multistage-affect/blob/main/data/release_subset_760/images/artmajeur/0a54c75717ec.jpg
6a2d57cd5388,images_raw/6a2d57cd5388.jpg,反弹,Rebound,https://www.artmajeur.com/jean-humbert-savoldelli?view=grid&collections%5B%5D=1607818,https://github.com/hmer-boop/multistage-affect/blob/main/data/release_subset_760/images/artmajeur/6a2d57cd5388.jpg
b38ea6b2f3f9,images_raw/b38ea6b2f3f9.jpg,吻,Kiss,https://www.artmajeur.com/jean-humbert-savoldelli?view=grid&collections%5B%5D=1607818,https://github.com/hmer-boop/multistage-affect/blob/main/data/release_subset_760/images/artmajeur/b38ea6b2f3f9.jpg
bd744b0b6982,images_raw/bd744b0b6982.jpg,地下墓穴,Catacombs,https://www.artmajeur.com/jean-humbert-savoldelli?view=grid&collections%5B%5D=1607818,https://github.com/hmer-boop/multistage-affect/blob/main/data/release_subset_760/images/artmajeur/bd744b0b6982.jpg
ff71212c1d6f,images_raw/ff71212c1d6f.jpg,如铅般的滋味,A Leaden Taste,https://www.artmajeur.com/jean-humbert-savoldelli?view=grid&collections%5B%5D=1607818,https://github.com/hmer-boop/multistage-affect/blob/main/data/release_subset_760/images/artmajeur/ff71212c1d6f.jpg
cc17613b2be1,images_raw/cc17613b2be1.jpg,就像在下雨一样,As If It Were Raining,https://www.artmajeur.com/jean-humbert-savoldelli?view=grid&collections%5B%5D=1607818,https://github.com/hmer-boop/multistage-affect/blob/main/data/release_subset_760/images/artmajeur/cc17613b2be1.jpg
01d0c51f3d96,images_raw/01d0c51f3d96.jpg,山谷中的沉睡者,Sleeper in the Valley,https://www.artmajeur.com/jean-humbert-savoldelli?view=grid&collections%5B%5D=1607818,https://github.com/hmer-boop/multistage-affect/blob/main/data/release_subset_760/images/artmajeur/01d0c51f3d96.jpg
81a96f053e8f,images_raw/81a96f053e8f.jpg,帆,Sail,https://www.artmajeur.com/jean-humbert-savoldelli?view=grid&collections%5B%5D=1607818,https://github.com/hmer-boop/multistage-affect/blob/main/data/release_subset_760/images/artmajeur/81a96f053e8f.jpg
9331e1ff3566,images_raw/9331e1ff3566.jpg,平行线,Parallel Lines,https://www.artmajeur.com/jean-humbert-savoldelli?view=grid&collections%5B%5D=1607818,https://github.com/hmer-boop/multistage-affect/blob/main/data/release_subset_760/images/artmajeur/9331e1ff3566.jpg
0c4618751279,images_raw/0c4618751279.jpg,幸运男孩,Lucky Boy,https://www.artmajeur.com/jean-humbert-savoldelli?view=grid&collections%5B%5D=1607818,https://github.com/hmer-boop/multistage-affect/blob/main/data/release_subset_760/images/artmajeur/0c4618751279.jpg
5cc9e4ef008b,images_raw/5cc9e4ef008b.jpg,建筑纹理 2025,Architectural Texture 2025,https://www.artmajeur.com/jean-humbert-savoldelli?view=grid&collections%5B%5D=1607818,https://github.com/hmer-boop/multistage-affect/blob/main/data/release_subset_760/images/artmajeur/5cc9e4ef008b.jpg
fea17cf6dcb3,images_raw/fea17cf6dcb3.jpg,我们回来了,We Are Back,https://www.artmajeur.com/jean-humbert-savoldelli?view=grid&collections%5B%5D=1607818,https://github.com/hmer-boop/multistage-affect/blob/main/data/release_subset_760/images/artmajeur/fea17cf6dcb3.jpg
134956295e53,images_raw/134956295e53.jpg,抽烟致死,Smoking Kills,https://www.artmajeur.com/jean-humbert-savoldelli?view=grid&collections%5B%5D=1607818,https://github.com/hmer-boop/multistage-affect/blob/main/data/release_subset_760/images/artmajeur/134956295e53.jpg
b29fc468059d,images_raw/b29fc468059d.jpg,斗牛士,Matador,https://www.artmajeur.com/jean-humbert-savoldelli?view=grid&collections%5B%5D=1607818,https://github.com/hmer-boop/multistage-affect/blob/main/data/release_subset_760/images/artmajeur/b29fc468059d.jpg
f1ff0c6ffd13,images_raw/f1ff0c6ffd13.jpg,旗帜,Flag,https://www.artmajeur.com/jean-humbert-savoldelli?view=grid&collections%5B%5D=1607818,https://github.com/hmer-boop/multistage-affect/blob/main/data/release_subset_760/images/artmajeur/f1ff0c6ffd13.jpg
973d4c876c05,images_raw/973d4c876c05.jpg,时间的气息,Breath of Time,https://www.artmajeur.com/jean-humbert-savoldelli?view=grid&collections%5B%5D=1607818,https://github.com/hmer-boop/multistage-affect/blob/main/data/release_subset_760/images/artmajeur/973d4c876c05.jpg
954c5208a895,images_raw/954c5208a895.jpg,最后的光芒,Last Light,https://www.artmajeur.com/jean-humbert-savoldelli?view=grid&collections%5B%5D=1607818,https://github.com/hmer-boop/multistage-affect/blob/main/data/release_subset_760/images/artmajeur/954c5208a895.jpg
5ddc1f67ecc3,images_raw/5ddc1f67ecc3.jpg,月之泪,Tears of the Moon,https://www.artmajeur.com/jean-humbert-savoldelli?view=grid&collections%5B%5D=1607818,https://github.com/hmer-boop/multistage-affect/blob/main/data/release_subset_760/images/artmajeur/5ddc1f67ecc3.jpg
890430c0aedf,images_raw/890430c0aedf.jpg,朝圣者,Pilgrim,https://www.artmajeur.com/jean-humbert-savoldelli?view=grid&collections%5B%5D=1607818,https://github.com/hmer-boop/multistage-affect/blob/main/data/release_subset_760/images/artmajeur/890430c0aedf.jpg
0cf80c920c66,images_raw/0cf80c920c66.jpg,求救信号,Distress Signal,https://www.artmajeur.com/jean-humbert-savoldelli?view=grid&collections%5B%5D=1607818,https://github.com/hmer-boop/multistage-affect/blob/main/data/release_subset_760/images/artmajeur/0cf80c920c66.jpg
e2bcfbd50bd1,images_raw/e2bcfbd50bd1.jpg,游戏,Game,https://www.artmajeur.com/jean-humbert-savoldelli?view=grid&collections%5B%5D=1607818,https://github.com/hmer-boop/multistage-affect/blob/main/data/release_subset_760/images/artmajeur/e2bcfbd50bd1.jpg
264c9ff6dc63,images_raw/264c9ff6dc63.jpg,潮流,Trend,https://www.artmajeur.com/jean-humbert-savoldelli?view=grid&collections%5B%5D=1607818,https://github.com/hmer-boop/multistage-affect/blob/main/data/release_subset_760/images/artmajeur/264c9ff6dc63.jpg
d86a6c68da14,images_raw/d86a6c68da14.jpg,甜美花园,Sweet Garden,https://www.artmajeur.com/jean-humbert-savoldelli?view=grid&collections%5B%5D=1607818,https://github.com/hmer-boop/multistage-affect/blob/main/data/release_subset_760/images/artmajeur/d86a6c68da14.jpg
40012f7f4cee,images_raw/40012f7f4cee.jpg,竞赛,Competition,https://www.artmajeur.com/jean-humbert-savoldelli?view=grid&collections%5B%5D=1607818,https://github.com/hmer-boop/multistage-affect/blob/main/data/release_subset_760/images/artmajeur/40012f7f4cee.jpg
215a472ccd19,images_raw/215a472ccd19.jpg,紧急情况,Emergency,https://www.artmajeur.com/jean-humbert-savoldelli?view=grid&collections%5B%5D=1607818,https://github.com/hmer-boop/multistage-affect/blob/main/data/release_subset_760/images/artmajeur/215a472ccd19.jpg
3f4d866d8210,images_raw/3f4d866d8210.jpg,繁茂,Flourishing,https://www.artmajeur.com/jean-humbert-savoldelli?view=grid&collections%5B%5D=1607818,https://github.com/hmer-boop/multistage-affect/blob/main/data/release_subset_760/images/artmajeur/3f4d866d8210.jpg
1ed46f60b84c,images_raw/1ed46f60b84c.jpg,红色故事,Red Story,https://www.artmajeur.com/jean-humbert-savoldelli?view=grid&collections%5B%5D=1607818,https://github.com/hmer-boop/multistage-affect/blob/main/data/release_subset_760/images/artmajeur/1ed46f60b84c.jpg
4f4009806f6f,images_raw/4f4009806f6f.jpg,红色的影响,Red Influence,https://www.artmajeur.com/jean-humbert-savoldelli?view=grid&collections%5B%5D=1607818,https://github.com/hmer-boop/multistage-affect/blob/main/data/release_subset_760/images/artmajeur/4f4009806f6f.jpg
1326b9be9daf,images_raw/1326b9be9daf.jpg,绿色和谐,Green Harmony,https://www.artmajeur.com/jean-humbert-savoldelli?view=grid&collections%5B%5D=1607818,https://github.com/hmer-boop/multistage-affect/blob/main/data/release_subset_760/images/artmajeur/1326b9be9daf.jpg
205b0cad1622,images_raw/205b0cad1622.jpg,美丽女孩,Beautiful Girl,https://www.artmajeur.com/jean-humbert-savoldelli?view=grid&collections%5B%5D=1607818,https://github.com/hmer-boop/multistage-affect/blob/main/data/release_subset_760/images/artmajeur/205b0cad1622.jpg
278e7fc8093e,images_raw/278e7fc8093e.jpg,美丽的邂逅（波普艺术系列）,Beautiful Encounter (Pop Art Series),https://www.artmajeur.com/jean-humbert-savoldelli?view=grid&collections%5B%5D=1607818,https://github.com/hmer-boop/multistage-affect/blob/main/data/release_subset_760/images/artmajeur/278e7fc8093e.jpg
7efde0416584,images_raw/7efde0416584.jpg,蓝色空间,Blue Space,https://www.artmajeur.com/jean-humbert-savoldelli?view=grid&collections%5B%5D=1607818,https://github.com/hmer-boop/multistage-affect/blob/main/data/release_subset_760/images/artmajeur/7efde0416584.jpg
0cb8281a6340,images_raw/0cb8281a6340.jpg,行走的道路,The Road Walked,https://www.artmajeur.com/jean-humbert-savoldelli?view=grid&collections%5B%5D=1607818,https://github.com/hmer-boop/multistage-affect/blob/main/data/release_subset_760/images/artmajeur/0cb8281a6340.jpg
f15cf677e4db,images_raw/f15cf677e4db.jpg,表象与透明（几何系列）,Appearance and Transparency (Geometric Series),https://www.artmajeur.com/jean-humbert-savoldelli?view=grid&collections%5B%5D=1607818,https://github.com/hmer-boop/multistage-affect/blob/main/data/release_subset_760/images/artmajeur/f15cf677e4db.jpg
fbb6afb33008,images_raw/fbb6afb33008.jpg,跟随我,Follow Me,https://www.artmajeur.com/jean-humbert-savoldelli?view=grid&collections%5B%5D=1607818,https://github.com/hmer-boop/multistage-affect/blob/main/data/release_subset_760/images/artmajeur/fbb6afb33008.jpg
01cf68b3e4d7,images_raw/01cf68b3e4d7.jpg,逆风,Against the Wind,https://www.artmajeur.com/jean-humbert-savoldelli?view=grid&collections%5B%5D=1607818,https://github.com/hmer-boop/multistage-affect/blob/main/data/release_subset_760/images/artmajeur/01cf68b3e4d7.jpg
25e948ee6e29,images_raw/25e948ee6e29.jpg,金婚庆典,Golden Wedding Celebration,https://www.artmajeur.com/jean-humbert-savoldelli?view=grid&collections%5B%5D=1607818,https://github.com/hmer-boop/multistage-affect/blob/main/data/release_subset_760/images/artmajeur/25e948ee6e29.jpg
113768c9c7f6,images_raw/113768c9c7f6.jpg,阿尔班永恒,Eternal Alban,https://www.artmajeur.com/jean-humbert-savoldelli?view=grid&collections%5B%5D=1607818,https://github.com/hmer-boop/multistage-affect/blob/main/data/release_subset_760/images/artmajeur/113768c9c7f6.jpg
eceb28d72fd4,images_raw/eceb28d72fd4.jpg,黄金武士,Golden Warrior,https://www.artmajeur.com/jean-humbert-savoldelli?view=grid&collections%5B%5D=1607818,https://github.com/hmer-boop/multistage-affect/blob/main/data/release_subset_760/images/artmajeur/eceb28d72fd4.jpg
ffd8d1668aa7,images_raw/ffd8d1668aa7.jpg,黎明的金色,Golden Dawn,https://www.artmajeur.com/jean-humbert-savoldelli?view=grid&collections%5B%5D=1607818,https://github.com/hmer-boop/multistage-affect/blob/main/data/release_subset_760/images/artmajeur/ffd8d1668aa7.jpg
32cddc9cd852,images_raw/32cddc9cd852.jpg,黑暗,Darkness,https://www.artmajeur.com/jean-humbert-savoldelli?view=grid&collections%5B%5D=1607818,https://github.com/hmer-boop/multistage-affect/blob/main/data/release_subset_760/images/artmajeur/32cddc9cd852.jpg
f2f42e1ee6d2,images_raw/f2f42e1ee6d2.jpg,脆弱,Fragile,https://www.artmajeur.com/jean-humbert-savoldelli?view=grid&collections%5B%5D=1607818; https://www.artmajeur.com/milos-hronec?view=grid&collections%5B%5D=2390674,https://github.com/hmer-boop/multistage-affect/blob/main/data/release_subset_760/images/artmajeur/f2f42e1ee6d2.jpg
987d421e3ec9,images_raw/987d421e3ec9.jpg,在战斗中,In Battle,https://www.artmajeur.com/jeremie-camus?view=grid&collections%5B%5D=2238868,https://github.com/hmer-boop/multistage-affect/blob/main/data/release_subset_760/images/artmajeur/987d421e3ec9.jpg
45a7366dd41a,images_raw/45a7366dd41a.jpg,转化,Transformation,https://www.artmajeur.com/jeremie-camus?view=grid&collections%5B%5D=2238868,https://github.com/hmer-boop/multistage-affect/blob/main/data/release_subset_760/images/artmajeur/45a7366dd41a.jpg
3c9507b98c9a,images_raw/3c9507b98c9a.jpg,橄榄树,Olive Tree,https://www.artmajeur.com/manolis-maridakis?view=grid&collections%5B%5D=2471758,https://github.com/hmer-boop/multistage-affect/blob/main/data/release_subset_760/images/artmajeur/3c9507b98c9a.jpg
39873a36bcf9,images_raw/39873a36bcf9.jpg,胜利之步,Step of Victory,https://www.artmajeur.com/manolis-maridakis?view=grid&collections%5B%5D=2471758,https://github.com/hmer-boop/multistage-affect/blob/main/data/release_subset_760/images/artmajeur/39873a36bcf9.jpg
35eb9ca69596,images_raw/35eb9ca69596.jpg,阿波罗纳的敬意,Homage to Apollonia,https://www.artmajeur.com/manolis-maridakis?view=grid&collections%5B%5D=2471758,https://github.com/hmer-boop/multistage-affect/blob/main/data/release_subset_760/images/artmajeur/35eb9ca69596.jpg
748bb34ebcd9,images_raw/748bb34ebcd9.jpg,一个错误,A Mistake,https://www.artmajeur.com/milos-hronec?view=grid&collections%5B%5D=2390674,https://github.com/hmer-boop/multistage-affect/blob/main/data/release_subset_760/images/artmajeur/748bb34ebcd9.jpg
d55f65df7a2d,images_raw/d55f65df7a2d.jpg,不可得性,Unattainability,https://www.artmajeur.com/milos-hronec?view=grid&collections%5B%5D=2390674,https://github.com/hmer-boop/multistage-affect/blob/main/data/release_subset_760/images/artmajeur/d55f65df7a2d.jpg
edc0c121e913,images_raw/edc0c121e913.jpg,亲密的幸福感,Intimate Happiness,https://www.artmajeur.com/milos-hronec?view=grid&collections%5B%5D=2390674,https://github.com/hmer-boop/multistage-affect/blob/main/data/release_subset_760/images/artmajeur/edc0c121e913.jpg
a49a0ae8afb3,images_raw/a49a0ae8afb3.jpg,人骨,Human Bones,https://www.artmajeur.com/milos-hronec?view=grid&collections%5B%5D=2390674,https://github.com/hmer-boop/multistage-affect/blob/main/data/release_subset_760/images/artmajeur/a49a0ae8afb3.jpg
14791f349980,images_raw/14791f349980.jpg,仅此一次,Just This Once,https://www.artmajeur.com/milos-hronec?view=grid&collections%5B%5D=2390674,https://github.com/hmer-boop/multistage-affect/blob/main/data/release_subset_760/images/artmajeur/14791f349980.jpg
6d8969f1935f,images_raw/6d8969f1935f.jpg,偶蹄目,Artiodactyla,https://www.artmajeur.com/milos-hronec?view=grid&collections%5B%5D=2390674,https://github.com/hmer-boop/multistage-affect/blob/main/data/release_subset_760/images/artmajeur/6d8969f1935f.jpg
5b11d0fc4518,images_raw/5b11d0fc4518.jpg,分裂的人,Divided Man,https://www.artmajeur.com/milos-hronec?view=grid&collections%5B%5D=2390674,https://github.com/hmer-boop/multistage-affect/blob/main/data/release_subset_760/images/artmajeur/5b11d0fc4518.jpg
d0ed824d516f,images_raw/d0ed824d516f.jpg,压力,Pressure,https://www.artmajeur.com/milos-hronec?view=grid&collections%5B%5D=2390674,https://github.com/hmer-boop/multistage-affect/blob/main/data/release_subset_760/images/artmajeur/d0ed824d516f.jpg
a48245b8db6d,images_raw/a48245b8db6d.jpg,呐喊,The Scream,https://www.artmajeur.com/milos-hronec?view=grid&collections%5B%5D=2390674,https://github.com/hmer-boop/multistage-affect/blob/main/data/release_subset_760/images/artmajeur/a48245b8db6d.jpg
9aa30ffddf51,images_raw/9aa30ffddf51.jpg,和平与混沌,Peace and Chaos,https://www.artmajeur.com/milos-hronec?view=grid&collections%5B%5D=2390674,https://github.com/hmer-boop/multistage-affect/blob/main/data/release_subset_760/images/artmajeur/9aa30ffddf51.jpg
efe5131a57bc,images_raw/efe5131a57bc.jpg,哺乳动物,Mammal,https://www.artmajeur.com/milos-hronec?view=grid&collections%5B%5D=2390674,https://github.com/hmer-boop/multistage-affect/blob/main/data/release_subset_760/images/artmajeur/efe5131a57bc.jpg
f1e60bf147cb,images_raw/f1e60bf147cb.jpg,困惑,Confusion,https://www.artmajeur.com/milos-hronec?view=grid&collections%5B%5D=2390674,https://github.com/hmer-boop/multistage-affect/blob/main/data/release_subset_760/images/artmajeur/f1e60bf147cb.jpg
b6a9dd8b160d,images_raw/b6a9dd8b160d.jpg,多肉植物,Succulents,https://www.artmajeur.com/milos-hronec?view=grid&collections%5B%5D=2390674,https://github.com/hmer-boop/multistage-affect/blob/main/data/release_subset_760/images/artmajeur/b6a9dd8b160d.jpg
41e97cfdcf7d,images_raw/41e97cfdcf7d.jpg,奉献,Dedication,https://www.artmajeur.com/milos-hronec?view=grid&collections%5B%5D=2390674,https://github.com/hmer-boop/multistage-affect/blob/main/data/release_subset_760/images/artmajeur/41e97cfdcf7d.jpg
8504dfc707f1,images_raw/8504dfc707f1.jpg,存在危机,Existential Crisis,https://www.artmajeur.com/milos-hronec?view=grid&collections%5B%5D=2390674,https://github.com/hmer-boop/multistage-affect/blob/main/data/release_subset_760/images/artmajeur/8504dfc707f1.jpg
0b504a914864,images_raw/0b504a914864.jpg,孤独的十三种形式,Thirteen Forms of Loneliness,https://www.artmajeur.com/milos-hronec?view=grid&collections%5B%5D=2390674,https://github.com/hmer-boop/multistage-affect/blob/main/data/release_subset_760/images/artmajeur/0b504a914864.jpg
d23e017b119b,images_raw/d23e017b119b.jpg,幻想,Fantasy,https://www.artmajeur.com/milos-hronec?view=grid&collections%5B%5D=2390674,https://github.com/hmer-boop/multistage-affect/blob/main/data/release_subset_760/images/artmajeur/d23e017b119b.jpg
d151d21d8c93,images_raw/d151d21d8c93.jpg,快乐舞蹈,Happy Dance,https://www.artmajeur.com/milos-hronec?view=grid&collections%5B%5D=2390674,https://github.com/hmer-boop/multistage-affect/blob/main/data/release_subset_760/images/artmajeur/d151d21d8c93.jpg
698916fa730e,images_raw/698916fa730e.jpg,恐惧与美丽,Fear and Beauty,https://www.artmajeur.com/milos-hronec?view=grid&collections%5B%5D=2390674,https://github.com/hmer-boop/multistage-affect/blob/main/data/release_subset_760/images/artmajeur/698916fa730e.jpg
1da515468f53,images_raw/1da515468f53.jpg,恐龙,Dinosaur,https://www.artmajeur.com/milos-hronec?view=grid&collections%5B%5D=2390674,https://github.com/hmer-boop/multistage-affect/blob/main/data/release_subset_760/images/artmajeur/1da515468f53.jpg
3a46f877074a,images_raw/3a46f877074a.jpg,意外,Accident,https://www.artmajeur.com/milos-hronec?view=grid&collections%5B%5D=2390674,https://github.com/hmer-boop/multistage-affect/blob/main/data/release_subset_760/images/artmajeur/3a46f877074a.jpg
a0b6a4908570,images_raw/a0b6a4908570.jpg,愤怒的男人,Angry Man,https://www.artmajeur.com/milos-hronec?view=grid&collections%5B%5D=2390674,https://github.com/hmer-boop/multistage-affect/blob/main/data/release_subset_760/images/artmajeur/a0b6a4908570.jpg
fac8930f43d4,images_raw/fac8930f43d4.jpg,我也是宇宙,I Am the Universe Too,https://www.artmajeur.com/milos-hronec?view=grid&collections%5B%5D=2390674,https://github.com/hmer-boop/multistage-affect/blob/main/data/release_subset_760/images/artmajeur/fac8930f43d4.jpg
cdebdedbba2b,images_raw/cdebdedbba2b.jpg,我痛苦，因此我活着,"I Suffer, Therefore I Live",https://www.artmajeur.com/milos-hronec?view=grid&collections%5B%5D=2390674,https://github.com/hmer-boop/multistage-affect/blob/main/data/release_subset_760/images/artmajeur/cdebdedbba2b.jpg
07bdaa59625a,images_raw/07bdaa59625a.jpg,整个宇宙,The Whole Universe,https://www.artmajeur.com/milos-hronec?view=grid&collections%5B%5D=2390674,https://github.com/hmer-boop/multistage-affect/blob/main/data/release_subset_760/images/artmajeur/07bdaa59625a.jpg
b060131fcfd8,images_raw/b060131fcfd8.jpg,最后的酒吧,The Last Bar,https://www.artmajeur.com/milos-hronec?view=grid&collections%5B%5D=2390674,https://github.com/hmer-boop/multistage-affect/blob/main/data/release_subset_760/images/artmajeur/b060131fcfd8.jpg
743923a7bf97,images_raw/743923a7bf97.jpg,死亡之美,Beauty of Death,https://www.artmajeur.com/milos-hronec?view=grid&collections%5B%5D=2390674,https://github.com/hmer-boop/multistage-affect/blob/main/data/release_subset_760/images/artmajeur/743923a7bf97.jpg
74bd3832ade8,images_raw/74bd3832ade8.jpg,满足,Satisfaction,https://www.artmajeur.com/milos-hronec?view=grid&collections%5B%5D=2390674,https://github.com/hmer-boop/multistage-affect/blob/main/data/release_subset_760/images/artmajeur/74bd3832ade8.jpg
550dec6accd8,images_raw/550dec6accd8.jpg,爬行动物,Reptile,https://www.artmajeur.com/milos-hronec?view=grid&collections%5B%5D=2390674,https://github.com/hmer-boop/multistage-affect/blob/main/data/release_subset_760/images/artmajeur/550dec6accd8.jpg
b7a79ddaff63,images_raw/b7a79ddaff63.jpg,生活选择 II,Life Choice II,https://www.artmajeur.com/milos-hronec?view=grid&collections%5B%5D=2390674,https://github.com/hmer-boop/multistage-affect/blob/main/data/release_subset_760/images/artmajeur/b7a79ddaff63.jpg
c53fef756797,images_raw/c53fef756797.jpg,疯狂,Madness,https://www.artmajeur.com/milos-hronec?view=grid&collections%5B%5D=2390674,https://github.com/hmer-boop/multistage-affect/blob/main/data/release_subset_760/images/artmajeur/c53fef756797.jpg
ed50f3c2a5b9,images_raw/ed50f3c2a5b9.jpg,疯狂的人,Madman,https://www.artmajeur.com/milos-hronec?view=grid&collections%5B%5D=2390674,https://github.com/hmer-boop/multistage-affect/blob/main/data/release_subset_760/images/artmajeur/ed50f3c2a5b9.jpg
867b4a6c8fbe,images_raw/867b4a6c8fbe.jpg,痛苦,Pain,https://www.artmajeur.com/milos-hronec?view=grid&collections%5B%5D=2390674,https://github.com/hmer-boop/multistage-affect/blob/main/data/release_subset_760/images/artmajeur/867b4a6c8fbe.jpg
ac85439bbd31,images_raw/ac85439bbd31.jpg,痛苦的个性解体,Painful Depersonalization,https://www.artmajeur.com/milos-hronec?view=grid&collections%5B%5D=2390674,https://github.com/hmer-boop/multistage-affect/blob/main/data/release_subset_760/images/artmajeur/ac85439bbd31.jpg
638a73151923,images_raw/638a73151923.jpg,童年回忆,Childhood Memories,https://www.artmajeur.com/milos-hronec?view=grid&collections%5B%5D=2390674,https://github.com/hmer-boop/multistage-affect/blob/main/data/release_subset_760/images/artmajeur/638a73151923.jpg
0f4e949d7fb4,images_raw/0f4e949d7fb4.jpg,童年的气息,Scent of Childhood,https://www.artmajeur.com/milos-hronec?view=grid&collections%5B%5D=2390674,https://github.com/hmer-boop/multistage-affect/blob/main/data/release_subset_760/images/artmajeur/0f4e949d7fb4.jpg
df6fef0c8fff,images_raw/df6fef0c8fff.jpg,美丽的小瞬间,Beautiful Little Moment,https://www.artmajeur.com/milos-hronec?view=grid&collections%5B%5D=2390674,https://github.com/hmer-boop/multistage-affect/blob/main/data/release_subset_760/images/artmajeur/df6fef0c8fff.jpg
bb1d425f0631,images_raw/bb1d425f0631.jpg,老人的幼稚悲伤,An Old Man’s Childlike Sadness,https://www.artmajeur.com/milos-hronec?view=grid&collections%5B%5D=2390674,https://github.com/hmer-boop/multistage-affect/blob/main/data/release_subset_760/images/artmajeur/bb1d425f0631.jpg
45d0ccf60698,images_raw/45d0ccf60698.jpg,胜利,Victory,https://www.artmajeur.com/milos-hronec?view=grid&collections%5B%5D=2390674,https://github.com/hmer-boop/multistage-affect/blob/main/data/release_subset_760/images/artmajeur/45d0ccf60698.jpg
3134c6885767,images_raw/3134c6885767.jpg,自由坠落,Free Fall,https://www.artmajeur.com/milos-hronec?view=grid&collections%5B%5D=2390674,https://github.com/hmer-boop/multistage-affect/blob/main/data/release_subset_760/images/artmajeur/3134c6885767.jpg
2f6707c3b847,images_raw/2f6707c3b847.jpg,起飞与坠落 2,Takeoff and Fall 2,https://www.artmajeur.com/milos-hronec?view=grid&collections%5B%5D=2390674,https://github.com/hmer-boop/multistage-affect/blob/main/data/release_subset_760/images/artmajeur/2f6707c3b847.jpg
479fd5f57272,images_raw/479fd5f57272.jpg,酒精狂热,Alcohol Frenzy,https://www.artmajeur.com/milos-hronec?view=grid&collections%5B%5D=2390674,https://github.com/hmer-boop/multistage-affect/blob/main/data/release_subset_760/images/artmajeur/479fd5f57272.jpg
d9f5f942c824,images_raw/d9f5f942c824.jpg,骄傲,Pride,https://www.artmajeur.com/milos-hronec?view=grid&collections%5B%5D=2390674,https://github.com/hmer-boop/multistage-affect/blob/main/data/release_subset_760/images/artmajeur/d9f5f942c824.jpg
1e1fac09ec6a,images_raw/1e1fac09ec6a.jpg,骗子,Liar,https://www.artmajeur.com/milos-hronec?view=grid&collections%5B%5D=2390674,https://github.com/hmer-boop/multistage-affect/blob/main/data/release_subset_760/images/artmajeur/1e1fac09ec6a.jpg
0aa1912a9d55,images_raw/0aa1912a9d55.jpg,高于一切,Above All,https://www.artmajeur.com/milos-hronec?view=grid&collections%5B%5D=2390674,https://github.com/hmer-boop/multistage-affect/blob/main/data/release_subset_760/images/artmajeur/0aa1912a9d55.jpg
0ed104c16158,images_raw/0ed104c16158.jpg,黑鸟,Blackbird,https://www.artmajeur.com/milos-hronec?view=grid&collections%5B%5D=2390674,https://github.com/hmer-boop/multistage-affect/blob/main/data/release_subset_760/images/artmajeur/0ed104c16158.jpg
909c949dad25,images_raw/909c949dad25.jpg,《静谧》,Serenity,https://huangjiannan.artron.net/works_index_21; https://www.artmajeur.com/milos-hronec?view=grid&collections%5B%5D=2390674,https://github.com/hmer-boop/multistage-affect/blob/main/data/release_subset_760/images/artmajeur/909c949dad25.jpg
ec9727dc1caf,images_raw/ec9727dc1caf.jpg,乡村清晨,Country Morning,https://www.artmajeur.com/nga-tran?view=grid&collections%5B%5D=2287606,https://github.com/hmer-boop/multistage-affect/blob/main/data/release_subset_760/images/artmajeur/ec9727dc1caf.jpg
1bb7b3f48b7b,images_raw/1bb7b3f48b7b.jpg,多花,Abundant Flowers,https://www.artmajeur.com/nga-tran?view=grid&collections%5B%5D=2287606,https://github.com/hmer-boop/multistage-affect/blob/main/data/release_subset_760/images/artmajeur/1bb7b3f48b7b.jpg
9ee9010c96e9,images_raw/9ee9010c96e9.jpg,挑着扁担的母亲,Mother Carrying a Shoulder Pole,https://www.artmajeur.com/nga-tran?view=grid&collections%5B%5D=2287606,https://github.com/hmer-boop/multistage-affect/blob/main/data/release_subset_760/images/artmajeur/9ee9010c96e9.jpg
5f906544042d,images_raw/5f906544042d.jpg,春巷,Spring Alley,https://www.artmajeur.com/nga-tran?view=grid&collections%5B%5D=2287606,https://github.com/hmer-boop/multistage-affect/blob/main/data/release_subset_760/images/artmajeur/5f906544042d.jpg
78c5df210341,images_raw/78c5df210341.jpg,月光码头,Moonlit Pier,https://www.artmajeur.com/nga-tran?view=grid&collections%5B%5D=2287606,https://github.com/hmer-boop/multistage-affect/blob/main/data/release_subset_760/images/artmajeur/78c5df210341.jpg
f1a49f8b0fc8,images_raw/f1a49f8b0fc8.jpg,河上的日出,Sunrise over the River,https://www.artmajeur.com/nga-tran?view=grid&collections%5B%5D=2287606,https://github.com/hmer-boop/multistage-affect/blob/main/data/release_subset_760/images/artmajeur/f1a49f8b0fc8.jpg
0b2b92989712,images_raw/0b2b92989712.jpg,生命节奏,Rhythm of Life,https://www.artmajeur.com/nga-tran?view=grid&collections%5B%5D=2287606,https://github.com/hmer-boop/multistage-affect/blob/main/data/release_subset_760/images/artmajeur/0b2b92989712.jpg
b46fdcbc728d,images_raw/b46fdcbc728d.jpg,码头,Pier,https://www.artmajeur.com/nga-tran?view=grid&collections%5B%5D=2287606,https://github.com/hmer-boop/multistage-affect/blob/main/data/release_subset_760/images/artmajeur/b46fdcbc728d.jpg
7e6096767b83,images_raw/7e6096767b83.jpg,秋天的回忆,Memories of Autumn,https://www.artmajeur.com/nga-tran?view=grid&collections%5B%5D=2287606,https://github.com/hmer-boop/multistage-affect/blob/main/data/release_subset_760/images/artmajeur/7e6096767b83.jpg
592133ef1675,images_raw/592133ef1675.jpg,秋日午后,Autumn Afternoon,https://www.artmajeur.com/nga-tran?view=grid&collections%5B%5D=2287606,https://github.com/hmer-boop/multistage-affect/blob/main/data/release_subset_760/images/artmajeur/592133ef1675.jpg
a15cc3705b7d,images_raw/a15cc3705b7d.jpg,蛤蜊田,Clam Field,https://www.artmajeur.com/nga-tran?view=grid&collections%5B%5D=2287606,https://github.com/hmer-boop/multistage-affect/blob/main/data/release_subset_760/images/artmajeur/a15cc3705b7d.jpg
28c19f39268b,images_raw/28c19f39268b.jpg,黎明,Dawn,https://www.artmajeur.com/nga-tran?view=grid&collections%5B%5D=2287606,https://github.com/hmer-boop/multistage-affect/blob/main/data/release_subset_760/images/artmajeur/28c19f39268b.jpg
007cddd25db4,images_raw/007cddd25db4.jpg,创世纪,Genesis,https://www.artmajeur.com/oluwapelumi-olaosun?view=grid&collections%5B%5D=2301889,https://github.com/hmer-boop/multistage-affect/blob/main/data/release_subset_760/images/artmajeur/007cddd25db4.jpg
87f2c69f311e,images_raw/87f2c69f311e.jpg,创世纪2,Genesis 2,https://www.artmajeur.com/oluwapelumi-olaosun?view=grid&collections%5B%5D=2301889,https://github.com/hmer-boop/multistage-affect/blob/main/data/release_subset_760/images/artmajeur/87f2c69f311e.jpg
87a73bb5c9d3,images_raw/87a73bb5c9d3.jpg,命运中的时区,Time Zones of Fate,https://www.artmajeur.com/oluwapelumi-olaosun?view=grid&collections%5B%5D=2301889,https://github.com/hmer-boop/multistage-affect/blob/main/data/release_subset_760/images/artmajeur/87a73bb5c9d3.jpg
11ea18f629ba,images_raw/11ea18f629ba.jpg,当时间成为偶像,When Time Becomes an Idol,https://www.artmajeur.com/oluwapelumi-olaosun?view=grid&collections%5B%5D=2301889,https://github.com/hmer-boop/multistage-affect/blob/main/data/release_subset_760/images/artmajeur/11ea18f629ba.jpg
2872f2ea39d6,images_raw/2872f2ea39d6.jpg,献给玫瑰,For the Rose,https://www.artmajeur.com/oluwapelumi-olaosun?view=grid&collections%5B%5D=2301889,https://github.com/hmer-boop/multistage-affect/blob/main/data/release_subset_760/images/artmajeur/2872f2ea39d6.jpg
a62f9fc50576,images_raw/a62f9fc50576.jpg,盲目于时光,Blind to Time,https://www.artmajeur.com/oluwapelumi-olaosun?view=grid&collections%5B%5D=2301889,https://github.com/hmer-boop/multistage-affect/blob/main/data/release_subset_760/images/artmajeur/a62f9fc50576.jpg
9f87604a5cec,images_raw/9f87604a5cec.jpg,过渡期,Transition Period,https://www.artmajeur.com/oluwapelumi-olaosun?view=grid&collections%5B%5D=2301889,https://github.com/hmer-boop/multistage-affect/blob/main/data/release_subset_760/images/artmajeur/9f87604a5cec.jpg
ae0752678846,images_raw/ae0752678846.jpg,黑色之美,The Beauty of Black,https://www.artmajeur.com/oluwapelumi-olaosun?view=grid&collections%5B%5D=2301889,https://github.com/hmer-boop/multistage-affect/blob/main/data/release_subset_760/images/artmajeur/ae0752678846.jpg
0c006cf8053d,images_raw/0c006cf8053d.jpg,世界是一个大家庭,The World is One Big Family,https://www.artmajeur.com/picrate?view=grid&collections%5B%5D=1775407,https://github.com/hmer-boop/multistage-affect/blob/main/data/release_subset_760/images/artmajeur/0c006cf8053d.jpg
24f730159543,images_raw/24f730159543.jpg,丘比特与蓝鸟,Cupid and the Bluebird,https://www.artmajeur.com/picrate?view=grid&collections%5B%5D=1775407,https://github.com/hmer-boop/multistage-affect/blob/main/data/release_subset_760/images/artmajeur/24f730159543.jpg
2a946166afb9,images_raw/2a946166afb9.jpg,了不起的父母,Remarkable Parents,https://www.artmajeur.com/picrate?view=grid&collections%5B%5D=1775407,https://github.com/hmer-boop/multistage-affect/blob/main/data/release_subset_760/images/artmajeur/2a946166afb9.jpg
8abe9c81c826,images_raw/8abe9c81c826.jpg,他乡的回忆,Memories of Another Land,https://www.artmajeur.com/picrate?view=grid&collections%5B%5D=1775407,https://github.com/hmer-boop/multistage-affect/blob/main/data/release_subset_760/images/artmajeur/8abe9c81c826.jpg
49fe8df26017,images_raw/49fe8df26017.jpg,他从远方归来,He Returned from Afar,https://www.artmajeur.com/picrate?view=grid&collections%5B%5D=1775407,https://github.com/hmer-boop/multistage-affect/blob/main/data/release_subset_760/images/artmajeur/49fe8df26017.jpg
51d822cc8545,images_raw/51d822cc8545.jpg,你需要的只是爱,All You Need Is Love,https://www.artmajeur.com/picrate?view=grid&collections%5B%5D=1775407,https://github.com/hmer-boop/multistage-affect/blob/main/data/release_subset_760/images/artmajeur/51d822cc8545.jpg
670c9e355f02,images_raw/670c9e355f02.jpg,历史仍在继续,History Continues,https://www.artmajeur.com/picrate?view=grid&collections%5B%5D=1775407,https://github.com/hmer-boop/multistage-affect/blob/main/data/release_subset_760/images/artmajeur/670c9e355f02.jpg
be1261ccc390,images_raw/be1261ccc390.jpg,古法航行,Ancient Navigation,https://www.artmajeur.com/picrate?view=grid&collections%5B%5D=1775407,https://github.com/hmer-boop/multistage-affect/blob/main/data/release_subset_760/images/artmajeur/be1261ccc390.jpg
d6733b01bc37,images_raw/d6733b01bc37.jpg,在肩头的一角,On the Corner of the Shoulder,https://www.artmajeur.com/picrate?view=grid&collections%5B%5D=1775407,https://github.com/hmer-boop/multistage-affect/blob/main/data/release_subset_760/images/artmajeur/d6733b01bc37.jpg
0d5166aa8c12,images_raw/0d5166aa8c12.jpg,奇妙之旅,Wonderful Journey,https://www.artmajeur.com/picrate?view=grid&collections%5B%5D=1775407,https://github.com/hmer-boop/multistage-affect/blob/main/data/release_subset_760/images/artmajeur/0d5166aa8c12.jpg
f28e323f6f07,images_raw/f28e323f6f07.jpg,奇妙的飞翔,Marvelous Flight,https://www.artmajeur.com/picrate?view=grid&collections%5B%5D=1775407,https://github.com/hmer-boop/multistage-affect/blob/main/data/release_subset_760/images/artmajeur/f28e323f6f07.jpg
03c4c09931d2,images_raw/03c4c09931d2.jpg,幸福的小鸟,Happy Little Bird,https://www.artmajeur.com/picrate?view=grid&collections%5B%5D=1775407,https://github.com/hmer-boop/multistage-affect/blob/main/data/release_subset_760/images/artmajeur/03c4c09931d2.jpg
30853fcb8d32,images_raw/30853fcb8d32.jpg,情侣与红鸟,Couple and Red Bird,https://www.artmajeur.com/picrate?view=grid&collections%5B%5D=1775407,https://github.com/hmer-boop/multistage-affect/blob/main/data/release_subset_760/images/artmajeur/30853fcb8d32.jpg
4dddc8a5d7d9,images_raw/4dddc8a5d7d9.jpg,抓住机会,Seize the Opportunity,https://www.artmajeur.com/picrate?view=grid&collections%5B%5D=1775407,https://github.com/hmer-boop/multistage-affect/blob/main/data/release_subset_760/images/artmajeur/4dddc8a5d7d9.jpg
0195f572e5f8,images_raw/0195f572e5f8.jpg,是否应牵着一条飞鱼,Should One Hold a Flying Fish?,https://www.artmajeur.com/picrate?view=grid&collections%5B%5D=1775407,https://github.com/hmer-boop/multistage-affect/blob/main/data/release_subset_760/images/artmajeur/0195f572e5f8.jpg
00ee7ace34be,images_raw/00ee7ace34be.jpg,朋友间的钓鱼游戏,Fishing Game Among Friends,https://www.artmajeur.com/picrate?view=grid&collections%5B%5D=1775407,https://github.com/hmer-boop/multistage-affect/blob/main/data/release_subset_760/images/artmajeur/00ee7ace34be.jpg
e2a7d995adb0,images_raw/e2a7d995adb0.jpg,父亲的爱,A Father's Love,https://www.artmajeur.com/picrate?view=grid&collections%5B%5D=1775407,https://github.com/hmer-boop/multistage-affect/blob/main/data/release_subset_760/images/artmajeur/e2a7d995adb0.jpg
8015eee85c20,images_raw/8015eee85c20.jpg,相信不可能,Believe the Impossible,https://www.artmajeur.com/picrate?view=grid&collections%5B%5D=1775407,https://github.com/hmer-boop/multistage-affect/blob/main/data/release_subset_760/images/artmajeur/8015eee85c20.jpg
4922f64f7b32,images_raw/4922f64f7b32.jpg,相信自己的直觉,Trust Your Instincts,https://www.artmajeur.com/picrate?view=grid&collections%5B%5D=1775407,https://github.com/hmer-boop/multistage-affect/blob/main/data/release_subset_760/images/artmajeur/4922f64f7b32.jpg
0ebe4180c160,images_raw/0ebe4180c160.jpg,简单的历史,Simple History,https://www.artmajeur.com/picrate?view=grid&collections%5B%5D=1775407,https://github.com/hmer-boop/multistage-affect/blob/main/data/release_subset_760/images/artmajeur/0ebe4180c160.jpg
01eedc4f0bde,images_raw/01eedc4f0bde.jpg,轻盈的心,Light Heart,https://www.artmajeur.com/picrate?view=grid&collections%5B%5D=1775407,https://github.com/hmer-boop/multistage-affect/blob/main/data/release_subset_760/images/artmajeur/01eedc4f0bde.jpg
b78ff877a732,images_raw/b78ff877a732.jpg,重聚亲人,Family Reunion,https://www.artmajeur.com/picrate?view=grid&collections%5B%5D=1775407,https://github.com/hmer-boop/multistage-affect/blob/main/data/release_subset_760/images/artmajeur/b78ff877a732.jpg
b58dd966280f,images_raw/b58dd966280f.jpg,飞翔吧，春天来了！,"Fly, Spring Has Arrived!",https://www.artmajeur.com/picrate?view=grid&collections%5B%5D=1775407,https://github.com/hmer-boop/multistage-affect/blob/main/data/release_subset_760/images/artmajeur/b58dd966280f.jpg
ffc7dd833b1f,images_raw/ffc7dd833b1f.jpg,飞鱼,Flying Fish,https://www.artmajeur.com/picrate?view=grid&collections%5B%5D=1775407,https://github.com/hmer-boop/multistage-affect/blob/main/data/release_subset_760/images/artmajeur/ffc7dd833b1f.jpg
e07a026d6ab4,images_raw/e07a026d6ab4.jpg,鸟笼,Birdcage,https://www.artmajeur.com/picrate?view=grid&collections%5B%5D=1775407,https://github.com/hmer-boop/multistage-affect/blob/main/data/release_subset_760/images/artmajeur/e07a026d6ab4.jpg
cb818bb33886,images_raw/cb818bb33886.jpg,互惠,Reciprocity,https://www.artmajeur.com/robert-van-den-herik?view=grid&collections%5B0%5D=1744639&page=2,https://github.com/hmer-boop/multistage-affect/blob/main/data/release_subset_760/images/artmajeur/cb818bb33886.jpg
b6da7d70ba51,images_raw/b6da7d70ba51.jpg,从另一个角度看,Another Perspective,https://www.artmajeur.com/robert-van-den-herik?view=grid&collections%5B0%5D=1744639&page=2,https://github.com/hmer-boop/multistage-affect/blob/main/data/release_subset_760/images/artmajeur/b6da7d70ba51.jpg
d9a173e1628b,images_raw/d9a173e1628b.jpg,作为整体的一部分,Part of the Whole,https://www.artmajeur.com/robert-van-den-herik?view=grid&collections%5B0%5D=1744639&page=2,https://github.com/hmer-boop/multistage-affect/blob/main/data/release_subset_760/images/artmajeur/d9a173e1628b.jpg
0bc527998d55,images_raw/0bc527998d55.jpg,保护的海岸线,Protected Coastline,https://www.artmajeur.com/robert-van-den-herik?view=grid&collections%5B0%5D=1744639&page=2,https://github.com/hmer-boop/multistage-affect/blob/main/data/release_subset_760/images/artmajeur/0bc527998d55.jpg
feb7cc752aeb,images_raw/feb7cc752aeb.jpg,光辉者,The Luminous One,https://www.artmajeur.com/robert-van-den-herik?view=grid&collections%5B0%5D=1744639&page=2,https://github.com/hmer-boop/multistage-affect/blob/main/data/release_subset_760/images/artmajeur/feb7cc752aeb.jpg
b9a212f5a0a3,images_raw/b9a212f5a0a3.jpg,启迪之街,Street of Inspiration,https://www.artmajeur.com/robert-van-den-herik?view=grid&collections%5B0%5D=1744639&page=2,https://github.com/hmer-boop/multistage-affect/blob/main/data/release_subset_760/images/artmajeur/b9a212f5a0a3.jpg
c288e629c7a8,images_raw/c288e629c7a8.jpg,回家的路上,On the Way Home,https://www.artmajeur.com/robert-van-den-herik?view=grid&collections%5B0%5D=1744639&page=2,https://github.com/hmer-boop/multistage-affect/blob/main/data/release_subset_760/images/artmajeur/c288e629c7a8.jpg
98f4318bd9cd,images_raw/98f4318bd9cd.jpg,在不同世界间漫游,Wandering Between Worlds,https://www.artmajeur.com/robert-van-den-herik?view=grid&collections%5B0%5D=1744639&page=2,https://github.com/hmer-boop/multistage-affect/blob/main/data/release_subset_760/images/artmajeur/98f4318bd9cd.jpg
b687f93d4e58,images_raw/b687f93d4e58.jpg,在每个地方的中央,At the Center of Every Place,https://www.artmajeur.com/robert-van-den-herik?view=grid&collections%5B0%5D=1744639&page=2,https://github.com/hmer-boop/multistage-affect/blob/main/data/release_subset_760/images/artmajeur/b687f93d4e58.jpg
15fc1a0c70f3,images_raw/15fc1a0c70f3.jpg,她的色彩在他的世界里。风格的结合。,Her Colors in His World: A Fusion of Styles,https://www.artmajeur.com/robert-van-den-herik?view=grid&collections%5B0%5D=1744639&page=2,https://github.com/hmer-boop/multistage-affect/blob/main/data/release_subset_760/images/artmajeur/15fc1a0c70f3.jpg
5e63a0d80f1f,images_raw/5e63a0d80f1f.jpg,新家的诞生,Birth of a New Home,https://www.artmajeur.com/robert-van-den-herik?view=grid&collections%5B0%5D=1744639&page=2,https://github.com/hmer-boop/multistage-affect/blob/main/data/release_subset_760/images/artmajeur/5e63a0d80f1f.jpg
87616f06a1b7,images_raw/87616f06a1b7.jpg,旅行的艺术,The Art of Travel,https://www.artmajeur.com/robert-van-den-herik?view=grid&collections%5B0%5D=1744639&page=2,https://github.com/hmer-boop/multistage-affect/blob/main/data/release_subset_760/images/artmajeur/87616f06a1b7.jpg
aa04d3a59666,images_raw/aa04d3a59666.jpg,昨晚回家晚了,Got Home Late Last Night,https://www.artmajeur.com/robert-van-den-herik?view=grid&collections%5B0%5D=1744639&page=2,https://github.com/hmer-boop/multistage-affect/blob/main/data/release_subset_760/images/artmajeur/aa04d3a59666.jpg
0230024c3033,images_raw/0230024c3033.jpg,曾经的故事,Past Stories,https://www.artmajeur.com/robert-van-den-herik?view=grid&collections%5B0%5D=1744639&page=2,https://github.com/hmer-boop/multistage-affect/blob/main/data/release_subset_760/images/artmajeur/0230024c3033.jpg
12537dd03549,images_raw/12537dd03549.jpg,月光下,Moonlight,https://www.artmajeur.com/robert-van-den-herik?view=grid&collections%5B0%5D=1744639&page=2,https://github.com/hmer-boop/multistage-affect/blob/main/data/release_subset_760/images/artmajeur/12537dd03549.jpg
041d78b3fe74,images_raw/041d78b3fe74.jpg,月落大道,Moonlit Avenue,https://www.artmajeur.com/robert-van-den-herik?view=grid&collections%5B0%5D=1744639&page=2,https://github.com/hmer-boop/multistage-affect/blob/main/data/release_subset_760/images/artmajeur/041d78b3fe74.jpg
18028c2b7b7e,images_raw/18028c2b7b7e.jpg,期待回家,Longing to Return Home,https://www.artmajeur.com/robert-van-den-herik?view=grid&collections%5B0%5D=1744639&page=2,https://github.com/hmer-boop/multistage-affect/blob/main/data/release_subset_760/images/artmajeur/18028c2b7b7e.jpg
5d9002e19d76,images_raw/5d9002e19d76.jpg,树是通道,Trees Are Portals,https://www.artmajeur.com/robert-van-den-herik?view=grid&collections%5B0%5D=1744639&page=2,https://github.com/hmer-boop/multistage-affect/blob/main/data/release_subset_760/images/artmajeur/5d9002e19d76.jpg
fd32fb776339,images_raw/fd32fb776339.jpg,沉思迷失,Pensive Lost,https://www.artmajeur.com/robert-van-den-herik?view=grid&collections%5B0%5D=1744639&page=2,https://github.com/hmer-boop/multistage-affect/blob/main/data/release_subset_760/images/artmajeur/fd32fb776339.jpg
53c456dcc8c5,images_raw/53c456dcc8c5.jpg,空间地标,Spatial Landmark,https://www.artmajeur.com/robert-van-den-herik?view=grid&collections%5B0%5D=1744639&page=2,https://github.com/hmer-boop/multistage-affect/blob/main/data/release_subset_760/images/artmajeur/53c456dcc8c5.jpg
9eb0f59a741f,images_raw/9eb0f59a741f.jpg,穿梭入口门,Portal Gate,https://www.artmajeur.com/robert-van-den-herik?view=grid&collections%5B0%5D=1744639&page=2,https://github.com/hmer-boop/multistage-affect/blob/main/data/release_subset_760/images/artmajeur/9eb0f59a741f.jpg
1f30ff99f96b,images_raw/1f30ff99f96b.jpg,米开朗基罗的海岸幻影,Michelangelo's Coastal Phantom,https://www.artmajeur.com/robert-van-den-herik?view=grid&collections%5B0%5D=1744639&page=2,https://github.com/hmer-boop/multistage-affect/blob/main/data/release_subset_760/images/artmajeur/1f30ff99f96b.jpg
a2d46b3cb4d1,images_raw/a2d46b3cb4d1.jpg,茶时光,Tea Time,https://www.artmajeur.com/robert-van-den-herik?view=grid&collections%5B0%5D=1744639&page=2,https://github.com/hmer-boop/multistage-affect/blob/main/data/release_subset_760/images/artmajeur/a2d46b3cb4d1.jpg
2013aa0c0e73,images_raw/2013aa0c0e73.jpg,远方的阴影,Distant Shadows,https://www.artmajeur.com/robert-van-den-herik?view=grid&collections%5B0%5D=1744639&page=2,https://github.com/hmer-boop/multistage-affect/blob/main/data/release_subset_760/images/artmajeur/2013aa0c0e73.jpg
07d027dd41c4,images_raw/07d027dd41c4.jpg,阳光中的故事,Story in the Sunlight,https://www.artmajeur.com/robert-van-den-herik?view=grid&collections%5B0%5D=1744639&page=2,https://github.com/hmer-boop/multistage-affect/blob/main/data/release_subset_760/images/artmajeur/07d027dd41c4.jpg
346e12a14b8c,images_raw/346e12a14b8c.jpg,飞翔的荷兰人（永不安宁）,The Flying Dutchman (Never at Rest),https://www.artmajeur.com/robert-van-den-herik?view=grid&collections%5B0%5D=1744639&page=2,https://github.com/hmer-boop/multistage-affect/blob/main/data/release_subset_760/images/artmajeur/346e12a14b8c.jpg
cc2a8b43be5b,images_raw/cc2a8b43be5b.jpg,思考者,Thinker,https://www.artmajeur.com/ta00?view=grid&collections%5B0%5D=2214331&page=1,https://github.com/hmer-boop/multistage-affect/blob/main/data/release_subset_760/images/artmajeur/cc2a8b43be5b.jpg
436d3a4b0b8d,images_raw/436d3a4b0b8d.jpg,感知回望,Looking Back in Perception,https://www.artmajeur.com/ta00?view=grid&collections%5B0%5D=2214331&page=1,https://github.com/hmer-boop/multistage-affect/blob/main/data/release_subset_760/images/artmajeur/436d3a4b0b8d.jpg
79ea08d6c654,images_raw/79ea08d6c654.jpg,梦中的陪伴,Dream Companion,https://www.artmajeur.com/ta00?view=grid&collections%5B0%5D=2214331&page=1,https://github.com/hmer-boop/multistage-affect/blob/main/data/release_subset_760/images/artmajeur/79ea08d6c654.jpg
18736aee017b,images_raw/18736aee017b.jpg,海滩日,Beach Day,https://www.artmajeur.com/ta00?view=grid&collections%5B0%5D=2214331&page=1,https://github.com/hmer-boop/multistage-affect/blob/main/data/release_subset_760/images/artmajeur/18736aee017b.jpg
b75bd3278387,images_raw/b75bd3278387.jpg,留下的碎片,Fragments Left Behind,https://www.artmajeur.com/ta00?view=grid&collections%5B0%5D=2214331&page=1,https://github.com/hmer-boop/multistage-affect/blob/main/data/release_subset_760/images/artmajeur/b75bd3278387.jpg
00bb39eeacb3,images_raw/00bb39eeacb3.jpg,迷宫,Maze,https://www.artmajeur.com/ta00?view=grid&collections%5B0%5D=2214331&page=1,https://github.com/hmer-boop/multistage-affect/blob/main/data/release_subset_760/images/artmajeur/00bb39eeacb3.jpg
5ca8137ec1fb,images_raw/5ca8137ec1fb.jpg,阳光窗与瀑布,Sunlit Window and Waterfall,https://www.artmajeur.com/ta00?view=grid&collections%5B0%5D=2214331&page=1,https://github.com/hmer-boop/multistage-affect/blob/main/data/release_subset_760/images/artmajeur/5ca8137ec1fb.jpg
54820674c2de,images_raw/54820674c2de.jpg,马拉巴尔的时光,Time in Malabar,https://www.artmajeur.com/ta00?view=grid&collections%5B0%5D=2214331&page=1,https://github.com/hmer-boop/multistage-affect/blob/main/data/release_subset_760/images/artmajeur/54820674c2de.jpg
239837aad780,images_raw/239837aad780.jpg,晨曦,Dawn,https://haiyang.artron.net/works_index_1; https://www.artmajeur.com/ta00?view=grid&collections%5B0%5D=2214331&page=1,https://github.com/hmer-boop/multistage-affect/blob/main/data/release_subset_760/images/artmajeur/239837aad780.jpg
a00325882fb9,images_raw/a00325882fb9.jpg,手势,Gesture,https://www.artmajeur.com/zh/yi-shu-pin?hybrid_query=%20Viktor%20Sheleg%20,https://github.com/hmer-boop/multistage-affect/blob/main/data/release_subset_760/images/artmajeur/a00325882fb9.jpg
77275c1a67bd,images_raw/77275c1a67bd.jpg,橙色光辉,Orange Radiance,https://www.artmajeur.com/zh/yi-shu-pin?hybrid_query=%20Viktor%20Sheleg%20,https://github.com/hmer-boop/multistage-affect/blob/main/data/release_subset_760/images/artmajeur/77275c1a67bd.jpg
242613ff3ffe,images_raw/242613ff3ffe.jpg,死亡的快乐马戏团再次来到镇上,The Happy Circus of Death Comes to Town Again,https://www.artmajeur.com/zh/yi-shu-pin?hybrid_query=%20Viktor%20Sheleg%20,https://github.com/hmer-boop/multistage-affect/blob/main/data/release_subset_760/images/artmajeur/242613ff3ffe.jpg
a23cc0280622,images_raw/a23cc0280622.jpg,红色文艺复兴,Red Renaissance,https://www.artmajeur.com/zh/yi-shu-pin?hybrid_query=%20Viktor%20Sheleg%20,https://github.com/hmer-boop/multistage-affect/blob/main/data/release_subset_760/images/artmajeur/a23cc0280622.jpg
bf648976f624,images_raw/bf648976f624.jpg,节日,Festival,https://www.artmajeur.com/zh/yi-shu-pin?hybrid_query=%20Viktor%20Sheleg%20,https://github.com/hmer-boop/multistage-affect/blob/main/data/release_subset_760/images/artmajeur/bf648976f624.jpg
67a73d88fff6,images_raw/67a73d88fff6.jpg,海风,Sea Breeze,https://liushouxin.artron.net/works_index_1,
5721636792b3,images_raw/5721636792b3.jpg,下十字架,Descent from the Cross,https://yueminjun.artron.net/,
6b7d864c888e,images_raw/6b7d864c888e.jpg,山中隐者,Hermit in the Mountains,https://yueminjun.artron.net/,
2ba6937a648a,images_raw/2ba6937a648a.jpg,舍弃,Abandonment,https://yueminjun.artron.net/,
a4e6fec56298,images_raw/a4e6fec56298.jpg,芙蓉葵,Hibiscus,https://yueminjun.artron.net/,
70b2a8615a4b,images_raw/70b2a8615a4b.jpg,中央美院旧址,Former Site of the Central Academy of Fine Arts,https://daize.artron.net/,
95a4e412b22a,images_raw/95a4e412b22a.jpg,云南之彩,Colors of Yunnan,https://daize.artron.net/,
f3251ed259cd,images_raw/f3251ed259cd.jpg,从大鱼岛出发,Departing from Big Fish Island,https://daize.artron.net/,
ca9a04d329e8,images_raw/ca9a04d329e8.jpg,佛香阁,Pavilion of Buddhist Incense,https://daize.artron.net/,
c10ed07770f8,images_raw/c10ed07770f8.jpg,修建新疆库尔勒火车站,Constructing the Korla Train Station in Xinjiang,https://daize.artron.net/,
42a87679d424,images_raw/42a87679d424.jpg,农民小组会,Farmers' Group Meeting,https://daize.artron.net/,
b47b82a49dbf,images_raw/b47b82a49dbf.jpg,前门护城河边,By the Moat at Qianmen,https://daize.artron.net/,
4bf5c821834c,images_raw/4bf5c821834c.jpg,北京平原,Beijing Plains,https://daize.artron.net/,
5b06712435a5,images_raw/5b06712435a5.jpg,北海团城,Beihai Round City,https://daize.artron.net/,
8e790c84a78b,images_raw/8e790c84a78b.jpg,卧佛寺银杏,Ginkgo at the Reclining Buddha Temple,https://daize.artron.net/,
4672188789a7,images_raw/4672188789a7.jpg,哈尔滨街头,Harbin Streets,https://daize.artron.net/,
91f50c23fc2f,images_raw/91f50c23fc2f.jpg,夜晚的紫,Purple Night,https://daize.artron.net/,
f586cfcc206e,images_raw/f586cfcc206e.jpg,夜色（黑龙江畔）,Nightscape (Banks of the Heilongjiang),https://daize.artron.net/,
c915ae732262,images_raw/c915ae732262.jpg,大新安岭的森林,The Forests of Greater Khingan,https://daize.artron.net/,
e0001cbfcf57,images_raw/e0001cbfcf57.jpg,大锡嘴,Big Tin Beak,https://daize.artron.net/,
df7b2dba5cdd,images_raw/df7b2dba5cdd.jpg,太庙,Imperial Ancestral Temple,https://daize.artron.net/,
9bd8813df63d,images_raw/9bd8813df63d.jpg,太行山下,Beneath the Taihang Mountains,https://daize.artron.net/,
b22b74c45116,images_raw/b22b74c45116.jpg,小熊同他的妈妈,Bear Cub and His Mother,https://daize.artron.net/,
1a8052c3eb75,images_raw/1a8052c3eb75.jpg,布达拉宫,Potala Palace,https://daize.artron.net/,
47a1671704bf,images_raw/47a1671704bf.jpg,建设者,Builders,https://daize.artron.net/,
ea48b59e8c1c,images_raw/ea48b59e8c1c.jpg,徐悲鸿,Xu Beihong,https://daize.artron.net/,
86f653917ec2,images_raw/86f653917ec2.jpg,成都青羊宫茶馆,"Teahouse at Qingyang Palace, Chengdu",https://daize.artron.net/,
5e5774946afc,images_raw/5e5774946afc.jpg,我的家,My Home,https://daize.artron.net/,
6a967efc3802,images_raw/6a967efc3802.jpg,抗议,Protest,https://daize.artron.net/,
913dcae8baba,images_raw/913dcae8baba.jpg,拉萨街头,Streets of Lhasa,https://daize.artron.net/,
7555e5463b0c,images_raw/7555e5463b0c.jpg,播种,Sowing,https://daize.artron.net/,
bcbe8c65a6bf,images_raw/bcbe8c65a6bf.jpg,时光,Time,https://daize.artron.net/,
2a90047f5f30,images_raw/2a90047f5f30.jpg,旷野,Wilderness,https://daize.artron.net/,
aadc301ec51c,images_raw/aadc301ec51c.jpg,景山,Scenic Mountain,https://daize.artron.net/,
045cf7836f97,images_raw/045cf7836f97.jpg,月季,Rose,https://daize.artron.net/,
b8c12223ba60,images_raw/b8c12223ba60.jpg,松江水镇,Songjiang Water Town,https://daize.artron.net/,
2acd084564cc,images_raw/2acd084564cc.jpg,柏林世界青年联欢节,Berlin World Youth Festival,https://daize.artron.net/,
abd845aba974,images_raw/abd845aba974.jpg,汉口码头,Hankou Wharf,https://daize.artron.net/,
4cfa5d634d89,images_raw/4cfa5d634d89.jpg,沙坪坝,Shapingba,https://daize.artron.net/,
385c5d207b62,images_raw/385c5d207b62.jpg,海阔天空,Boundless Sky,https://daize.artron.net/,
25e9eca69842,images_raw/25e9eca69842.jpg,深红色的背景,Crimson Background,https://daize.artron.net/,
ba50703eec4d,images_raw/ba50703eec4d.jpg,玉树哈秀的野兔,Jade Tree Hare,https://daize.artron.net/,
af6b433a0636,images_raw/af6b433a0636.jpg,玉树青年,Jade Tree Youth,https://daize.artron.net/,
eab52362c481,images_raw/eab52362c481.jpg,王家坪,Wangjiaping,https://daize.artron.net/,
d54cb4df8208,images_raw/d54cb4df8208.jpg,王府井南口,South Entrance of Wangfujing,https://daize.artron.net/,
bf2f00b783de,images_raw/bf2f00b783de.jpg,王府井教堂,Wangfujing Cathedral,https://daize.artron.net/,
1dc4834b94cd,images_raw/1dc4834b94cd.jpg,生产队长的心愿——不带菜的窝窝头,The Team Leader's Wish: Plain Cornbread,https://daize.artron.net/,
58aefb5b0adb,images_raw/58aefb5b0adb.jpg,生命之水,Water of Life,https://daize.artron.net/,
2a77f41f7618,images_raw/2a77f41f7618.jpg,社会主义民主德国见闻·柏林街头的火车,Train on the Streets of Berlin,https://daize.artron.net/,
9b6d4abbdc6d,images_raw/9b6d4abbdc6d.jpg,秋收,Autumn Harvest,https://daize.artron.net/,
93f86765442d,images_raw/93f86765442d.jpg,秋游,Autumn Outing,https://daize.artron.net/,
c49334837975,images_raw/c49334837975.jpg,维族女大夫,Uyghur Female Doctor,https://daize.artron.net/,
788ab7182de5,images_raw/788ab7182de5.jpg,老佟与列宁,Old Tong and Lenin,https://daize.artron.net/,
a7f82c4a070a,images_raw/a7f82c4a070a.jpg,老工人,Old Worker,https://daize.artron.net/,
2d6a67998ee2,images_raw/2d6a67998ee2.jpg,老胡同别有洞天,Hidden Charms of Old Hutongs,https://daize.artron.net/,
da62c0a19ce8,images_raw/da62c0a19ce8.jpg,艺术圣殿的入口,Entrance to the Temple of Art,https://daize.artron.net/,
54ca36a15c14,images_raw/54ca36a15c14.jpg,艾中信先生,Mr. Ai Zhongxin,https://daize.artron.net/,
abe7454078ed,images_raw/abe7454078ed.jpg,花旗藤,Wisteria,https://daize.artron.net/,
806581147a18,images_raw/806581147a18.jpg,莎迦农民,Saga Farmers,https://daize.artron.net/,
9b845b101b5f,images_raw/9b845b101b5f.jpg,莎迦熊妹村,Saga Bear Sister Village,https://daize.artron.net/,
55f16309af16,images_raw/55f16309af16.jpg,薛涛井,Xue Tao Well,https://daize.artron.net/,
53f58f163b21,images_raw/53f58f163b21.jpg,西安户县麦子地,"Wheat Fields in Huxian, Xi'an",https://daize.artron.net/,
6535fb86d150,images_raw/6535fb86d150.jpg,西藏门巴族的小屋,Hut of the Monba People in Tibet,https://daize.artron.net/,
603ff0f1c705,images_raw/603ff0f1c705.jpg,都江堰,Dujiangyan,https://daize.artron.net/,
7fd15d3da690,images_raw/7fd15d3da690.jpg,重庆梯归,Chongqing Steps Home,https://daize.artron.net/,
646eedf4686c,images_raw/646eedf4686c.jpg,青藤书屋,Green Vine Study,https://daize.artron.net/,
41f2b54f4612,images_raw/41f2b54f4612.jpg,香山晴雪,Fragrant Hills in Clear Snow,https://daize.artron.net/,
d1436b16d536,images_raw/d1436b16d536.jpg,香溪,Fragrant Creek,https://daize.artron.net/,
080e3d2b16d1,images_raw/080e3d2b16d1.jpg,马兰村的小姑娘,The Little Girl from Malan Village,https://daize.artron.net/,
971645a03a25,images_raw/971645a03a25.jpg,魅力北大荒,Charming Northern Wilderness,https://daize.artron.net/,
5f8e665a317d,images_raw/5f8e665a317d.jpg,麦积山,Maijishan,https://daize.artron.net/,
d29c30fd26e2,images_raw/d29c30fd26e2.jpg,黄花城长城脚下,At the Foot of Huanghuacheng Great Wall,https://daize.artron.net/,
54be9e80c788,images_raw/54be9e80c788.jpg,高原之花,Highland Flower,https://daize.artron.net/; https://huangjiannan.artron.net/works_index_21,
08915938087b,images_raw/08915938087b.jpg,《金色童年》,Golden Childhood,http://www.maokaiart.com/; https://hanyuchen.artron.net/,
a211e992d223,images_raw/a211e992d223.jpg,人生的思考,Reflections on Life,https://haiyang.artron.net/works_index_1,
46a9f9cc9b63,images_raw/46a9f9cc9b63.jpg,佛说之二,Buddha Speaks II,https://haiyang.artron.net/works_index_1,
294dcdf6f8be,images_raw/294dcdf6f8be.jpg,充满阳光的日子,Sunny Days,https://haiyang.artron.net/works_index_1,
b116e801f0aa,images_raw/b116e801f0aa.jpg,呼吉野的家,Home of Yoshino,https://haiyang.artron.net/works_index_1,
c402603fc5d9,images_raw/c402603fc5d9.jpg,少女的心事,A Girl's Thoughts,https://haiyang.artron.net/works_index_1,
f3ed98efeb12,images_raw/f3ed98efeb12.jpg,暴雨来临之前,Before the Storm,https://haiyang.artron.net/works_index_1,
e6b6b08832f1,images_raw/e6b6b08832f1.jpg,村口的小白马,Little White Horse at the Village Entrance,https://haiyang.artron.net/works_index_1,
2e127cc1741f,images_raw/2e127cc1741f.jpg,楠楠的幸福,Nan's Happiness,https://haiyang.artron.net/works_index_1,
4ca86fb04c8e,images_raw/4ca86fb04c8e.jpg,流云,Floating Clouds,https://haiyang.artron.net/works_index_1,
91cdf479eba2,images_raw/91cdf479eba2.jpg,草原牧场,Grassland Pasture,https://haiyang.artron.net/works_index_1,
7de06ae40d68,images_raw/7de06ae40d68.jpg,草原的风,Wind of the Grassland,https://haiyang.artron.net/works_index_1,
a8132cc930c9,images_raw/a8132cc930c9.jpg,花开富贵,Blooming Prosperity,https://haiyang.artron.net/works_index_1; https://mazhangcheng.artron.net/,
08455cf1eb43,images_raw/08455cf1eb43.jpg,乱云飞渡,Scudding Clouds,https://baike.artron.net/artist?id=1958,
43424ef93c33,images_raw/43424ef93c33.jpg,夜宴,Night Banquet,https://baike.artron.net/artist?id=1958,
d02da722fbc0,images_raw/d02da722fbc0.jpg,大众娱乐,Mass Entertainment,https://baike.artron.net/artist?id=1958,
debddb57feb5,images_raw/debddb57feb5.jpg,超级利益链——旋转,Super Profit Chain - Rotation,https://baike.artron.net/artist?id=1958,
4e8cf82d22dd,images_raw/4e8cf82d22dd.jpg,冰荷花,Frozen Lotus,https://guanpuxue.artron.net/,
498b53dc5cbb,images_raw/498b53dc5cbb.jpg,北方,North,https://guanpuxue.artron.net/,
fc9b38daa21c,images_raw/fc9b38daa21c.jpg,寂,Silence,https://guanpuxue.artron.net/,
1446e96743ef,images_raw/1446e96743ef.jpg,寒山暖阳,"Cold Mountain, Warm Sun",https://guanpuxue.artron.net/,
9e8f13c0ad90,images_raw/9e8f13c0ad90.jpg,废都,The Abandoned Capital,https://guanpuxue.artron.net/,
b073dc191b4c,images_raw/b073dc191b4c.jpg,归真园,Garden of Return to Truth,https://guanpuxue.artron.net/,
40fe75077c7b,images_raw/40fe75077c7b.jpg,淡荡秋光,Gentle Autumn Light,https://guanpuxue.artron.net/,
893aad54af49,images_raw/893aad54af49.jpg,炊烟倒入船,Smoke Pours into the Boat,https://guanpuxue.artron.net/,
279e5c21ae3e,images_raw/279e5c21ae3e.jpg,白牡丹,White Peony,https://guanpuxue.artron.net/,
e0d4ac4604b9,images_raw/e0d4ac4604b9.jpg,白荷,White Lotus,https://guanpuxue.artron.net/,
a363799c7029,images_raw/a363799c7029.jpg,红牡丹,Red Peony,https://guanpuxue.artron.net/,
26e786725d68,images_raw/26e786725d68.jpg,红荷,Red Lotus,https://guanpuxue.artron.net/,
08531ba6cd16,images_raw/08531ba6cd16.jpg,蓝莲花,Blue Lotus,https://guanpuxue.artron.net/,
2032d4802382,images_raw/2032d4802382.jpg,金百合,Golden Lily,https://guanpuxue.artron.net/,
46c292c90935,images_raw/46c292c90935.jpg,镜山,Mirror Mountain,https://guanpuxue.artron.net/,
c19529de59b1,images_raw/c19529de59b1.jpg,母爱(1),Maternal Love (1),https://artist.artron.net/artists23462/sale-0-0-0-1-1/,
08c6e2d550ba,images_raw/08c6e2d550ba.jpg,平静的湖,Calm Lake,https://artist.artron.net/artists5391/sale-0-0-0-1-1/,
4742f89b46a4,images_raw/4742f89b46a4.jpg,自由的马,Horse of Freedom,https://artist.artron.net/artists5391/sale-0-0-0-1-1/,
900aa74ff476,images_raw/900aa74ff476.jpg,《荷塘追梦系列之二》,Pursuing Dreams in the Lotus Pond Series No. 2,https://tiexin.artron.net/,
fa877f8b0325,images_raw/fa877f8b0325.jpg,《荷塘追梦系列之八》,Pursuing Dreams in the Lotus Pond Series No. 8,https://tiexin.artron.net/,
7ebd9e449369,images_raw/7ebd9e449369.jpg,《荷塘追梦系列之六》,Pursuing Dreams in the Lotus Pond Series No. 6,https://tiexin.artron.net/,
d8eec78542df,images_raw/d8eec78542df.jpg,无人驾驶,Driverless,https://tiexin.artron.net/,
5c21137058dc,images_raw/5c21137058dc.jpg,梦百合NO.17,Dream Lily No. 17,https://tiexin.artron.net/,
acd801e7b120,images_raw/acd801e7b120.jpg,梦百合NO.5,Dream Lily No. 5,https://tiexin.artron.net/,
a4fcd8aa1030,images_raw/a4fcd8aa1030.jpg,梦百合NO.6,Dream Lily No. 6,https://tiexin.artron.net/,
f862fe0b370a,images_raw/f862fe0b370a.jpg,灰城-微光,Gray City - Glimmer,https://tiexin.artron.net/,
8d8a52eda4c8,images_raw/8d8a52eda4c8.jpg,东坡游春图,Dongpo's Spring Outing Painting,https://ading.artron.net/,
82dae97f1718,images_raw/82dae97f1718.jpg,光雾秋色,Autumn Mist and Light,https://ading.artron.net/,
4f56f0d1a737,images_raw/4f56f0d1a737.jpg,别有天地,Another World,https://ading.artron.net/,
6810b355f688,images_raw/6810b355f688.jpg,月下独钓图,Fishing Alone Under the Moon,https://ading.artron.net/,
074618c0df66,images_raw/074618c0df66.jpg,百丈飞泉,Hundred-Foot Waterfall,https://ading.artron.net/,
b7f9d3683c2b,images_raw/b7f9d3683c2b.jpg,穹海凝眸,Gazing at the Vast Sky,https://ading.artron.net/,
b793fc7423a7,images_raw/b793fc7423a7.jpg,纯净的风景,Pure Landscape,https://ading.artron.net/,
aafc679bb369,images_raw/aafc679bb369.jpg,攀登,Ascent,https://chenkezhi.artron.net/works_index_1,
e5ed6f14235a,images_raw/e5ed6f14235a.jpg,月是故乡明,The Moon Shines Brighter in My Hometown,https://chenkezhi.artron.net/works_index_1,
19b681c2ab3c,images_raw/19b681c2ab3c.jpg,一家子,Family,https://chenkezhi.artron.net/works_index_1; https://hanyuchen.artron.net/,
03811fde9e80,images_raw/03811fde9e80.jpg,《童年》油画,Childhood,https://hanyuchen.artron.net/,
4affcc120492,images_raw/4affcc120492.jpg,休憩,Repose,https://hanyuchen.artron.net/,
ef298d42dcb3,images_raw/ef298d42dcb3.jpg,入胜,Enthralling,https://hanyuchen.artron.net/,
f4f9ac223836,images_raw/f4f9ac223836.jpg,冰河上,On the Glacier,https://hanyuchen.artron.net/,
b7b81ddca3a5,images_raw/b7b81ddca3a5.jpg,圣水洗涤,Holy Water Cleansing,https://hanyuchen.artron.net/,
23ec133d3d4e,images_raw/23ec133d3d4e.jpg,圣泉云烟,Sacred Spring Mist,https://hanyuchen.artron.net/,
b7c6eb36b083,images_raw/b7c6eb36b083.jpg,外面的世界,The Outside World,https://hanyuchen.artron.net/,
dd86e837c63d,images_raw/dd86e837c63d.jpg,奶香四溢,Milky Aroma,https://hanyuchen.artron.net/,
5a5b370a1336,images_raw/5a5b370a1336.jpg,寺庙高严,Majestic Temple,https://hanyuchen.artron.net/,
4d1a84a7a0d3,images_raw/4d1a84a7a0d3.jpg,岁月,Years,https://hanyuchen.artron.net/,
ca42e95c3b3b,images_raw/ca42e95c3b3b.jpg,岁月悠悠,The Passage of Time,https://hanyuchen.artron.net/,
5424c12442b9,images_raw/5424c12442b9.jpg,德格牧人家,Home of the Dege Shepherds,https://hanyuchen.artron.net/,
8b92b6d285f6,images_raw/8b92b6d285f6.jpg,慈祥,Kindness,https://hanyuchen.artron.net/,
a232f0ae3120,images_raw/a232f0ae3120.jpg,憧憬,Longing,https://hanyuchen.artron.net/,
b080faf81093,images_raw/b080faf81093.jpg,承德秋色,Autumn Scenery in Chengde,https://hanyuchen.artron.net/,
32c426ef526c,images_raw/32c426ef526c.jpg,放牧,Herding,https://hanyuchen.artron.net/,
97d10b85be9a,images_raw/97d10b85be9a.jpg,昆仑山下,Beneath Kunlun Mountain,https://hanyuchen.artron.net/,
ea18ed368692,images_raw/ea18ed368692.jpg,沐雪,Snow Bath,https://hanyuchen.artron.net/,
7aaac1e1c8c4,images_raw/7aaac1e1c8c4.jpg,洗礼归来,Baptism Return,https://hanyuchen.artron.net/,
f3274e0cb018,images_raw/f3274e0cb018.jpg,然乌湖上,Above Ranwu Lake,https://hanyuchen.artron.net/,
185461e8cdb2,images_raw/185461e8cdb2.jpg,玛曲街景,Street Scene in Maqu,https://hanyuchen.artron.net/,
72a90ad97372,images_raw/72a90ad97372.jpg,神往,Yearning,https://hanyuchen.artron.net/,
438a768615a3,images_raw/438a768615a3.jpg,童趣天成,Innocence Naturally,https://hanyuchen.artron.net/,
fce710c630a2,images_raw/fce710c630a2.jpg,胸有朝霞油画,Morning Glow in the Heart,https://hanyuchen.artron.net/,
6e0c819329e8,images_raw/6e0c819329e8.jpg,走向牧场,Heading to the Pasture,https://hanyuchen.artron.net/,
1b07328324b1,images_raw/1b07328324b1.jpg,路漫漫,Long Journey,https://hanyuchen.artron.net/,
6321cf36a06c,images_raw/6321cf36a06c.jpg,阳光下,In the Sun,https://hanyuchen.artron.net/,
70f4e0a0d4dc,images_raw/70f4e0a0d4dc.jpg,阿里老羊倌,Old Shepherd Ali,https://hanyuchen.artron.net/,
8e6c65fee62a,images_raw/8e6c65fee62a.jpg,兰心如君子,Orchid Heart Like a Gentleman,https://mazhangcheng.artron.net/,
6906596220e0,images_raw/6906596220e0.jpg,初春知山青,"Early Spring, Knowing the Mountains are Green",https://mazhangcheng.artron.net/,
60bbc823c06c,images_raw/60bbc823c06c.jpg,君子之风,Noble Virtue,https://mazhangcheng.artron.net/,
01293d780b87,images_raw/01293d780b87.jpg,君子大成,Noble Perfection,https://mazhangcheng.artron.net/,
92fd1878563d,images_raw/92fd1878563d.jpg,国色天香,National Beauty and Heavenly Fragrance,https://mazhangcheng.artron.net/,
6f938b0a5192,images_raw/6f938b0a5192.jpg,山有灵气山中净,"The Spirit of the Mountain, Purity Within",https://mazhangcheng.artron.net/,
789c11c8dbf2,images_raw/789c11c8dbf2.jpg,山水,Landscape,https://mazhangcheng.artron.net/,
5d31018194ba,images_raw/5d31018194ba.jpg,山秋,Autumn Mountain,https://mazhangcheng.artron.net/,
504f295bb23d,images_raw/504f295bb23d.jpg,幽竹,Quiet Bamboo,https://mazhangcheng.artron.net/,
b241cd2b4f65,images_raw/b241cd2b4f65.jpg,心画意兴,Heartfelt Inspiration,https://mazhangcheng.artron.net/,
70f76e38d988,images_raw/70f76e38d988.jpg,扬帆远航,Setting Sail,https://mazhangcheng.artron.net/,
659033ea8e11,images_raw/659033ea8e11.jpg,拜石心如山,Heart as Steadfast as a Mountain,https://mazhangcheng.artron.net/,
187d0f33837e,images_raw/187d0f33837e.jpg,江南山水,Jiangnan Landscape,https://mazhangcheng.artron.net/,
5896eae191c8,images_raw/5896eae191c8.jpg,江山似风清,Mountains and Rivers Like a Clear Breeze,https://mazhangcheng.artron.net/,
f2fc6edc033e,images_raw/f2fc6edc033e.jpg,清幽,Tranquility,https://mazhangcheng.artron.net/,
77516cda554b,images_raw/77516cda554b.jpg,竹之气节,The Spirit of Bamboo,https://mazhangcheng.artron.net/,
814713f5d813,images_raw/814713f5d813.jpg,竹石相依,Bamboo and Rock Harmony,https://mazhangcheng.artron.net/,
0b65f4c5efb7,images_raw/0b65f4c5efb7.jpg,《丽色班公湖》,Beautiful Colors of Bangong Lake,https://huangjiannan.artron.net/works_index_21,
e0e97436525c,images_raw/e0e97436525c.jpg,《举头三尺有神明》,"Three Feet Above, the Gods Observe",https://huangjiannan.artron.net/works_index_21,
c4b250c0e144,images_raw/c4b250c0e144.jpg,《伽玛射线》,Gamma Rays,https://huangjiannan.artron.net/works_index_21,
a677adff2798,images_raw/a677adff2798.jpg,《冬奥将即》,Winter Olympics Approaching,https://huangjiannan.artron.net/works_index_21,
1ab9ad174c36,images_raw/1ab9ad174c36.jpg,《大地歌谣》,Ode to the Earth,https://huangjiannan.artron.net/works_index_21,
5015332e0585,images_raw/5015332e0585.jpg,《大漠风情》,Desert Charm,https://huangjiannan.artron.net/works_index_21,
c4f3be0a5f43,images_raw/c4f3be0a5f43.jpg,《天堂运动会》,Heavenly Games,https://huangjiannan.artron.net/works_index_21,
c79edaa50db2,images_raw/c79edaa50db2.jpg,《天外来客》,Visitor from Beyond,https://huangjiannan.artron.net/works_index_21,
9b485248182d,images_raw/9b485248182d.jpg,《奇异梦幻》,Fantastic Dreams,https://huangjiannan.artron.net/works_index_21,
7c5ed693e0b8,images_raw/7c5ed693e0b8.jpg,《奇异空间》,Strange Space,https://huangjiannan.artron.net/works_index_21,
2fbe3007a8eb,images_raw/2fbe3007a8eb.jpg,《如梦似幻》,Dreamlike Illusion,https://huangjiannan.artron.net/works_index_21,
c31d55b83053,images_raw/c31d55b83053.jpg,《山魂》,Mountain Soul,https://huangjiannan.artron.net/works_index_21,
01252760995f,images_raw/01252760995f.jpg,《时空》,Spacetime,https://huangjiannan.artron.net/works_index_21,
021ccbdcfcdc,images_raw/021ccbdcfcdc.jpg,《有格调》,Sophisticated,https://huangjiannan.artron.net/works_index_21,
73ffe2c58df2,images_raw/73ffe2c58df2.jpg,《浩瀚》,Vastness,https://huangjiannan.artron.net/works_index_21,
61a49d987245,images_raw/61a49d987245.jpg,《班公湖夜色》,Night Scene at Bangong Lake,https://huangjiannan.artron.net/works_index_21,
340c9bab3126,images_raw/340c9bab3126.jpg,《生命密码》,Life Code,https://huangjiannan.artron.net/works_index_21,
54282b51fe41,images_raw/54282b51fe41.jpg,《祖国无处不风光》,Beauty of the Motherland Everywhere,https://huangjiannan.artron.net/works_index_21,
3c9de05cf444,images_raw/3c9de05cf444.jpg,《秘异空间》,Secret Space,https://huangjiannan.artron.net/works_index_21,
023fc36cae8b,images_raw/023fc36cae8b.jpg,《穿越时空》,Timeless Journey,https://huangjiannan.artron.net/works_index_21,
f04b1f0b31f3,images_raw/f04b1f0b31f3.jpg,《脉之歌》,Song of the Pulse,https://huangjiannan.artron.net/works_index_21,
2b70b23d92f2,images_raw/2b70b23d92f2.jpg,《苍穹》,Firmament,https://huangjiannan.artron.net/works_index_21,
0e42106d4e5d,images_raw/0e42106d4e5d.jpg,《财神-来客》,God of Wealth - Visitor,https://huangjiannan.artron.net/works_index_21,
279901b23290,images_raw/279901b23290.jpg,《超能量》,Super Energy,https://huangjiannan.artron.net/works_index_21,
fd385674583e,images_raw/fd385674583e.jpg,《量子射爆》,Quantum Blast,https://huangjiannan.artron.net/works_index_21,
cdc74335c731,images_raw/cdc74335c731.jpg,危险之花,Perilous Bloom,https://huangjiannan.artron.net/works_index_21,
87cb06976dd9,images_raw/87cb06976dd9.jpg,好山好水好风光,Beautiful Scenery,https://huangjiannan.artron.net/works_index_21,
7f350fb01a7f,images_raw/7f350fb01a7f.jpg,梦高原,Dream Plateau,https://huangjiannan.artron.net/works_index_21,
f899ee99ca43,images_raw/f899ee99ca43.jpg,风景这边独好,The Scenery Here Is Uniquely Beautiful,https://huangjiannan.artron.net/works_index_21,
9cf69d805f56,images_raw/9cf69d805f56.jpg,《丑角》,Clown,https://www.artmajeur.com/zh/yi-shu-pin/hui-hua,https://github.com/hmer-boop/multistage-affect/blob/main/data/release_subset_760/images/artmajeur/9cf69d805f56.jpg
3dc81be3aee9,images_raw/3dc81be3aee9.jpg,一段未指明的焦虑片段,An Unspecified Fragment of Anxiety,https://www.artmajeur.com/zh/yi-shu-pin/hui-hua,https://github.com/hmer-boop/multistage-affect/blob/main/data/release_subset_760/images/artmajeur/3dc81be3aee9.jpg
6a0d0a49234a,images_raw/6a0d0a49234a.jpg,下地狱,Descent into Hell,https://www.artmajeur.com/zh/yi-shu-pin/hui-hua,https://github.com/hmer-boop/multistage-affect/blob/main/data/release_subset_760/images/artmajeur/6a0d0a49234a.jpg
d4addde2ca14,images_raw/d4addde2ca14.jpg,不宜居的星球,Uninhabitable Planet,https://www.artmajeur.com/zh/yi-shu-pin/hui-hua,https://github.com/hmer-boop/multistage-affect/blob/main/data/release_subset_760/images/artmajeur/d4addde2ca14.jpg
315a945823c3,images_raw/315a945823c3.jpg,乡村的一部分,A Part of the Countryside,https://www.artmajeur.com/zh/yi-shu-pin/hui-hua,https://github.com/hmer-boop/multistage-affect/blob/main/data/release_subset_760/images/artmajeur/315a945823c3.jpg
752d3ecc01d4,images_raw/752d3ecc01d4.jpg,他的秘密信息未被听见,His Secret Message Unheard,https://www.artmajeur.com/zh/yi-shu-pin/hui-hua,https://github.com/hmer-boop/multistage-affect/blob/main/data/release_subset_760/images/artmajeur/752d3ecc01d4.jpg
b7fbd2171438,images_raw/b7fbd2171438.jpg,优越动物 狗记者,Superior Animal: Dog Reporter,https://www.artmajeur.com/zh/yi-shu-pin/hui-hua,https://github.com/hmer-boop/multistage-affect/blob/main/data/release_subset_760/images/artmajeur/b7fbd2171438.jpg
429f6fb5a363,images_raw/429f6fb5a363.jpg,你在沉默中哭泣,Crying in Silence,https://www.artmajeur.com/zh/yi-shu-pin/hui-hua,https://github.com/hmer-boop/multistage-affect/blob/main/data/release_subset_760/images/artmajeur/429f6fb5a363.jpg
738e26e9da4b,images_raw/738e26e9da4b.jpg,光之印记,Imprint of Light,https://www.artmajeur.com/zh/yi-shu-pin/hui-hua,https://github.com/hmer-boop/multistage-affect/blob/main/data/release_subset_760/images/artmajeur/738e26e9da4b.jpg
c53eb2a3583f,images_raw/c53eb2a3583f.jpg,入侵者,Intruder,https://www.artmajeur.com/zh/yi-shu-pin/hui-hua,https://github.com/hmer-boop/multistage-affect/blob/main/data/release_subset_760/images/artmajeur/c53eb2a3583f.jpg
976844de6774,images_raw/976844de6774.jpg,冰湖渔火,Fishing Lights on the Ice Lake,https://www.artmajeur.com/zh/yi-shu-pin/hui-hua,https://github.com/hmer-boop/multistage-affect/blob/main/data/release_subset_760/images/artmajeur/976844de6774.jpg
3bf941aeddac,images_raw/3bf941aeddac.jpg,初兆,First Omen,https://www.artmajeur.com/zh/yi-shu-pin/hui-hua,https://github.com/hmer-boop/multistage-affect/blob/main/data/release_subset_760/images/artmajeur/3bf941aeddac.jpg
3a87827d7ef4,images_raw/3a87827d7ef4.jpg,刺痛,Sting,https://www.artmajeur.com/zh/yi-shu-pin/hui-hua,https://github.com/hmer-boop/multistage-affect/blob/main/data/release_subset_760/images/artmajeur/3a87827d7ef4.jpg
ef4b4bde1c17,images_raw/ef4b4bde1c17.jpg,加油泵,Fuel Pump,https://www.artmajeur.com/zh/yi-shu-pin/hui-hua,https://github.com/hmer-boop/multistage-affect/blob/main/data/release_subset_760/images/artmajeur/ef4b4bde1c17.jpg
06bd12237c02,images_raw/06bd12237c02.jpg,十二怒汉与红衣女士,Twelve Angry Men and the Lady in Red,https://www.artmajeur.com/zh/yi-shu-pin/hui-hua,https://github.com/hmer-boop/multistage-affect/blob/main/data/release_subset_760/images/artmajeur/06bd12237c02.jpg
6e47216a7a6c,images_raw/6e47216a7a6c.jpg,午后的街口,Afternoon Street Corner,https://www.artmajeur.com/zh/yi-shu-pin/hui-hua,https://github.com/hmer-boop/multistage-affect/blob/main/data/release_subset_760/images/artmajeur/6e47216a7a6c.jpg
43137ec12098,images_raw/43137ec12098.jpg,双影,Dual Shadows,https://www.artmajeur.com/zh/yi-shu-pin/hui-hua,https://github.com/hmer-boop/multistage-affect/blob/main/data/release_subset_760/images/artmajeur/43137ec12098.jpg
6e4f70e87e2a,images_raw/6e4f70e87e2a.jpg,双胞胎,Twins,https://www.artmajeur.com/zh/yi-shu-pin/hui-hua,https://github.com/hmer-boop/multistage-affect/blob/main/data/release_subset_760/images/artmajeur/6e4f70e87e2a.jpg
d0fc09c944a0,images_raw/d0fc09c944a0.jpg,名牌,Famous Brand,https://www.artmajeur.com/zh/yi-shu-pin/hui-hua,https://github.com/hmer-boop/multistage-affect/blob/main/data/release_subset_760/images/artmajeur/d0fc09c944a0.jpg
c82ef27f1f7e,images_raw/c82ef27f1f7e.jpg,喜迎东方日出,Welcoming the Eastern Sunrise,https://www.artmajeur.com/zh/yi-shu-pin/hui-hua,https://github.com/hmer-boop/multistage-affect/blob/main/data/release_subset_760/images/artmajeur/c82ef27f1f7e.jpg
bdfe89b7480e,images_raw/bdfe89b7480e.jpg,在梦的波涛中翱翔,Soaring in the Waves of Dreams,https://www.artmajeur.com/zh/yi-shu-pin/hui-hua,https://github.com/hmer-boop/multistage-affect/blob/main/data/release_subset_760/images/artmajeur/bdfe89b7480e.jpg
7c0f26de920c,images_raw/7c0f26de920c.jpg,夜行者,夜行者,https://www.artmajeur.com/zh/yi-shu-pin/hui-hua,https://github.com/hmer-boop/multistage-affect/blob/main/data/release_subset_760/images/artmajeur/7c0f26de920c.jpg
b07e178970f7,images_raw/b07e178970f7.jpg,大地灵魂 1,大地灵魂 1,https://www.artmajeur.com/zh/yi-shu-pin/hui-hua,https://github.com/hmer-boop/multistage-affect/blob/main/data/release_subset_760/images/artmajeur/b07e178970f7.jpg
2ea9c1d217a9,images_raw/2ea9c1d217a9.jpg,天边草原的来客,Visitor from the Distant Grassland,https://www.artmajeur.com/zh/yi-shu-pin/hui-hua,https://github.com/hmer-boop/multistage-affect/blob/main/data/release_subset_760/images/artmajeur/2ea9c1d217a9.jpg
40e216c47afa,images_raw/40e216c47afa.jpg,失落的幻影,失落的幻影,https://www.artmajeur.com/zh/yi-shu-pin/hui-hua,https://github.com/hmer-boop/multistage-affect/blob/main/data/release_subset_760/images/artmajeur/40e216c47afa.jpg
4c717b62cd99,images_raw/4c717b62cd99.jpg,好好学习,Study Hard,https://www.artmajeur.com/zh/yi-shu-pin/hui-hua,https://github.com/hmer-boop/multistage-affect/blob/main/data/release_subset_760/images/artmajeur/4c717b62cd99.jpg
30ce1b91bbc2,images_raw/30ce1b91bbc2.jpg,孩子与蓝鸟,Child and Bluebird,https://www.artmajeur.com/zh/yi-shu-pin/hui-hua,https://github.com/hmer-boop/multistage-affect/blob/main/data/release_subset_760/images/artmajeur/30ce1b91bbc2.jpg
a07976bbfe5f,images_raw/a07976bbfe5f.jpg,巅峰,Peak,https://www.artmajeur.com/zh/yi-shu-pin/hui-hua,https://github.com/hmer-boop/multistage-affect/blob/main/data/release_subset_760/images/artmajeur/a07976bbfe5f.jpg
9a91a38ec8f1,images_raw/9a91a38ec8f1.jpg,巅峰 2,Pinnacle 2,https://www.artmajeur.com/zh/yi-shu-pin/hui-hua,https://github.com/hmer-boop/multistage-affect/blob/main/data/release_subset_760/images/artmajeur/9a91a38ec8f1.jpg
14d14c27e978,images_raw/14d14c27e978.jpg,幽灵,Phantom,https://www.artmajeur.com/zh/yi-shu-pin/hui-hua,https://github.com/hmer-boop/multistage-affect/blob/main/data/release_subset_760/images/artmajeur/14d14c27e978.jpg
4fa23acb4c42,images_raw/4fa23acb4c42.jpg,当中国觉醒，整个世界将颤抖,"When China Awakens, the World Will Tremble",https://www.artmajeur.com/zh/yi-shu-pin/hui-hua,https://github.com/hmer-boop/multistage-affect/blob/main/data/release_subset_760/images/artmajeur/4fa23acb4c42.jpg
339520abb056,images_raw/339520abb056.jpg,怀旧的对称,Nostalgic Symmetry,https://www.artmajeur.com/zh/yi-shu-pin/hui-hua,https://github.com/hmer-boop/multistage-affect/blob/main/data/release_subset_760/images/artmajeur/339520abb056.jpg
bd2e9a0420fb,images_raw/bd2e9a0420fb.jpg,情侣,Couple,https://www.artmajeur.com/zh/yi-shu-pin/hui-hua,https://github.com/hmer-boop/multistage-affect/blob/main/data/release_subset_760/images/artmajeur/bd2e9a0420fb.jpg
fa62a47efda1,images_raw/fa62a47efda1.jpg,愚人类,Foolish Humanity,https://www.artmajeur.com/zh/yi-shu-pin/hui-hua,https://github.com/hmer-boop/multistage-affect/blob/main/data/release_subset_760/images/artmajeur/fa62a47efda1.jpg
ec9fddf3dd86,images_raw/ec9fddf3dd86.jpg,愤怒的花朵崩溃,Flowers of Rage Collapse,https://www.artmajeur.com/zh/yi-shu-pin/hui-hua,https://github.com/hmer-boop/multistage-affect/blob/main/data/release_subset_760/images/artmajeur/ec9fddf3dd86.jpg
150d2290490e,images_raw/150d2290490e.jpg,懂得如何着手,Knowing How to Begin,https://www.artmajeur.com/zh/yi-shu-pin/hui-hua,https://github.com/hmer-boop/multistage-affect/blob/main/data/release_subset_760/images/artmajeur/150d2290490e.jpg
feda6912b8fb,images_raw/feda6912b8fb.jpg,我的美丽花园！,My Beautiful Garden!,https://www.artmajeur.com/zh/yi-shu-pin/hui-hua,https://github.com/hmer-boop/multistage-affect/blob/main/data/release_subset_760/images/artmajeur/feda6912b8fb.jpg
177248a0aa54,images_raw/177248a0aa54.jpg,把飞鱼关进笼子里,Caging the Flying Fish,https://www.artmajeur.com/zh/yi-shu-pin/hui-hua,https://github.com/hmer-boop/multistage-affect/blob/main/data/release_subset_760/images/artmajeur/177248a0aa54.jpg
a25d6a92a788,images_raw/a25d6a92a788.jpg,抢救生命,Saving Lives,https://www.artmajeur.com/zh/yi-shu-pin/hui-hua,https://github.com/hmer-boop/multistage-affect/blob/main/data/release_subset_760/images/artmajeur/a25d6a92a788.jpg
3a775e620d08,images_raw/3a775e620d08.jpg,拙劣的时光,Awkward Times,https://www.artmajeur.com/zh/yi-shu-pin/hui-hua,https://github.com/hmer-boop/multistage-affect/blob/main/data/release_subset_760/images/artmajeur/3a775e620d08.jpg
e69a9936e666,images_raw/e69a9936e666.jpg,描绘圆圈,Depicting Circles,https://www.artmajeur.com/zh/yi-shu-pin/hui-hua,https://github.com/hmer-boop/multistage-affect/blob/main/data/release_subset_760/images/artmajeur/e69a9936e666.jpg
b50f282ba6de,images_raw/b50f282ba6de.jpg,撒尼斗牛文化节,Sani Bullfighting Festival,https://www.artmajeur.com/zh/yi-shu-pin/hui-hua,https://github.com/hmer-boop/multistage-affect/blob/main/data/release_subset_760/images/artmajeur/b50f282ba6de.jpg
50a82e02bdcb,images_raw/50a82e02bdcb.jpg,救命，爸爸,"Help, Dad",https://www.artmajeur.com/zh/yi-shu-pin/hui-hua,https://github.com/hmer-boop/multistage-affect/blob/main/data/release_subset_760/images/artmajeur/50a82e02bdcb.jpg
2e68c13988f9,images_raw/2e68c13988f9.jpg,无处的希望,Hope in Nowhere,https://www.artmajeur.com/zh/yi-shu-pin/hui-hua,https://github.com/hmer-boop/multistage-affect/blob/main/data/release_subset_760/images/artmajeur/2e68c13988f9.jpg
9d7e20c0637e,images_raw/9d7e20c0637e.jpg,机械神灵,Mechanical Deity,https://www.artmajeur.com/zh/yi-shu-pin/hui-hua,https://github.com/hmer-boop/multistage-affect/blob/main/data/release_subset_760/images/artmajeur/9d7e20c0637e.jpg
0303fa35c506,images_raw/0303fa35c506.jpg,桃花源,Peach Blossom Spring,https://www.artmajeur.com/zh/yi-shu-pin/hui-hua,https://github.com/hmer-boop/multistage-affect/blob/main/data/release_subset_760/images/artmajeur/0303fa35c506.jpg
7c15216a356d,images_raw/7c15216a356d.jpg,森林中的鹿,Deer in the Forest,https://www.artmajeur.com/zh/yi-shu-pin/hui-hua,https://github.com/hmer-boop/multistage-affect/blob/main/data/release_subset_760/images/artmajeur/7c15216a356d.jpg
936ee0ee21e4,images_raw/936ee0ee21e4.jpg,歌剧歌手,Opera Singer,https://www.artmajeur.com/zh/yi-shu-pin/hui-hua,https://github.com/hmer-boop/multistage-affect/blob/main/data/release_subset_760/images/artmajeur/936ee0ee21e4.jpg
42dbb4c4a1c4,images_raw/42dbb4c4a1c4.jpg,武松与虎斗,Wu Song Fights the Tiger,https://www.artmajeur.com/zh/yi-shu-pin/hui-hua,https://github.com/hmer-boop/multistage-affect/blob/main/data/release_subset_760/images/artmajeur/42dbb4c4a1c4.jpg
886d55758537,images_raw/886d55758537.jpg,母女图,Mother and Daughter,https://www.artmajeur.com/zh/yi-shu-pin/hui-hua,https://github.com/hmer-boop/multistage-affect/blob/main/data/release_subset_760/images/artmajeur/886d55758537.jpg
390d8eaa5b8d,images_raw/390d8eaa5b8d.jpg,比天空广阔的是胸怀,A Heart Broader Than the Sky,https://www.artmajeur.com/zh/yi-shu-pin/hui-hua,https://github.com/hmer-boop/multistage-affect/blob/main/data/release_subset_760/images/artmajeur/390d8eaa5b8d.jpg
d967704a5a81,images_raw/d967704a5a81.jpg,民谣,Ballad,https://www.artmajeur.com/zh/yi-shu-pin/hui-hua,https://github.com/hmer-boop/multistage-affect/blob/main/data/release_subset_760/images/artmajeur/d967704a5a81.jpg
55552ff4cf01,images_raw/55552ff4cf01.jpg,水果碗,Fruit Bowl,https://www.artmajeur.com/zh/yi-shu-pin/hui-hua,https://github.com/hmer-boop/multistage-affect/blob/main/data/release_subset_760/images/artmajeur/55552ff4cf01.jpg
7a7fbbe27bf0,images_raw/7a7fbbe27bf0.jpg,永恒的遗憾,Eternal Regret,https://www.artmajeur.com/zh/yi-shu-pin/hui-hua,https://github.com/hmer-boop/multistage-affect/blob/main/data/release_subset_760/images/artmajeur/7a7fbbe27bf0.jpg
9fd8b50fced7,images_raw/9fd8b50fced7.jpg,沧浪之石,Stone of the Canglang,https://www.artmajeur.com/zh/yi-shu-pin/hui-hua,https://github.com/hmer-boop/multistage-affect/blob/main/data/release_subset_760/images/artmajeur/9fd8b50fced7.jpg
0b7b583f2dad,images_raw/0b7b583f2dad.jpg,注意，脆弱！,"Caution, Fragile!",https://www.artmajeur.com/zh/yi-shu-pin/hui-hua,https://github.com/hmer-boop/multistage-affect/blob/main/data/release_subset_760/images/artmajeur/0b7b583f2dad.jpg
9c85df9ec3f4,images_raw/9c85df9ec3f4.jpg,海上的黎明,Dawn at Sea,https://www.artmajeur.com/zh/yi-shu-pin/hui-hua,https://github.com/hmer-boop/multistage-affect/blob/main/data/release_subset_760/images/artmajeur/9c85df9ec3f4.jpg
4005c06befe7,images_raw/4005c06befe7.jpg,渐逝的梦,Fading Dream,https://www.artmajeur.com/zh/yi-shu-pin/hui-hua,https://github.com/hmer-boop/multistage-affect/blob/main/data/release_subset_760/images/artmajeur/4005c06befe7.jpg
e7fa6fec758e,images_raw/e7fa6fec758e.jpg,火车工,Train Worker,https://www.artmajeur.com/zh/yi-shu-pin/hui-hua,https://github.com/hmer-boop/multistage-affect/blob/main/data/release_subset_760/images/artmajeur/e7fa6fec758e.jpg
f86f7f65b5a8,images_raw/f86f7f65b5a8.jpg,爱猫爱狗爱宠物,"Love Cats, Love Dogs, Love Pets",https://www.artmajeur.com/zh/yi-shu-pin/hui-hua,https://github.com/hmer-boop/multistage-affect/blob/main/data/release_subset_760/images/artmajeur/f86f7f65b5a8.jpg
e8a22fc271c3,images_raw/e8a22fc271c3.jpg,牛&羊&马,"Cattle, Sheep, and Horse",https://www.artmajeur.com/zh/yi-shu-pin/hui-hua,https://github.com/hmer-boop/multistage-affect/blob/main/data/release_subset_760/images/artmajeur/e8a22fc271c3.jpg
e12380e35ca6,images_raw/e12380e35ca6.jpg,牛头怪,Minotaur,https://www.artmajeur.com/zh/yi-shu-pin/hui-hua,https://github.com/hmer-boop/multistage-affect/blob/main/data/release_subset_760/images/artmajeur/e12380e35ca6.jpg
4c8e20323835,images_raw/4c8e20323835.jpg,生存还是毁灭 II,To Be or Not to Be II,https://www.artmajeur.com/zh/yi-shu-pin/hui-hua,https://github.com/hmer-boop/multistage-affect/blob/main/data/release_subset_760/images/artmajeur/4c8e20323835.jpg
c98ca76d543c,images_raw/c98ca76d543c.jpg,疯狂的腿,Crazy Legs,https://www.artmajeur.com/zh/yi-shu-pin/hui-hua,https://github.com/hmer-boop/multistage-affect/blob/main/data/release_subset_760/images/artmajeur/c98ca76d543c.jpg
eb62df0eaf42,images_raw/eb62df0eaf42.jpg,瘟疫降临,The Plague Arrives,https://www.artmajeur.com/zh/yi-shu-pin/hui-hua,https://github.com/hmer-boop/multistage-affect/blob/main/data/release_subset_760/images/artmajeur/eb62df0eaf42.jpg
4740a2f42eaa,images_raw/4740a2f42eaa.jpg,祷,Prayer,https://www.artmajeur.com/zh/yi-shu-pin/hui-hua,https://github.com/hmer-boop/multistage-affect/blob/main/data/release_subset_760/images/artmajeur/4740a2f42eaa.jpg
27ed1b1b7073,images_raw/27ed1b1b7073.jpg,离谱的红色残余,Absurd Red Remnants,https://www.artmajeur.com/zh/yi-shu-pin/hui-hua,https://github.com/hmer-boop/multistage-affect/blob/main/data/release_subset_760/images/artmajeur/27ed1b1b7073.jpg
eede7cad3046,images_raw/eede7cad3046.jpg,穿过夜的我的光,My Light Through the Night,https://www.artmajeur.com/zh/yi-shu-pin/hui-hua,https://github.com/hmer-boop/multistage-affect/blob/main/data/release_subset_760/images/artmajeur/eede7cad3046.jpg
64c1174c0062,images_raw/64c1174c0062.jpg,窗户,Window,https://www.artmajeur.com/zh/yi-shu-pin/hui-hua,https://github.com/hmer-boop/multistage-affect/blob/main/data/release_subset_760/images/artmajeur/64c1174c0062.jpg
b231b28e9379,images_raw/b231b28e9379.jpg,类比谜题,Analog Puzzle,https://www.artmajeur.com/zh/yi-shu-pin/hui-hua,https://github.com/hmer-boop/multistage-affect/blob/main/data/release_subset_760/images/artmajeur/b231b28e9379.jpg
a8be5b1177b3,images_raw/a8be5b1177b3.jpg,紫色中的死亡,Death in Purple,https://www.artmajeur.com/zh/yi-shu-pin/hui-hua,https://github.com/hmer-boop/multistage-affect/blob/main/data/release_subset_760/images/artmajeur/a8be5b1177b3.jpg
bd8854389702,images_raw/bd8854389702.jpg,肮脏的思维,Dirty Mind,https://www.artmajeur.com/zh/yi-shu-pin/hui-hua,https://github.com/hmer-boop/multistage-affect/blob/main/data/release_subset_760/images/artmajeur/bd8854389702.jpg
d5e60afbccdb,images_raw/d5e60afbccdb.jpg,自由金笼,Golden Cage of Freedom,https://www.artmajeur.com/zh/yi-shu-pin/hui-hua,https://github.com/hmer-boop/multistage-affect/blob/main/data/release_subset_760/images/artmajeur/d5e60afbccdb.jpg
bb4ca760e4bf,images_raw/bb4ca760e4bf.jpg,艰难的轨迹,Difficult Path,https://www.artmajeur.com/zh/yi-shu-pin/hui-hua,https://github.com/hmer-boop/multistage-affect/blob/main/data/release_subset_760/images/artmajeur/bb4ca760e4bf.jpg
63d8f42527b0,images_raw/63d8f42527b0.jpg,花之少女请教,Floral Maiden's Inquiry,https://www.artmajeur.com/zh/yi-shu-pin/hui-hua,https://github.com/hmer-boop/multistage-affect/blob/main/data/release_subset_760/images/artmajeur/63d8f42527b0.jpg
aeef57584fe0,images_raw/aeef57584fe0.jpg,草堂,Thatched Cottage,https://www.artmajeur.com/zh/yi-shu-pin/hui-hua,https://github.com/hmer-boop/multistage-affect/blob/main/data/release_subset_760/images/artmajeur/aeef57584fe0.jpg
24fdad87bf82,images_raw/24fdad87bf82.jpg,被遗忘的玩具,Forgotten Toys,https://www.artmajeur.com/zh/yi-shu-pin/hui-hua,https://github.com/hmer-boop/multistage-affect/blob/main/data/release_subset_760/images/artmajeur/24fdad87bf82.jpg
577062aa1b17,images_raw/577062aa1b17.jpg,身体与灵魂,Body and Soul,https://www.artmajeur.com/zh/yi-shu-pin/hui-hua,https://github.com/hmer-boop/multistage-affect/blob/main/data/release_subset_760/images/artmajeur/577062aa1b17.jpg
b8e6b93cca53,images_raw/b8e6b93cca53.jpg,运气,Luck,https://www.artmajeur.com/zh/yi-shu-pin/hui-hua,https://github.com/hmer-boop/multistage-affect/blob/main/data/release_subset_760/images/artmajeur/b8e6b93cca53.jpg
4d82ca84cd23,images_raw/4d82ca84cd23.jpg,逆流而上！,Against the Current!,https://www.artmajeur.com/zh/yi-shu-pin/hui-hua,https://github.com/hmer-boop/multistage-affect/blob/main/data/release_subset_760/images/artmajeur/4d82ca84cd23.jpg
f303b15c874f,images_raw/f303b15c874f.jpg,锁闭,Enclosure,https://www.artmajeur.com/zh/yi-shu-pin/hui-hua,https://github.com/hmer-boop/multistage-affect/blob/main/data/release_subset_760/images/artmajeur/f303b15c874f.jpg
a7d5207f9ea6,images_raw/a7d5207f9ea6.jpg,闭嘴！,Shut Up!,https://www.artmajeur.com/zh/yi-shu-pin/hui-hua,https://github.com/hmer-boop/multistage-affect/blob/main/data/release_subset_760/images/artmajeur/a7d5207f9ea6.jpg
80706b0a7e10,images_raw/80706b0a7e10.jpg,集市,Market,https://www.artmajeur.com/zh/yi-shu-pin/hui-hua,https://github.com/hmer-boop/multistage-affect/blob/main/data/release_subset_760/images/artmajeur/80706b0a7e10.jpg
4e22cb6f04b9,images_raw/4e22cb6f04b9.jpg,馊主意,Bad Idea,https://www.artmajeur.com/zh/yi-shu-pin/hui-hua,https://github.com/hmer-boop/multistage-affect/blob/main/data/release_subset_760/images/artmajeur/4e22cb6f04b9.jpg
9d602bffd5f2,images_raw/9d602bffd5f2.jpg,高原红,Plateau Red,https://www.artmajeur.com/zh/yi-shu-pin/hui-hua,https://github.com/hmer-boop/multistage-affect/blob/main/data/release_subset_760/images/artmajeur/9d602bffd5f2.jpg
42719eb12cd8,images_raw/42719eb12cd8.jpg,魔法之夜,Magic Night,https://www.artmajeur.com/zh/yi-shu-pin/hui-hua,https://github.com/hmer-boop/multistage-affect/blob/main/data/release_subset_760/images/artmajeur/42719eb12cd8.jpg
ffd061445b8d,images_raw/ffd061445b8d.jpg,《绿马踏冠毒》,Green Horse Trampling the Crown of Poison,https://theartling.com/en/art/painting,
be9bef105d82,images_raw/be9bef105d82.jpg,三个文人,Three Scholars,https://theartling.com/en/art/painting,
4d377634cd30,images_raw/4d377634cd30.jpg,不可能的邂逅,Impossible Encounter,https://theartling.com/en/art/painting,
2f0f3f900c84,images_raw/2f0f3f900c84.jpg,不安的房间,Uneasy Room,https://theartling.com/en/art/painting,
9a269e54660f,images_raw/9a269e54660f.jpg,世界之王,King of the World,https://theartling.com/en/art/painting,
cb4e436c421a,images_raw/cb4e436c421a.jpg,丛林夜停,Jungle Night Stop,https://theartling.com/en/art/painting,
a987f6dd98e2,images_raw/a987f6dd98e2.jpg,东方之子,Child of the East,https://theartling.com/en/art/painting,
a5cee8a3ab8e,images_raw/a5cee8a3ab8e.jpg,东方红,The East is Red,https://theartling.com/en/art/painting,
7bb2674c7d1b,images_raw/7bb2674c7d1b.jpg,五月长白,May in Changbai,https://theartling.com/en/art/painting,
249f7c52bd5d,images_raw/249f7c52bd5d.jpg,以梦为马,Ride the Dream,https://theartling.com/en/art/painting,
38ba9f1aa8e4,images_raw/38ba9f1aa8e4.jpg,任何一天,Any Day,https://theartling.com/en/art/painting,
c497f0063c46,images_raw/c497f0063c46.jpg,佛香瞻相,Buddha's Fragrant Gaze,https://theartling.com/en/art/painting,
4283fc65cf83,images_raw/4283fc65cf83.jpg,信仰赋予翅膀,Faith Gives Wings,https://theartling.com/en/art/painting,
012fd97b40ea,images_raw/012fd97b40ea.jpg,傲慢,Arrogance,https://theartling.com/en/art/painting,
c17bb6b8e44e,images_raw/c17bb6b8e44e.jpg,光的闪耀,Sparkle of Light,https://theartling.com/en/art/painting,
631328243339,images_raw/631328243339.jpg,入侵者,Intruder,https://theartling.com/en/art/painting,
676e92cd763f,images_raw/676e92cd763f.jpg,公牛与舞者,Bull and Dancer,https://theartling.com/en/art/painting,
e4b69a80f90c,images_raw/e4b69a80f90c.jpg,冲动,Impulse,https://theartling.com/en/art/painting,
e160446a1747,images_raw/e160446a1747.jpg,占有,Possession,https://theartling.com/en/art/painting,
0fb2edbb4285,images_raw/0fb2edbb4285.jpg,卡特兰海滩,Catalan Beach,https://theartling.com/en/art/painting,
75e059b33175,images_raw/75e059b33175.jpg,友谊是神圣的,Friendship is Sacred,https://theartling.com/en/art/painting,
cd4dd577dc2a,images_raw/cd4dd577dc2a.jpg,反向的鱼,Fish in Reverse,https://theartling.com/en/art/painting,
f6c940900d0f,images_raw/f6c940900d0f.jpg,向太阳致敬,Salute to the Sun,https://theartling.com/en/art/painting,
331d1e490982,images_raw/331d1e490982.jpg,嗷叫,Howl,https://theartling.com/en/art/painting,
ad6225cb3b55,images_raw/ad6225cb3b55.jpg,囚徒,Prisoner,https://theartling.com/en/art/painting,
7c548d73776a,images_raw/7c548d73776a.jpg,困局,Predicament,https://theartling.com/en/art/painting,
f42bae375c68,images_raw/f42bae375c68.jpg,圣人之墓,Tomb of the Sage,https://theartling.com/en/art/painting,
9a2d71facbfa,images_raw/9a2d71facbfa.jpg,在清泉的水中,In the Clear Spring Water,https://theartling.com/en/art/painting,
50d7e202a650,images_raw/50d7e202a650.jpg,在湖边玩耍,Playing by the Lake,https://theartling.com/en/art/painting,
74fcf37aaf27,images_raw/74fcf37aaf27.jpg,外太空贺卡 4,Space Postcard 4,https://theartling.com/en/art/painting,
6195aa32b2eb,images_raw/6195aa32b2eb.jpg,夜之眼,Eye of the Night,https://theartling.com/en/art/painting,
349710bdf95b,images_raw/349710bdf95b.jpg,大地灵魂 2,大地灵魂 2,https://theartling.com/en/art/painting,
ab33bbd55ad5,images_raw/ab33bbd55ad5.jpg,奇妙的逃避,Marvelous Escape,https://theartling.com/en/art/painting,
0ec3a3bd55bb,images_raw/0ec3a3bd55bb.jpg,孤独的漫步,Solitary Stroll,https://theartling.com/en/art/painting,
65c87f971f0a,images_raw/65c87f971f0a.jpg,小恶魔的玩具,Little Devil’s Toy,https://theartling.com/en/art/painting,
f0c4f3857c85,images_raw/f0c4f3857c85.jpg,征服，第二阶段,"Conquest, Second Stage",https://theartling.com/en/art/painting,
6a97f793926e,images_raw/6a97f793926e.jpg,心事鸟相知,Birds of the Heart,https://theartling.com/en/art/painting,
3610cd44fa81,images_raw/3610cd44fa81.jpg,悲伤的小丑,Sad Clown,https://theartling.com/en/art/painting,
2bed6c4e4715,images_raw/2bed6c4e4715.jpg,我保护你，我的儿子,"I Protect You, My Son",https://theartling.com/en/art/painting,
21542c5ac543,images_raw/21542c5ac543.jpg,我想要和平，而不是眼泪,"I Want Peace, Not Tears",https://theartling.com/en/art/painting,
e295ccec406f,images_raw/e295ccec406f.jpg,我的朋友自闭症者,My Friend with Autism,https://theartling.com/en/art/painting,
5ddffd24eba9,images_raw/5ddffd24eba9.jpg,战争,War,https://theartling.com/en/art/painting,
c4013276a121,images_raw/c4013276a121.jpg,所有的表演都有结束！,Every Performance Has an End!,https://theartling.com/en/art/painting,
63700d00e7bc,images_raw/63700d00e7bc.jpg,抱宠物的家庭,Family with Pets,https://theartling.com/en/art/painting,
8f247532821e,images_raw/8f247532821e.jpg,拆,Dismantle,https://theartling.com/en/art/painting,
d1d1cc8a6540,images_raw/d1d1cc8a6540.jpg,拥抱,Embrace,https://theartling.com/en/art/painting,
183674d32892,images_raw/183674d32892.jpg,摔跤者,Wrestler,https://theartling.com/en/art/painting,
a7cbf23fc15c,images_raw/a7cbf23fc15c.jpg,教士,Priest,https://theartling.com/en/art/painting,
6505d0742fc8,images_raw/6505d0742fc8.jpg,文人,Scholar,https://theartling.com/en/art/painting,
f96ec088c4a6,images_raw/f96ec088c4a6.jpg,无罪的惩罚,Innocent Punishment,https://theartling.com/en/art/painting,
fdef53084dda,images_raw/fdef53084dda.jpg,日出,Sunrise,https://theartling.com/en/art/painting,
a79ff7013cd8,images_raw/a79ff7013cd8.jpg,早春记事,Early Spring Chronicles,https://theartling.com/en/art/painting,
7ccbf4d30534,images_raw/7ccbf4d30534.jpg,是的，我能,"Yes, I Can",https://theartling.com/en/art/painting,
2c62d9b12c2b,images_raw/2c62d9b12c2b.jpg,月光河,Moonlight River,https://theartling.com/en/art/painting,
2a288cf75bb4,images_raw/2a288cf75bb4.jpg,月球之旅,Journey to the Moon,https://theartling.com/en/art/painting,
d11570f99aea,images_raw/d11570f99aea.jpg,未来的幽灵,Specters of the Future,https://theartling.com/en/art/painting,
c66e94da3f40,images_raw/c66e94da3f40.jpg,柔软的匕首,Soft Dagger,https://theartling.com/en/art/painting,
123e3b04176b,images_raw/123e3b04176b.jpg,树上的诗人,Poet in the Tree,https://theartling.com/en/art/painting,
22369fd59f70,images_raw/22369fd59f70.jpg,梦魇_孵化者,Nightmare Hatcher,https://theartling.com/en/art/painting,
edc19e73b81e,images_raw/edc19e73b81e.jpg,此路不通,Dead End,https://theartling.com/en/art/painting,
ee4282fd3b2c,images_raw/ee4282fd3b2c.jpg,死后的生活,Afterlife,https://theartling.com/en/art/painting,
55df3a8a7f8b,images_raw/55df3a8a7f8b.jpg,水滑行,Water Gliding,https://theartling.com/en/art/painting,
4c25ac9780ad,images_raw/4c25ac9780ad.jpg,永恒的爱侣,Eternal Lovers,https://theartling.com/en/art/painting,
231546034e19,images_raw/231546034e19.jpg,永远快乐的士兵！,Forever Happy Soldier!,https://theartling.com/en/art/painting,
297676566b29,images_raw/297676566b29.jpg,沉船,Shipwreck,https://theartling.com/en/art/painting,
7ef5d7f6c97c,images_raw/7ef5d7f6c97c.jpg,没有什么是不可能的,Nothing Is Impossible,https://theartling.com/en/art/painting,
81f21b9d1214,images_raw/81f21b9d1214.jpg,清算时刻,Moment of Reckoning,https://theartling.com/en/art/painting,
515a5b3133a9,images_raw/515a5b3133a9.jpg,火灾,Fire,https://theartling.com/en/art/painting,
f5d6ddef0a0f,images_raw/f5d6ddef0a0f.jpg,热情的女王,Passionate Queen,https://theartling.com/en/art/painting,
55974b8d0005,images_raw/55974b8d0005.jpg,献祭,Sacrifice,https://theartling.com/en/art/painting,
a134c9d00012,images_raw/a134c9d00012.jpg,献祭,Offering,https://theartling.com/en/art/painting,
e6c482d8371e,images_raw/e6c482d8371e.jpg,珍藏,Treasure,https://theartling.com/en/art/painting,
523e1fe9c615,images_raw/523e1fe9c615.jpg,疲惫的力量,The Power of Exhaustion,https://theartling.com/en/art/painting,
24d60792ad18,images_raw/24d60792ad18.jpg,痛苦的时间,Time of Suffering,https://theartling.com/en/art/painting,
d9012a023c02,images_raw/d9012a023c02.jpg,白沙滩的童年物语,Childhood Tales of the White Sand Beach,https://theartling.com/en/art/painting,
aec4586d58b1,images_raw/aec4586d58b1.jpg,私语,Whisper,https://theartling.com/en/art/painting,
0e1d769d2be4,images_raw/0e1d769d2be4.jpg,穿着古老服装的女人,Woman in Ancient Attire,https://theartling.com/en/art/painting,
b86ef5c6fdf9,images_raw/b86ef5c6fdf9.jpg,第一颗星星,The First Star,https://theartling.com/en/art/painting,
faa3326226b8,images_raw/faa3326226b8.jpg,紧急呼救 II,Emergency Call II,https://theartling.com/en/art/painting,
8878fac415a0,images_raw/8878fac415a0.jpg,腊冬雪韵,Winter Snow Charm,https://theartling.com/en/art/painting,
568cc7cdc478,images_raw/568cc7cdc478.jpg,自然编码 雾中的长颈鹿,Nature Code: Giraffe in the Mist,https://theartling.com/en/art/painting,
6ed0817ace1c,images_raw/6ed0817ace1c.jpg,至暗时刻,Darkest Hour,https://theartling.com/en/art/painting,
8a3efc48d07b,images_raw/8a3efc48d07b.jpg,舞者,Dancer,https://theartling.com/en/art/painting,
7b64927c8360,images_raw/7b64927c8360.jpg,良知之案,Case of Conscience,https://theartling.com/en/art/painting,
8754b997a1bf,images_raw/8754b997a1bf.jpg,艺伎 II,Geisha II,https://theartling.com/en/art/painting,
3d0784449964,images_raw/3d0784449964.jpg,花开见佛,Blossoms Reveal Buddha,https://theartling.com/en/art/painting,
51fa35bf4d09,images_raw/51fa35bf4d09.jpg,蓝色的沉思,Blue Contemplation,https://theartling.com/en/art/painting,
69de4e9b33ec,images_raw/69de4e9b33ec.jpg,蚁生,Ant Life,https://theartling.com/en/art/painting,
aa5e88096417,images_raw/aa5e88096417.jpg,被拒者,The Rejected,https://theartling.com/en/art/painting,
bce662082939,images_raw/bce662082939.jpg,要,Want,https://theartling.com/en/art/painting,
336ff7e5ccf8,images_raw/336ff7e5ccf8.jpg,记忆,Memory,https://theartling.com/en/art/painting,
81f6410d0bc7,images_raw/81f6410d0bc7.jpg,超人,Superman,https://theartling.com/en/art/painting,
776b4845431b,images_raw/776b4845431b.jpg,超越,Beyond,https://theartling.com/en/art/painting,
fc6792dea129,images_raw/fc6792dea129.jpg,跑,Run,https://theartling.com/en/art/painting,
50142a5ba6bb,images_raw/50142a5ba6bb.jpg,通往耶路撒冷的路上,On the Road to Jerusalem,https://theartling.com/en/art/painting,
5bebb336604e,images_raw/5bebb336604e.jpg,都市脉动1,Urban Pulse 1,https://theartling.com/en/art/painting,
8ca1fe82e404,images_raw/8ca1fe82e404.jpg,野性低语,Whispers of the Wild,https://theartling.com/en/art/painting,
4662671554db,images_raw/4662671554db.jpg,锦绣河山,Magnificent Landscape,https://theartling.com/en/art/painting,
f1968e5f13bd,images_raw/f1968e5f13bd.jpg,阴谋,Conspiracy,https://theartling.com/en/art/painting,
63f2d0524afc,images_raw/63f2d0524afc.jpg,陨石,Meteorite,https://theartling.com/en/art/painting,
6af04c4ce356,images_raw/6af04c4ce356.jpg,陷阱,Trap,https://theartling.com/en/art/painting,
ae3fa8bc7708,images_raw/ae3fa8bc7708.jpg,隆胸,Breast Augmentation,https://theartling.com/en/art/painting,
0b7ce89bacbf,images_raw/0b7ce89bacbf.jpg,随它去！,Let It Go!,https://theartling.com/en/art/painting,
dd385488dbc1,images_raw/dd385488dbc1.jpg,飞行,Flight,https://theartling.com/en/art/painting,
ba881c5ae274,images_raw/ba881c5ae274.jpg,鸡里有激素,Hormones in the Chicken,https://theartling.com/en/art/painting,
184be999791b,images_raw/184be999791b.jpg,鹦鹉与女性同行,Parrot and Woman Walking Together,https://theartling.com/en/art/painting,
